gender,name,variant,base_name,usage_note,declension,genitive,patr_old_m,patr_old_f,patr_m,patr_f,source
М,Аарон,Арон,,,"-а, м.; разг. Арон 2, -а.",Аарона,Ааронов,Ааронова,Ааронович,Аароновна,Словарь русских личных имен Петровского
М,Абагор,,,Стар. редк.,"-а, м. Стар. редк.",Абагора,Абагоров,Абагорова,Абагорович,Абагоровна,Словарь русских личных имен Петровского
М,Абакум,,Аввакум,Разг.,"-а, м. Разг. к Аввакум (см.).",Абакума,Абакумов,Абакумова,Аввакумович,Аввакумовна,(для варианта целевого современного отчества)
М,Абакум,,Аввакум,Разг.,"-а, м. Разг. к Аввакум (см.).",Абакума,Абакумов,Абакумова,Абакумович,Абакумовна,Словарь русских личных имен Петровского
М,Абамон,,,Стар. редк.,"-а, м. Стар. редк.",Абамона,Абамонов,Абамонова,Абамонович,Абамоновна,Словарь русских личных имен Петровского
М,Абдаикл,,,Стар. редк.,"-а, м. Стар. редк.",Абдаикла,Абдаиклов,Абдаиклова,Абдаиклович,Абдаикловна,Словарь русских личных имен Петровского
Ж,Абия,,Авия,Стар.,"-и, ж. Стар. форма имени Авия (см.).",Абии,,,,,Словарь русских личных имен Петровского
М,Абнодий,,,,,,Абнодьев,Абнодьева,Абнодиевич,Абнодиевна,"(для вариантов преобразования ""старого"" отчества в ""новое"")"
М,Абнодий,,,Стар. редк.,"-я, м. Стар. редк.",Абнодия,Абнодиев,Абнодиева,Абнодиевич,Абнодиевна,Словарь русских личных имен Петровского
М,Абрам,,Авраам,Разг.,"-а, м. Разг. к Авраам (см.).",Абрама,Абрамов,Абрамова,Авраамович,Авраамовна,(для варианта целевого современного отчества)
М,Абрам,,Авраам,Разг.,"-а, м. Разг. к Авраам (см.).",Абрама,Абрамов,Абрамова,Абрамович,Абрамовна,Словарь русских личных имен Петровского
М,Абрамий,,Авраамий,Разг.,"-я, м. Разг. к Авраамий (см.).",Абрамия,Абрамиев,Абрамиева,Авраамиевич,Авраамиевна,(для варианта целевого современного отчества)
М,Абрамий,,,,,,Абрамьев,Абрамьева,Абрамиевич,Абрамиевна,"(для вариантов преобразования ""старого"" отчества в ""новое"")"
М,Абрамий,,Авраамий,Разг.,"-я, м. Разг. к Авраамий (см.).",Абрамия,Абрамиев,Абрамиева,Абрамиевич,Абрамиевна,Словарь русских личных имен Петровского
М,Абросим,,Амвросий,Разг.,"-а, м.. Разг. к Амвросий (см.).",Абросима,Абросимов,Абросимова,Амвросиемич,Амвросиемовна,(для варианта целевого современного отчества)
М,Абросим,,Амвросий,Разг.,"-а, м.. Разг. к Амвросий (см.).",Абросима,Абросимов,Абросимова,Абросимович,Абросимовна,Словарь русских личных имен Петровского
М,Абсей,,Авсей,Стар. форма имени,"-я, м. Стар. форма имени Авсей  1 (см.)",Абсея,Абсеев,Абсеева,Авсеевич,Авсеевна,(для варианта целевого современного отчества)
М,Абсей,,Авсей,Стар. форма имени,"-я, м. Стар. форма имени Авсей  1 (см.)",Абсея,Абсеев,Абсеева,Абсеевич,Абсеевна,Словарь русских личных имен Петровского
М,Аввакир,,,Стар. редк.,"-а, м. Стар. редк.",Аввакира,Аввакиров,Аввакирова,Аввакирович,Аввакировна,Словарь русских личных имен Петровского
М,Аввакум,Абакум,,,"-а, м.; разг. Абакум, -а.",Аввакума,Аввакумов,Аввакумова,Аввакумович,Аввакумовна,Словарь русских личных имен Петровского
М,Авгурий,,,,,,Авгурьев,Авгурьева,Авгуриевич,Авгуриевна,"(для вариантов преобразования ""старого"" отчества в ""новое"")"
М,Авгурий,,,Стар. редк.,"-я, м. Стар. редк.",Авгурия,Авгуриев,Авгуриева,Авгуриевич,Авгуриевна,Словарь русских личных имен Петровского
М,Август,,Августин,Разг.,"-а, м. Разг. к Августин (см.).",Августа,Августов,Августова,Августинович,Августиновна,(для варианта целевого современного отчества)
М,Август,,Августин,Разг.,"-а, м. Разг. к Августин (см.).",Августа,Августов,Августова,Августович,Августовна,Словарь русских личных имен Петровского
Ж,Августа,Густа,,,"-ы, ж.; разг. Густа 1, -ы.",Августы,,,,,Словарь русских личных имен Петровского
М,Августин,Август,,,"-а, м.; разг. Август 2, -а.",Августина,Августинов,Августинова,Августинович,Августиновна,Словарь русских личных имен Петровского
Ж,Августина,Августа,,,"-ы, ж.; разг. Августа 2, -ы и Густа 2, -ы.",Августины,,,,,Словарь русских личных имен Петровского
М,Авда,,,Стар. редк.,"-ы, м. Стар. редк.",Авды,Авдин,Авдина,Авдич,Авдична,Словарь русских личных имен Петровского
М,Авдей,Авдий,,,"-я, м.; стар. Авдий, -я.",Авдея,Авдеев,Авдеева,Авдеевич,Авдеевна,Словарь русских личных имен Петровского
М,Авделай,,,Стар. редк.,"-я, м. Стар. редк.",Авделая,Авделаев,Авделаева,Авделаевич,Авделаевна,Словарь русских личных имен Петровского
М,Авдиес,,,Стар. редк.,"-а, м. Стар. редк.",Авдиеса,Авдиесов,Авдиесова,Авдиесович,Авдиесовна,Словарь русских личных имен Петровского
М,Авдий,,Авдей,Стар. форма имени,"-я, м. Стар. форма имени Авдей (см.).",Авдия,Авдиев,Авдиева,Авдеевич,Авдеевна,(для варианта целевого современного отчества)
М,Авдий,,Авдей,Стар. форма имени,"-я, м. Стар. форма имени Авдей (см.).",Авдия,Авдиев,Авдиева,Авдиевич,Авдиевна,Словарь русских личных имен Петровского
М,Авдикий,,,,,,Авдикьев,Авдикьева,Авдикиевич,Авдикиевна,"(для вариантов преобразования ""старого"" отчества в ""новое"")"
М,Авдикий,,,Стар. редк.,"-я, м. Стар. редк.; разг. Адикий, -я.",Авдикия,Авдикиев,Авдикиева,Авдикиевич,Авдикиевна,Словарь русских личных имен Петровского
М,Авдон,,,Стар. редк.,"-а, м. Стар. редк.",Авдона,Авдонов,Авдонова,Авдонович,Авдоновна,Словарь русских личных имен Петровского
Ж,Авдотья,,Евдокия,Народн.,"-и, ж. Народн. форма имени Евдокия (см.).",Авдотьи,,,,,Словарь русских личных имен Петровского
Ж,Авелина,,,,"-ы, ж. Заимств.",Авелины,,,,,Словарь русских личных имен Петровского
М,Авель,,,Стар. редк.,"-я, м. Стар. редк.",Авеля,Авелев,Авелева,Авелевич,Авелевна,Словарь русских личных имен Петровского
М,Авенир,Венир,,,"-а, м.; разг. Венир, -а.",Авенира,Авениров,Авенирова,Авенирович,Авенировна,Словарь русских личных имен Петровского
Ж,Авенира,,,,"-ы, ж.",Авениры,,,,,Словарь русских личных имен Петровского
М,Авентин,,,Стар. редк.,"-а, м. Стар. редк.",Авентина,Авентинов,Авентинова,Авентинович,Авентиновна,Словарь русских личных имен Петровского
Ж,Авентина,,,,"-ы, ж.",Авентины,,,,,Словарь русских личных имен Петровского
М,Аверий,,Аверкий,Разг.,"-я, м. Разг. к Аверкий (см.).",Аверия,Авериев,Авериева,Аверкиевич,Аверкиевна,(для варианта целевого современного отчества)
М,Аверий,,,,,,Аверьев,Аверьева,Аверьевич,Аверьевна,"(для вариантов преобразования ""старого"" отчества в ""новое"")"
М,Аверий,,Аверкий,Разг.,"-я, м. Разг. к Аверкий (см.).",Аверия,Авериев,Авериева,Аверьевич,Аверьевна,Словарь русских личных имен Петровского
М,Аверкий,Аверьян,,,"-я, м.; разг. Аверьян, -а и Аверий, -я.",Аверкия,Аверкиев,Аверкиева,Аверкиевич,Аверкиевна,Словарь русских личных имен Петровского
М,Аверьян,,Аверкий,Разг.,"-а, м. Разг. к Аверкий (см.).",Аверьяна,Аверьянов,Аверьянова,Аверкиевич,Аверкиевна,(для варианта целевого современного отчества)
М,Аверьян,,Аверкий,Разг.,"-а, м. Разг. к Аверкий (см.).",Аверьяна,Аверьянов,Аверьянова,Аверьянович,Аверьяновна,Словарь русских личных имен Петровского
Ж,Авиафа,,,Стар. редк.,"-ы, ж. Стар. редк.",Авиафы,,,,,Словарь русских личных имен Петровского
М,Авив,,,Стар. редк.,"-а, м. Стар. редк.",Авива,Авивов,Авивова,Авивович,Авивовна,Словарь русских личных имен Петровского
Ж,Авива,,,,"-ы, ж.",Авивы,,,,,Словарь русских личных имен Петровского
М,Авид,,,Стар. редк.,"-а, м. Стар. редк.",Авида,Авидов,Авидова,Авидович,Авидовна,Словарь русских личных имен Петровского
М,Авим,,,Стар. редк.,"-а, м. Стар. редк.",Авима,Авимов,Авимова,Авимович,Авимовна,Словарь русских личных имен Петровского
Ж,Авия,Абия,,Редк.,"-и, ж. Редк.; стар. Абия, -и.",Авии,,,,,Словарь русских личных имен Петровского
М,Авксентий,,,,,,Авксентьев,Авксентьева,Авксентиевич,Авксентиевна,"(для вариантов преобразования ""старого"" отчества в ""новое"")"
М,Авксентий,Аксен,,,"-я, м.; разг. Аксён, -а и Аксентий, -я; прост. Акентий, -я.",Авксентия,Авксентиев,Авксентиева,Авксентиевич,Авксентиевна,Словарь русских личных имен Петровского
М,Авкт,,,Стар. редк.,"-а, м. Стар. редк.",Авкта,Авктов,Авктова,Авктович,Авктовна,Словарь русских личных имен Петровского
М,Авраам,Абрам,,Стар. редк.,"-а, м. Стар. редк.; разг. Абрам, -а.",Авраама,Авраамов,Авраамова,Авраамович,Авраамовна,Словарь русских личных имен Петровского
М,Авраамий,,,,,,Авраамьев,Авраамьева,Авраамиевич,Авраамиевна,"(для вариантов преобразования ""старого"" отчества в ""новое"")"
М,Авраамий,Абрамий,,Стар. редк.,"-я, м. Стар. редк.; разг. Абрамий, -я.",Авраамия,Авраамиев,Авраамиева,Авраамиевич,Авраамиевна,Словарь русских личных имен Петровского
М,Аврам,Аврамий,,,"-а, м.; стар. Аврамий, -я.",Аврама,Аврамов,Аврамова,Аврамович,Аврамовна,Словарь русских личных имен Петровского
М,Аврамий,,Аврам,Стар. форма имени,"-я, м. Стар. форма имени Аврам (см.).",Аврамия,Аврамиев,Аврамиева,Аврамович,Аврамовна,(для варианта целевого современного отчества)
М,Аврамий,,,,,,Аврамьев,Аврамьева,Аврамиевич,Аврамиевна,"(для вариантов преобразования ""старого"" отчества в ""новое"")"
М,Аврамий,,Аврам,Стар. форма имени,"-я, м. Стар. форма имени Аврам (см.).",Аврамия,Аврамиев,Аврамиева,Аврамиевич,Аврамиевна,Словарь русских личных имен Петровского
М,Аврелиан,,,Стар. редк.,"-а, м. Стар. редк.",Аврелиана,Аврелианов,Аврелианова,Аврелианович,Аврелиановна,Словарь русских личных имен Петровского
М,Аврелий,,,,,,Аврельев,Аврельева,Аврелиевич,Аврелиевна,"(для вариантов преобразования ""старого"" отчества в ""новое"")"
М,Аврелий,,,Стар. редк.,"-я, м. Стар. редк.",Аврелия,Аврелиев,Аврелиева,Аврелиевич,Аврелиевна,Словарь русских личных имен Петровского
Ж,Аврелия,,,,"-и, ж.",Аврелии,,,,,Словарь русских личных имен Петровского
Ж,Аврея,,,Стар. редк.,"-и, ж. Стар. редк.",Авреи,,,,,Словарь русских личных имен Петровского
Ж,Аврора,,,Заимств.,"-ы, ж. Заимств.",Авроры,,,,,Словарь русских личных имен Петровского
М,Авсей,Абсей,,Редк.,"-я, м. Редк.; стар. Абсей, -я.",Авсея,Авсеев,Авсеева,Авсеевич,Авсеевна,Словарь русских личных имен Петровского
М,Автоном,,,,"-а, м.",Автонома,Автономов,Автономова,Автономович,Автономовна,Словарь русских личных имен Петровского
М,Авудим,,,Стар. редк.,"-а, м. Стар. редк.",Авудима,Авудимов,Авудимова,Авудимович,Авудимовна,Словарь русских личных имен Петровского
М,Авундий,,,Стар. редк.,"-я, м. Стар. редк.",Авундия,Авундиев,Авундиева,Авундиевич,Авундиевна,Словарь русских личных имен Петровского
М,Агав,,,Стар. редк.,"-а, м. Стар. редк.",Агава,Агавов,Агавова,Агавович,Агавовна,Словарь русских личных имен Петровского
М,Агавва,,,Стар. редк.,"-ы, м. Стар. редк.",Агаввы,Агаввин,Агаввина,Агаввич,Агаввична,Словарь русских личных имен Петровского
М,Агап,,Агапит,Разг.,"-а, м. Разг. к Агапит (см.).",Агапа,Агапов,Агапова,Агапитович,Агапитовна,(для варианта целевого современного отчества)
М,Агап,,Агапит,Разг.,"-а, м. Разг. к Агапит (см.).",Агапа,Агапов,Агапова,Агапович,Агаповна,Словарь русских личных имен Петровского
М,Агап,Агапей,,,"-а, м.; прост. Агапей, -я; стар. Агапий, -я.",Агапа,Агапов,Агапова,Агапович,Агаповна,Словарь русских личных имен Петровского
Ж,Агапа,,,Стар. редк.,"-ы, ж. Стар. редк.",Агапы,,,,,Словарь русских личных имен Петровского
М,Агапий,,Агап,Стар. форма имени,"-я, м. Стар. форма имени Агап 1 (см.).",Агапия,Агапиев,Агапиева,Агапович,Агаповна,(для варианта целевого современного отчества)
М,Агапий,,,,,,Агапьев,Агапьева,Агапиевич,Агапиевна,"(для вариантов преобразования ""старого"" отчества в ""новое"")"
М,Агапий,,Агап,Стар. форма имени,"-я, м. Стар. форма имени Агап 1 (см.).",Агапия,Агапиев,Агапиева,Агапиевич,Агапиевна,Словарь русских личных имен Петровского
М,Агапион,,,Стар. редк.,"-а, м. Стар. редк.",Агапиона,Агапионов,Агапионова,Агапионович,Агапионовна,Словарь русских личных имен Петровского
М,Агапит,Агап,,Стар. редк.,"-а, м. Стар. редк.; разг. Агап 2, -а.",Агапита,Агапитов,Агапитова,Агапитович,Агапитовна,Словарь русских личных имен Петровского
Ж,Агапия,Анапея,,Стар. редк.,"-и, ж. Стар. редк.; прост. Агапея, -и.",Агапии,,,,,Словарь русских личных имен Петровского
Ж,Агата,,,Заимств.,"-ы, ж. Заимств.",Агаты,,,,,Словарь русских личных имен Петровского
Ж,Агафа,,,Стар. редк.,"-ы, ж. Стар. редк.",Агафы,,,,,Словарь русских личных имен Петровского
М,Агафангел,,,Стар. редк.,"-а, м. Стар. редк.",Агафангела,Агафангелов,Агафангелова,Агафангелович,Агафангеловна,Словарь русских личных имен Петровского
Ж,Агафия,,Агафья,Вариант,"-и, ж. См. Агафья.",Агафии,,,,,Словарь русских личных имен Петровского
М,Агафодор,,,Стар. редк.,"-а, м. Стар. редк.",Агафодора,Агафодоров,Агафодорова,Агафодорович,Агафодоровна,Словарь русских личных имен Петровского
Ж,Агафоклия,,,Стар. редк.,"-и, ж. Стар. редк.",Агафоклии,,,,,Словарь русских личных имен Петровского
М,Агафон,Агапон,,,"-а, м.; прост. Агапон, -а.",Агафона,Агафонов,Агафонова,Агафонович,Агафоновна,Словарь русских личных имен Петровского
М,Агафоник,,,Стар. редк.,"-а, м. Стар. редк.",Агафоника,Агафоников,Агафоникова,Агафоникович,Агафониковна,Словарь русских личных имен Петровского
Ж,Агафоника,,,Стар. редк.,"-и, ж. Стар. редк.",Агафоники,,,,,Словарь русских личных имен Петровского
Ж,Агафья,Агафия,,,"-и, ж. и реже Агафия, -и.",Агафьи,,,,,Словарь русских личных имен Петровского
М,Аггей,Агей,,,"-я, м.; разг. Агей, -я.",Аггея,Аггеев,Аггеева,Аггеевич,Аггеевна,Словарь русских личных имен Петровского
М,Аггел,,Ангел,Вариант,"-а, м. См. Ангел.",Аггела,Аггелов,Аггелова,Ангелович,Ангеловна,(для варианта целевого современного отчества)
М,Аггел,,Ангел,Вариант,"-а, м. См. Ангел.",Аггела,Аггелов,Аггелова,Аггелович,Аггеловна,Словарь русских личных имен Петровского
М,Агей,,Аггей,Разг.,"-я, м. Разг. к Аггей (см.).",Агея,Агеев,Агеева,Аггеевич,Аггеевна,(для варианта целевого современного отчества)
М,Агей,,Аггей,Разг.,"-я, м. Разг. к Аггей (см.).",Агея,Агеев,Агеева,Агеевич,Агеевна,Словарь русских личных имен Петровского
Ж,Аглаида,,,,"-ы, ж.",Аглаиды,,,,,Словарь русских личных имен Петровского
М,Аглаий,,Аглай,Стар. форма имени,"-я, м. Стар. форма имени Аглай (см.).",Аглаия,Аглаиев,Аглаиева,Аглаевич,Аглаевна,(для варианта целевого современного отчества)
М,Аглаий,,Аглай,Стар. форма имени,"-я, м. Стар. форма имени Аглай (см.).",Аглаия,Аглаиев,Аглаиева,Аглаиевич,Аглаиевна,Словарь русских личных имен Петровского
М,Аглай,Аглаий,,Редк.,"-я, м. Редк.; стар. Аглаий, -я.",Аглая,Аглаев,Аглаева,Аглаевич,Аглаевна,Словарь русских личных имен Петровского
Ж,Аглая,,,,"-и, ж.",Аглаи,,,,,Словарь русских личных имен Петровского
М,Агн,,,Стар. редк.,"-а, м. Стар. редк.",Агна,Агнов,Агнова,Агнович,Агновна,Словарь русских личных имен Петровского
Ж,Агна,,,Стар. редк.,"-ы, ж. Стар. редк.",Агны,,,,,Словарь русских личных имен Петровского
Ж,Агнесса,,,,"-ы, ж.",Агнессы,,,,,Словарь русских личных имен Петровского
М,Агний,,,Стар. редк.,"-я, м. Стар. редк.",Агния,Агниев,Агниева,Агниевич,Агниевна,Словарь русских личных имен Петровского
Ж,Агния,Агнея,,,"-и, ж.; прост. Агнея, -и.",Агнии,,,,,Словарь русских личных имен Петровского
Ж,Аграпена,,Агриппина,,,Аграпены,,,,,
Ж,Аграфена,,Агриппина,Народн.,"-ы, ж. Народн. форма имени Агриппина (см.).",Аграфены,,,,,Словарь русских личных имен Петровского
М,Агрикола,,,Стар. редк.,"-ы, м. Стар. редк.",Агриколы,Агриколин,Агриколина,Агриколич,Агриколична,Словарь русских личных имен Петровского
Ж,Агрипина,Агрипена,Агриппина,,,Агрипины,,,,,
М,Агриппа,,,Стар. редк.,"-ы, м. Стар. редк.",Агриппы,Агриппин,Агриппина,Агриппич,Агриппична,Словарь русских личных имен Петровского
Ж,Агриппина,Аграфена,,,"-ы, ж.; народн. Аграфена, -ы.",Агриппины,,,,,Словарь русских личных имен Петровского
Ж,Ада,,,,"-ы, ж.",Ады,,,,,Словарь русских личных имен Петровского
М,Адам,,,,"-а, м.",Адама,Адамов,Адамова,Адамович,Адамовна,Словарь русских личных имен Петровского
Ж,Аделаида,,,Заимств.,"-ы, ж. Заимств.",Аделаиды,,,,,Словарь русских личных имен Петровского
Ж,Аделина,,,Заимств.,"-ы, ж. Заимств.",Аделины,,,,,Словарь русских личных имен Петровского
М,Адельфий,,,,,Адельфия,Адельфьев,Адельфьева,Адельфиевич,Адельфиевна,"(для вариантов преобразования ""старого"" отчества в ""новое"")"
М,Адельфий,,,Стар. редк.,"-я, м. Стар. редк.",Адельфия,Адельфиев,Адельфиева,Адельфиевич,Адельфиевна,Словарь русских личных имен Петровского
Ж,Адельфина,,,,"-ы, ж.",Адельфины,,,,,Словарь русских личных имен Петровского
М,Адикий,,Авдикий,Разг.,"-я, м. Разг. к Авдикий (см.).",Адикия,Адикиев,Адикиева,Авдикиевич,Авдикиевна,(для варианта целевого современного отчества)
М,Адикий,,,,,,Адикьев,Адикьева,Адикиевич,Адикиевна,"(для вариантов преобразования ""старого"" отчества в ""новое"")"
М,Адикий,,Авдикий,Разг.,"-я, м. Разг. к Авдикий (см.).",Адикия,Адикиев,Адикиева,Адикиевич,Адикиевна,Словарь русских личных имен Петровского
М,Адолий,,,,,,Адольев,Адольева,Адолиевич,Адолиевна,"(для вариантов преобразования ""старого"" отчества в ""новое"")"
М,Адолий,,,Стар. редк.,"-я, м. Стар. редк.",Адолия,Адолиев,Адолиева,Адолиевич,Адолиевна,Словарь русских личных имен Петровского
Ж,Адолия,,,Стар. редк.,"-и, ж. Стар. редк.",Адолии,,,,,Словарь русских личных имен Петровского
М,Адонис,,,Заимств.,"-а, м. Заимств.",Адониса,Адонисов,Адонисова,Адонисович,Адонисовна,Словарь русских личных имен Петровского
М,Адриан,Андриан,,,"-а, м.; народн. Андриан, -а и Андриян, -а; разг. Адриян, -а.",Адриана,Адрианов,Адрианова,Адрианович,Адриановна,Словарь русских личных имен Петровского
М,Адриян,Андриян,Адриан,Разг.,"-а, м. Разг. к Адриан (см.).",Адрияна,Адриянов,Адриянова,Адрианович,Адриановна,(для варианта целевого современного отчества)
М,Адриян,Андриян,Адриан,Разг.,"-а, м. Разг. к Адриан (см.).",Адрияна,Адриянов,Адриянова,Адриянович,Адрияновна,Словарь русских личных имен Петровского
М,Аетий,,Аэтий,Стар. форма имени,"-я, м. Стар. форма имени Аэтий (см.).",Аетия,Аетиев,Аетиева,Аэтиевич,Аэтиевна,(для варианта целевого современного отчества)
М,Аетий,,,,,,Аетьев,Аетьева,Аетиевич,Аетиевна,"(для вариантов преобразования ""старого"" отчества в ""новое"")"
М,Аетий,,Аэтий,Стар. форма имени,"-я, м. Стар. форма имени Аэтий (см.).",Аетия,Аетиев,Аетиева,Аетиевич,Аетиевна,Словарь русских личных имен Петровского
М,Аза,,,Стар. редк.,"-ы, м. Стар. редк.",Азы,Азин,Азина,Азич,Азична,Словарь русских личных имен Петровского
М,Азадан,,,Стар. редк.,"-а, м. Стар. редк.",Азадана,Азаданов,Азаданова,Азаданович,Азадановна,Словарь русских личных имен Петровского
Ж,Азалия,,,Заимств.,"-и, ж. Заимств.",Азалии,,,,,Словарь русских личных имен Петровского
М,Азар,,Азарий,Разг.,"-а, м. Разг. к Азарий (см.).",Азара,Азаров,Азарова,Азариевич,Азариевна,(для варианта целевого современного отчества)
М,Азар,,Азарий,Разг.,"-а, м. Разг. к Азарий (см.).",Азара,Азаров,Азарова,Азарович,Азаровна,Словарь русских личных имен Петровского
М,Азарий,,,,,,Азарьев,Азарьева,Азариевич,Азариевна,"(для вариантов преобразования ""старого"" отчества в ""новое"")"
М,Азарий,Азар,,,"-я, м.; разг. Азар, -а; стар. Азария, -и.",Азария,Азариев,Азариева,Азариевич,Азариевна,Словарь русских личных имен Петровского
М,Азария,,Азарий,Стар. форма имени,"-и, м. Стар. форма имени Азарий (см.).",Азарии,Азариев,Азариева,Азариевич,Азариевна,(для варианта целевого современного отчества)
М,Азария,,,,,,Азарьев,Азарьева,Азарич,Азарична,"(для вариантов преобразования ""старого"" отчества в ""новое"")"
М,Азария,,Азарий,Стар. форма имени,"-и, м. Стар. форма имени Азарий (см.).",Азарии,Азариев,Азариева,Азарич,Азарична,Словарь русских личных имен Петровского
М,Азат,,,,"-а, м.",Азата,Азатов,Азатова,Азатович,Азатовна,Словарь русских личных имен Петровского
Ж,Азелла,,,Стар. редк.,"-ы, ж. Стар. редк.",Азеллы,,,,,Словарь русских личных имен Петровского
Ж,Аида,,,Заимств.,"-ы, ж. Заимств.",Аиды,,,,,Словарь русских личных имен Петровского
М,Аифал,,,Стар. редк.,"-а, м. Стар. редк.",Аифала,Аифалов,Аифалова,Аифалович,Аифаловна,Словарь русских личных имен Петровского
М,Акакий,,,Стар. редк.,"-я, м. Стар. редк.",Акакия,Акакиев,Акакиева,Акакиевич,Акакиевна,Словарь русских личных имен Петровского
М,Акепсий,,,Стар. редк.,"-я, м. Стар. редк.",Акепсия,Акепсиев,Акепсиева,Акепсиевич,Акепсиевна,Словарь русских личных имен Петровского
М,Акепсим,,,Стар. редк.,"-а, м. Стар. редк.",Акепсима,Акепсимов,Акепсимова,Акепсимович,Акепсимовна,Словарь русских личных имен Петровского
М,Акила,,,Стар. редк.,"-ы, м. Стар. редк.",Акилы,Акилин,Акилина,Акилич,Акилична,Словарь русских личных имен Петровского
Ж,Акилина,Акулина,,,"-ы, ж.; народн. Акулина, -ы; прост. Кулина, -ы.",Акилины,,,,,Словарь русских личных имен Петровского
М,Аким,,Иаким,Разг.,"-а, м. Разг. к Иаким (см.).",Акима,Акимов,Акимова,Иакимович,Иакимовна,(для варианта целевого современного отчества)
М,Аким,,Иаким,Разг.,"-а, м. Разг. к Иаким (см.).",Акима,Акимов,Акимова,Акимович,Акимовна,Словарь русских личных имен Петровского
М,Акиндин,Акудин,,,"-а, м.; прост. Акундин, -а и Анкудин, -а.",Акиндина,Акиндинов,Акиндинова,Акиндинович,Акиндиновна,Словарь русских личных имен Петровского
М,Акинф,,Иакинф,Разг.,"-а, м. Разг. к Иакинф (см.).",Акинфа,Акинфов,Акинфова,Иакинфович,Иакинфовна,(для варианта целевого современного отчества)
М,Акинф,,Иакинф,Разг.,"-а, м. Разг. к Иакинф (см.).",Акинфа,Акинфов,Акинфова,Акинфович,Акинфовна,Словарь русских личных имен Петровского
М,Акинфий,,Иакинф,Разг.,"-я, м. Разг. к Иакинф (см.).",Акинфия,Акинфиев,Акинфиева,Иакинфович,Иакинфовна,(для варианта целевого современного отчества)
М,Акинфий,,Иакинф,Разг.,"-я, м. Разг. к Иакинф (см.).",Акинфия,Акинфиев,Акинфиева,Акинфиевич,Акинфиевна,Словарь русских личных имен Петровского
М,Аксён,Аксен,Авксентий,Разг.,"-а, м. Разг. к Авксентий (см.).",Аксёна,Аксёнов,Аксёнова,Авксентиевич,Авксентиевна,(для варианта целевого современного отчества)
М,Аксён,Аксен,Авксентий,Разг.,"-а, м. Разг. к Авксентий (см.).",Аксена,Аксенов,Аксенова,Авксентиевич,Авксентиевна,(для варианта целевого современного отчества)
М,Аксён,Аксен,Авксентий,Разг.,"-а, м. Разг. к Авксентий (см.).",Аксена,Аксенов,Аксенова,Аксенович,Аксеновна,(для вариантов е/ё в отчествах)
М,Аксён,Аксен,Авксентий,Разг.,"-а, м. Разг. к Авксентий (см.).",Аксёна,Аксёнов,Аксёнова,Аксёнович,Аксёновна,Словарь русских личных имен Петровского
М,Аксентий,,Авксентий,Разг.,"-я, м. Разг. к Авксентий (см.).",Аксентия,Аксентиев,Аксентиева,Авксентиевич,Авксентиевна,(для варианта целевого современного отчества)
М,Аксентий,,,,,,Аксентьев,Аксентьева,Аксентиевич,Аксентиевна,"(для вариантов преобразования ""старого"" отчества в ""новое"")"
М,Аксентий,,Авксентий,Разг.,"-я, м. Разг. к Авксентий (см.).",Аксентия,Аксентиев,Аксентиева,Аксентиевич,Аксентиевна,Словарь русских личных имен Петровского
Ж,Аксинья,,Ксения,Народн.,"-и, ж. Народн. форма имени Ксения  1 (см.).",Аксиньи,,,,,Словарь русских личных имен Петровского
Ж,Акулина,,Акилина,Народн.,"-ы, ж. Народн. форма имени Акилина (см.).",Акулины,,,,,Словарь русских личных имен Петровского
М,Акустий,,,,,,Акустьев,Акустьева,Акустиевич,Акустиевна,"(для вариантов преобразования ""старого"" отчества в ""новое"")"
М,Акустий,,,Стар. редк.,"-я, м. Стар. редк.",Акустия,Акустиев,Акустиева,Акустиевич,Акустиевна,Словарь русских личных имен Петровского
М,Акутион,,,Стар. редк.,"-а, м. Стар. редк.",Акутиона,Акутионов,Акутионова,Акутионович,Акутионовна,Словарь русских личных имен Петровского
М,Албин,,Альбин,Стар. форма имени,"-а, м. Стар. форма имени Альбин (см.).",Албина,Албинов,Албинова,Альбинович,Альбиновна,(для варианта целевого современного отчества)
М,Албин,,Альбин,Стар. форма имени,"-а, м. Стар. форма имени Альбин (см.).",Албина,Албинов,Албинова,Албинович,Албиновна,Словарь русских личных имен Петровского
Ж,Албина,,Альбина,Стар.,"-ы, ж. Стар. форма имени Альбина (см.).",Албины,,,,,Словарь русских личных имен Петровского
М,Алвиан,,Альвиан,Стар. форма имени,"-а, м. Стар. форма имени Альвиан (см.).",Алвиана,Алвианов,Алвианова,Альвианович,Альвиановна,(для варианта целевого современного отчества)
М,Алвиан,,Альвиан,Стар. форма имени,"-а, м. Стар. форма имени Альвиан (см.).",Алвиана,Алвианов,Алвианова,Алвианович,Алвиановна,Словарь русских личных имен Петровского
М,Алевтин,,,,"-а, м.",Алевтина,Алевтинов,Алевтинова,Алевтинович,Алевтиновна,Словарь русских личных имен Петровского
Ж,Алевтина,,,,"-ы, ж.",Алевтины,,,,,Словарь русских личных имен Петровского
М,Александр,Лександр,,,"-а, м.; прост. Лександр, -а.",Александра,Александров,Александрова,Александрович,Александровна,Словарь русских личных имен Петровского
Ж,Александра,Лександра,,,"-ы, ж.; прост. Лександра, -ы.",Александры,,,,,Словарь русских личных имен Петровского
М,Александрин,,,Стар. редк.,"-а, м. Стар. редк.",Александрина,Александринов,Александринова,Александринович,Александриновна,Словарь русских личных имен Петровского
Ж,Александрина,,,Редк.,"-ы, ж. Редк.",Александрины,,,,,Словарь русских личных имен Петровского
М,Алексей,,,,,Алексея,Алексеев,Алексеева,Алексеевич,Алексеевна,-
М,Алексий,,Алексей,Стар. форма имени,"-я, м. Стар. форма имени Алексей (см.).",Алексия,Алексиев,Алексиева,Алексеевич,Алексеевна,(для варианта целевого современного отчества)
М,Алексий,,Алексей,Стар. форма имени,"-я, м. Стар. форма имени Алексей (см.).",Алексия,Алексиев,Алексиева,Алексиевич,Алексиевна,Словарь русских личных имен Петровского
Ж,Алексина,,,,"-ы, ж.",Алексины,,,,,Словарь русских личных имен Петровского
М,Алетий,,,,,,Алетьев,Алетьева,Алетиевич,Алетиевна,"(для вариантов преобразования ""старого"" отчества в ""новое"")"
М,Алетий,,,Стар. редк.,"-я, м. Стар. редк.",Алетия,Алетиев,Алетиева,Алетиевич,Алетиевна,Словарь русских личных имен Петровского
М,Алеф,Алефтий,,Стар. редк.,"-а, м. Стар. редк.; разг. Алефтий, -я.",Алефа,Алефов,Алефова,Алефович,Алефовна,Словарь русских личных имен Петровского
М,Алефтий,,Алеф,Разг.,"-я, м. Разг. к Алеф (см.).",Алефтия,Алефтиев,Алефтиева,Алефович,Алефовна,(для варианта целевого современного отчества)
М,Алефтий,,,,,,Алефтьев,Алефтьева,Алефтиевич,Алефтиевна,"(для вариантов преобразования ""старого"" отчества в ""новое"")"
М,Алефтий,,Алеф,Разг.,"-я, м. Разг. к Алеф (см.).",Алефтия,Алефтиев,Алефтиева,Алефтиевич,Алефтиевна,Словарь русских личных имен Петровского
М,Алим,,,,"-а, м.",Алима,Алимов,Алимова,Алимович,Алимовна,Словарь русских личных имен Петровского
Ж,Алина,,Заимств.,,"-ы, ж. Заимств.",Алины,,,,,Словарь русских личных имен Петровского
М,Алип,,Алипий,Разг.,"-а, м. Разг. к Алипий (см.).",Алипа,Алипов,Алипова,Алипиевич,Алипиевна,(для варианта целевого современного отчества)
М,Алип,,Алипий,Разг.,"-а, м. Разг. к Алипий (см.).",Алипа,Алипов,Алипова,Алипович,Алиповна,Словарь русских личных имен Петровского
М,Алипий,,,,,,Алипьев,Алипьева,Алипиевич,Алипиевна,"(для вариантов преобразования ""старого"" отчества в ""новое"")"
М,Алипий,Алип,,Стар. редк.,"-я, м. Стар. редк.; разг. Алип, -а.",Алипия,Алипиев,Алипиева,Алипиевич,Алипиевна,Словарь русских личных имен Петровского
Ж,Алиса,,,Заимств.,"-ы, ж. Заимств.",Алисы,,,,,Словарь русских личных имен Петровского
М,Алкивиад,,,Стар. редк.,"-а, м. Стар. редк.",Алкивиада,Алкивиадов,Алкивиадова,Алкивиадович,Алкивиадовна,Словарь русских личных имен Петровского
Ж,Алла,,,,"-ы, ж.",Аллы,,,,,Словарь русских личных имен Петровского
М,Алоний,,,,,,Алоньев,Алоньева,Алониевич,Алониевна,"(для вариантов преобразования ""старого"" отчества в ""новое"")"
М,Алоний,,,Стар. редк.,"-я, м. Стар. редк.",Алония,Алониев,Алониева,Алониевич,Алониевна,Словарь русских личных имен Петровского
М,Алфей,,,Стар. редк.,"-я, м. Стар. редк.",Алфея,Алфеев,Алфеева,Алфеевич,Алфеевна,Словарь русских личных имен Петровского
М,Алфёр,Алфер,Елеферий,Разг.,"-а, м. Разг. к Елеферий (см.).",Алфёра,Алфёров,Алфёрова,Елефериевич,Елефериевна,(для варианта целевого современного отчества)
М,Алфёр,Алфер,Елеферий,Разг.,"-а, м. Разг. к Елеферий (см.).",Алфера,Алферов,Алферова,Елефериевич,Елефериевна,(для варианта целевого современного отчества)
М,Алфёр,Алфер,Елеферий,Разг.,"-а, м. Разг. к Елеферий (см.).",Алфера,Алферов,Алферова,Алферович,Алферовна,(для вариантов е/ё в отчествах)
М,Алфёр,Алфер,Елеферий,Разг.,"-а, м. Разг. к Елеферий (см.).",Алфёра,Алфёров,Алфёрова,Алфёрович,Алфёровна,Словарь русских личных имен Петровского
М,Алферий,,Елеферий,Разг.,"-я, м. Разг. к Елеферий (см.).",Алферия,Алфериев,Алфериева,Елефериевич,Елефериевна,(для варианта целевого современного отчества)
М,Алферий,,,,,,Алферьев,Алферьева,Алфериевич,Алфериевна,"(для вариантов преобразования ""старого"" отчества в ""новое"")"
М,Алферий,,Елеферий,Разг.,"-я, м. Разг. к Елеферий (см.).",Алферия,Алфериев,Алфериева,Алфериевич,Алфериевна,Словарь русских личных имен Петровского
М,Алфий,,Альфий,Стар. форма имени,"-я, м. Стар. форма имени Альфий (см.).",Алфия,Алфиев,Алфиева,Альфиевич,Альфиевна,(для варианта целевого современного отчества)
М,Алфий,,Альфий,Стар. форма имени,"-я, м. Стар. форма имени Альфий (см.).",Алфия,Алфиев,Алфиева,Алфиевич,Алфиевна,Словарь русских личных имен Петровского
М,Альберт,,,Заимств.,"-а, м. Заимств.",Альберта,Альбертов,Альбертова,Альбертович,Альбертовна,Словарь русских личных имен Петровского
М,Альбин,Албин,,,"-а, м.; стар. Албин, -а.",Альбина,Альбинов,Альбинова,Альбинович,Альбиновна,Словарь русских личных имен Петровского
Ж,Альбина,Албина,,,"-ы, ж.; стар. Албина, -ы.",Альбины,,,,,Словарь русских личных имен Петровского
М,Альвиан,Алвиан,,,"-а, м.; стар. Алвиан, -а.",Альвиана,Альвианов,Альвианова,Альвианович,Альвиановна,Словарь русских личных имен Петровского
Ж,Альвина,,,Заимств.,"-ы, ж. Заимств.",Альвины,,,,,Словарь русских личных имен Петровского
Ж,Альфа,,,Нов.,"-ы, ж. Нов.",Альфы,,,,,Словарь русских личных имен Петровского
М,Альфий,,,Редк.,"-я, м. Редк.; стар. Алфий, -я.",Альфия,Альфиев,Альфиева,Альфиевич,Альфиевна,Словарь русских личных имен Петровского
Ж,Альфия,,,,"-и, ж.",Альфии,,,,,Словарь русских личных имен Петровского
М,Альфред,,,Заимств.,"-а, м. Заимств.",Альфреда,Альфредов,Альфредова,Альфредович,Альфредовна,Словарь русских личных имен Петровского
Ж,Амалия,,,Заимств.,"-и, ж. Заимств.",Амалии,,,,,Словарь русских личных имен Петровского
М,Амантий,,,,,,Амантьев,Амантьева,Амантиевич,Амантиевна,"(для вариантов преобразования ""старого"" отчества в ""новое"")"
М,Амантий,,,Стар. редк.,"-я, м. Стар. редк.",Амантия,Амантиев,Амантиева,Амантиевич,Амантиевна,Словарь русских личных имен Петровского
Ж,Амата,,,Стар. редк.,"-ы, ж. Стар. редк.",Аматы,,,,,Словарь русских личных имен Петровского
М,Амвросий,Амбросий,,,,,Амвросьев,Амвросьева,Амвросиевич,Амвросиевна,"(для вариантов преобразования ""старого"" отчества в ""новое"")"
М,Амвросий,Абросим,,,"-я, м.; разг. Абросим, -а; прост. Амбросий, -я.",Амвросия,Амвросиев,Амвросиева,Амвросиевич,Амвросиевна,Словарь русских личных имен Петровского
М,Аммон,,,Стар. редк.,"-а, м. Стар. редк.",Аммона,Аммонов,Аммонова,Аммонович,Аммоновна,Словарь русских личных имен Петровского
М,Аммоний,,,,,,Аммоньев,Аммоньева,Аммониевич,Аммониевна,"(для вариантов преобразования ""старого"" отчества в ""новое"")"
М,Аммоний,,,Стар. редк.,"-я, м. Стар. редк.",Аммония,Аммониев,Аммониева,Аммониевич,Аммониевна,Словарь русских личных имен Петровского
М,Аммун,,,Стар. редк.,"-а, м. Стар. редк.",Аммуна,Аммунов,Аммунова,Аммунович,Аммуновна,Словарь русских личных имен Петровского
М,Амос,Анос,,,"-а, м.; прост. Анос 1, -а.",Амоса,Амосов,Амосова,Амосович,Амосовна,Словарь русских личных имен Петровского
М,Амплий,Амплей,,,"-я, м.; прост. Амплей, -я.",Амплия,Амплиев,Амплиева,Амплиевич,Амплиевна,Словарь русских личных имен Петровского
М,Амур,,,Заимств.,"-а, м. Заимств.",Амура,Амуров,Амурова,Амурович,Амуровна,Словарь русских личных имен Петровского
М,Амфиан,,,Стар. редк.,"-а, м. Стар. редк.",Амфиана,Амфианов,Амфианова,Амфианович,Амфиановна,Словарь русских личных имен Петровского
М,Амфил,,Амфилохий,Разг.,"-а, м. Разг. к Амфилохий (см.).",Амфила,Амфилов,Амфилова,Амфилохиевич,Амфилохиевна,(для варианта целевого современного отчества)
М,Амфил,,Амфилохий,Разг.,"-а, м. Разг. к Амфилохий (см.).",Амфила,Амфилов,Амфилова,Амфилович,Амфиловна,Словарь русских личных имен Петровского
М,Амфилох,,Амфилохий,Разг.,"-а, м. Разг. к Амфилохий (см.).",Амфилоха,Амфилохов,Амфилохова,Амфилохиевич,Амфилохиевна,(для варианта целевого современного отчества)
М,Амфилох,,Амфилохий,Разг.,"-а, м. Разг. к Амфилохий (см.).",Амфилоха,Амфилохов,Амфилохова,Амфилохович,Амфилоховна,Словарь русских личных имен Петровского
М,Амфилохий,,,,,,Амфилохьев,Амфилохьева,Амфилохиевич,Амфилохиевна,"(для вариантов преобразования ""старого"" отчества в ""новое"")"
М,Амфилохий,Амфил,,,"-я, м.; разг. Амфил, -а и Амфилох, -а.",Амфилохия,Амфилохиев,Амфилохиева,Амфилохиевич,Амфилохиевна,Словарь русских личных имен Петровского
М,Анан,,,Стар. редк.,"-а, м. Стар. редк.",Анана,Ананов,Ананова,Ананович,Анановна,Словарь русских личных имен Петровского
М,Ананий,Анан,,,,,Ананьев,Ананьева,Ананиевич,Ананиевна,"(для вариантов преобразования ""старого"" отчества в ""новое"")"
М,Ананий,Ананья,,,"-я, м.; разг. Ананья, -и; прост. Анан 2, -а; стар. Анания, -и.",Анания,Ананиев,Ананиева,Ананиевич,Ананиевна,Словарь русских личных имен Петровского
М,Анания,,Ананий,Стар. форма имени,"-и, м. Стар. форма имени Ананий (см.).",Анании,Ананиев,Ананиева,Ананиевич,Ананиевна,(для варианта целевого современного отчества)
М,Анания,,,,,,Ананьев,Ананьева,Ананич,Ананична,"(для вариантов преобразования ""старого"" отчества в ""новое"")"
М,Анания,,Ананий,Стар. форма имени,"-и, м. Стар. форма имени Ананий (см.).",Анании,Ананиев,Ананиева,Ананич,Ананична,Словарь русских личных имен Петровского
М,Ананья,,Ананий,Разг.,"-и, м. Разг. к Ананий (см.).",Ананьи,Ананьев,Ананьева,Ананиевич,Ананиевна,(для варианта целевого современного отчества)
М,Ананья,,Ананий,Разг.,"-и, м. Разг. к Ананий (см.).",Ананьи,Ананьев,Ананьева,Ананьевич,Ананьевна,Словарь русских личных имен Петровского
М,Анастасий,Настасий,,,,,Анастасьев,Анастасьева,Анастасиевич,Анастасиевна,"(для вариантов преобразования ""старого"" отчества в ""новое"")"
М,Анастасий,Настас,,,"-я, м.; разг. Настас, -а и Настасий, -я; прост. Анастасей, -я.",Анастасия,Анастасиев,Анастасиева,Анастасиевич,Анастасиевна,Словарь русских личных имен Петровского
Ж,Анастасия,Настасия,,,"-и, ж.; разг. Настасия, -и и Настасья, -и; прост. Анастасея, -и и Настасея, -и.",Анастасии,,,,,Словарь русских личных имен Петровского
М,Анатолий,,,,,,Анатольев,Анатольева,Анатолиевич,Анатолиевна,"(для вариантов преобразования ""старого"" отчества в ""новое"")"
М,Анатолий,Натолий,,,"-я, м.; прост. Натолий, -я.",Анатолия,Анатолиев,Анатолиева,Анатолиевич,Анатолиевна,Словарь русских личных имен Петровского
Ж,Анатолия,,,,"-и, ж.",Анатолии,,,,,Словарь русских личных имен Петровского
М,Ангел,Аггел,,Стар. редк.,"-а, м. Аггел, -а. Стар. редк.",Ангела,Ангелов,Ангелова,Ангелович,Ангеловна,Словарь русских личных имен Петровского
Ж,Ангела,,,Заимств.,"-ы, ж. Заимств.",Ангелы,,,,,Словарь русских личных имен Петровского
М,Ангелин,,,,"-а, м.",Ангелина,Ангелинов,Ангелинова,Ангелинович,Ангелиновна,Словарь русских личных имен Петровского
Ж,Ангелина,,,,"-ы, ж.",Ангелины,,,,,Словарь русских личных имен Петровского
М,Ангеляр,,,Стар. редк.,"-а, м. Стар. редк.",Ангеляра,Ангеляров,Ангелярова,Ангелярович,Ангеляровна,Словарь русских личных имен Петровского
М,Ангий,,,Стар. редк.,"-я, м. Стар. редк.",Ангия,Ангиев,Ангиева,Ангиевич,Ангиевна,Словарь русских личных имен Петровского
М,Андрей,,,,"-я, м.",Андрея,Андреев,Андреева,Андреевич,Андреевна,Словарь русских личных имен Петровского
М,Андреян,,Андриан,,,Андреяна,Андреянов,Андреянова,Андреянович,Андреяновна,-
М,Андреян,,Андриан,,,Андреяна,Андреянов,Андреянова,Андрианович,Андриановна,(для варианта целевого современного отчества)
М,Андриан,,Адриан,Народн. форма имени,"-а, м. Народн. форма имени Адриан (см.).",Андриана,Андрианов,Андрианова,Адрианович,Адриановна,(для варианта целевого современного отчества)
М,Андриан,,Адриан,Народн. форма имени,"-а, м. Народн. форма имени Адриан (см.).",Андриана,Андрианов,Андрианова,Андрианович,Андриановна,Словарь русских личных имен Петровского
М,Андриян,,Адриан,Народн. форма имени,"-а, м. Народн. форма имени Адриан (см.).",Андрияна,Андриянов,Андриянова,Адрианович,Адриановна,(для варианта целевого современного отчества)
М,Андриян,,Адриан,Народн. форма имени,"-а, м. Народн. форма имени Адриан (см.).",Андрияна,Андриянов,Андриянова,Андриянович,Андрияновна,Словарь русских личных имен Петровского
М,Андрон,,Андроник,Разг.,"-а, м. Разг. к Андроник (см.).",Андрона,Андронов,Андронова,Андроникович,Андрониковна,(для варианта целевого современного отчества)
М,Андрон,,Андроник,Разг.,"-а, м. Разг. к Андроник (см.).",Андрона,Андронов,Андронова,Андронович,Андроновна,Словарь русских личных имен Петровского
Ж,Андрона,,,,"-ы, ж.",Андроны,,,,,Словарь русских личных имен Петровского
М,Андроний,,Андроник,Разг.,"-я, м. Разг. к Андроник (см.).",Андрония,Андрониев,Андрониева,Андроникович,Андрониковна,(для варианта целевого современного отчества)
М,Андроний,,,,,,Андроньев,Андроньева,Андрониевич,Андрониевна,"(для вариантов преобразования ""старого"" отчества в ""новое"")"
М,Андроний,,Андроник,Разг.,"-я, м. Разг. к Андроник (см.).",Андрония,Андрониев,Андрониева,Андрониевич,Андрониевна,Словарь русских личных имен Петровского
М,Андроник,Андрон,,,"-а, м.; разг. Андрон, -а и Андроний, -я.",Андроника,Андроников,Андроникова,Андроникович,Андрониковна,Словарь русских личных имен Петровского
М,Анект,,,Стар. редк.,"-а, м. Стар. редк.",Анекта,Анектов,Анектова,Анектович,Анектовна,Словарь русских личных имен Петровского
М,Анемподист,,,,"-а, м.",Анемподиста,Анемподистов,Анемподистова,Анемподистович,Анемподистовна,Словарь русских личных имен Петровского
Ж,Анжелика,,,Заимств.,"-и, ж. Заимств.",Анжелики,,,,,Словарь русских личных имен Петровского
М,Аниан,,,Стар. редк.,"-а, м. Стар. редк.",Аниана,Анианов,Анианова,Анианович,Аниановна,Словарь русских личных имен Петровского
М,Аникей,,Аникий,Разг.,"-я, м. Разг. к Аникий (см.).",Аникея,Аникеев,Аникеева,Аникиевич,Аникиевна,(для варианта целевого современного отчества)
М,Аникей,,Аникий,Разг.,"-я, м. Разг. к Аникий (см.).",Аникея,Аникеев,Аникеева,Аникеевич,Аникеевна,Словарь русских личных имен Петровского
М,Аникий,Аникей,,,"-я, м.; разг. Аникей, -я; стар. Иоанникий, -я.",Аникия,Аникиев,Аникиева,Аникиевич,Аникиевна,Словарь русских личных имен Петровского
М,Аникита,Никита,,,"-ы, м.; разг. Никита 2, -ы; стар. Ианикит, -а.",Аникиты,Аникитин,Аникитина,Аникитич,Аникитична,Словарь русских личных имен Петровского
Ж,Анимаиса,Анимаисия,,,"-ы, ж.; разг. Анимаисия, -и и Маиса, -ы.",Анимаиси,,,,,Словарь русских личных имен Петровского
Ж,Анимаисия,,Анимаиса,Разг.,"-и, ж. Разг. к Анимаиса (см.).",Анимаисии,,,,,Словарь русских личных имен Петровского
М,Анин,,,Стар. редк.,"-а, м. Стар. редк.",Анина,Анинов,Анинова,Анинович,Аниновна,Словарь русских личных имен Петровского
М,Анис,,Анисий,Разг.,"-а, м. Разг. к Анисий (см.).",Аниса,Анисов,Анисова,Анисиевич,Анисиевна,(для варианта целевого современного отчества)
М,Анис,,Онисим,Разг.,"-а, м. Разг. к Онисим (см.).",Аниса,Анисов,Анисова,Онисимович,Онисимовна,(для варианта целевого современного отчества)
М,Анис,,Анисий,Разг.,"-а, м. Разг. к Анисий (см.).",Аниса,Анисов,Анисова,Анисович,Анисовна,Словарь русских личных имен Петровского
М,Анис,,Онисим,Разг.,"-а, м. Разг. к Онисим (см.).",Аниса,Анисов,Анисова,Анисович,Анисовна,Словарь русских личных имен Петровского
Ж,Аниса,,Анисья,Разг.,"-ы, ж. Разг. к Анисья (см.).",Анисы,,,,,Словарь русских личных имен Петровского
М,Анисий,,,,,,Анисьев,Анисьева,Анисиевич,Анисиевна,"(для вариантов преобразования ""старого"" отчества в ""новое"")"
М,Анисий,Анис,,,"-я, м.; разг. Анис 1, -а.",Анисия,Анисиев,Анисиева,Анисиевич,Анисиевна,Словарь русских личных имен Петровского
М,Анисим,,Онисим,Разг.,"-а, м. Разг. к Онисим (см.).",Анисима,Анисимов,Анисимова,Онисимович,Онисимовна,(для варианта целевого современного отчества)
М,Анисим,,Онисим,Разг.,"-а, м. Разг. к Онисим (см.).",Анисима,Анисимов,Анисимова,Анисимович,Анисимовна,Словарь русских личных имен Петровского
Ж,Анисия,,Анисья,Вариант,"-и, ж. См. Анисья.",Анисии,,,,,Словарь русских личных имен Петровского
Ж,Анисья,Аниса,,,"-и, ж. и реже Анисия, -и; разг. Аниса, -ы.",Анисьи,,,,,Словарь русских личных имен Петровского
Ж,Анна,,,,"-ы, ж.",Анны,,,,,Словарь русских личных имен Петровского
М,Антигон,,,Стар. редк.,"-а, м. Стар. редк.",Антигона,Антигонов,Антигонова,Антигонович,Антигоновна,Словарь русских личных имен Петровского
Ж,Антигона,,,Редк.,"-ы, ж. Редк.",Антигоны,,,,,Словарь русских личных имен Петровского
М,Антиох,,,Стар. редк.,"-а, м. Стар. редк.",Антиоха,Антиохов,Антиохова,Антиохович,Антиоховна,Словарь русских личных имен Петровского
М,Антип,Антипий,,,"-а, м.; разг. Антипий, -я; Антипа, -ы.",Антипа,Антипов,Антипова,Антипович,Антиповна,Словарь русских личных имен Петровского
М,Антипа,,Антип,Стар. форма имени,"-ы, м. Стар. форма имени Антип (см.).",Антипы,Антипин,Антипина,Антипович,Антиповна,(для варианта целевого современного отчества)
М,Антипа,,Антип,Стар. форма имени,"-ы, м. Стар. форма имени Антип (см.).",Антипы,Антипин,Антипина,Антипич,Антипична,Словарь русских личных имен Петровского
М,Антипатр,,,Стар. редк.,"-а, м. Стар. редк.",Антипатра,Антипатров,Антипатрова,Антипатрович,Антипатровна,Словарь русских личных имен Петровского
М,Антипий,,Антип,Разг.,"-я, м. Разг. к Антип (см.).",Антипия,Антипиев,Антипиева,Антипович,Антиповна,(для варианта целевого современного отчества)
М,Антипий,,,,,,Антипьев,Антипьева,Антипиевич,Антипиевна,"(для вариантов преобразования ""старого"" отчества в ""новое"")"
М,Антипий,,Антип,Разг.,"-я, м. Разг. к Антип (см.).",Антипия,Антипиев,Антипиева,Антипиевич,Антипиевна,Словарь русских личных имен Петровского
М,Антон,Антоний,,,"-а, м.; стар. Антоний, -я.",Антона,Антонов,Антонова,Антонович,Антоновна,Словарь русских личных имен Петровского
Ж,Антониана,,,,"-ы, ж.",Антонианы,,,,,Словарь русских личных имен Петровского
Ж,Антонида,,Антонина,Народн.,"-ы, ж. Народн. форма имени Антонина (см.).",Антониды,,,,,Словарь русских личных имен Петровского
М,Антоний,,Антон,Стар. форма имени,"-я, м. Стар. форма имени Антон (см.).",Антония,Антониев,Антониева,Антонович,Антоновна,(для варианта целевого современного отчества)
М,Антоний,,,,,,Антоньев,Антоньева,Антониевич,Антониевна,"(для вариантов преобразования ""старого"" отчества в ""новое"")"
М,Антоний,,Антон,Стар. форма имени,"-я, м. Стар. форма имени Антон (см.).",Антония,Антониев,Антониева,Антониевич,Антониевна,Словарь русских личных имен Петровского
М,Антонин,,,,"-а, м.",Антонина,Антонинов,Антонинова,Антонинович,Антониновна,Словарь русских личных имен Петровского
Ж,Антонина,Антонида,,,"-ы, ж.; народн. Антонида, -ы.",Антонины,,,,,Словарь русских личных имен Петровского
Ж,Антония,,,,"-и, ж.",Антонии,,,,,Словарь русских личных имен Петровского
М,Антроп,,Евтропий,Разг.,"-а, м. Разг. к Евтропий (см.).",Антропа,Антропов,Антропова,Евтропиевич,Евтропиевна,(для варианта целевого современного отчества)
М,Антроп,,Евтропий,Разг.,"-а, м. Разг. к Евтропий (см.).",Антропа,Антропов,Антропова,Антропович,Антроповна,Словарь русских личных имен Петровского
М,Антропий,,Евтропий,Разг.,"-я, м. Разг. к Евтропий (см.).",Антропия,Антропиев,Антропиева,Евтропиевич,Евтропиевна,(для варианта целевого современного отчества)
М,Антропий,,,,,,Антропьев,Антропьева,Антропиевич,Антропиевна,"(для вариантов преобразования ""старого"" отчества в ""новое"")"
М,Антропий,,Евтропий,Разг.,"-я, м. Разг. к Евтропий (см.).",Антропия,Антропиев,Антропиева,Антропиевич,Антропиевна,Словарь русских личных имен Петровского
М,Анувий,,,Стар. редк.,"-я, м. Стар. редк.",Анувия,Анувиев,Анувиева,Анувиевич,Анувиевна,Словарь русских личных имен Петровского
М,Анурей,,Анурий,,,Анурея,Ануреев,Ануреева,Ануриевич,Ануриевна,
М,Анурий,,,,,,Анурьев,Анурьева,Ануриевич,Ануриевна,"(для вариантов преобразования ""старого"" отчества в ""новое"")"
М,Анурий,,,Стар. редк.,"-я, м. Стар. редк.",Анурия,Ануриев,Ануриева,Ануриевич,Ануриевна,Словарь русских личных имен Петровского
М,Ануфрий,,Онуфрий,Разг.,"-я, м. Разг. к Онуфрий (см.).",Ануфрия,Ануфриев,Ануфриева,Онуфриевич,Онуфриевна,(для варианта целевого современного отчества)
М,Ануфрий,,Онуфрий,Разг.,"-я, м. Разг. к Онуфрий (см.).",Ануфрия,Ануфриев,Ануфриева,Ануфриевич,Ануфриевна,Словарь русских личных имен Петровского
Ж,Анфиза,,Анфиса,Разг.,"-ы, ж. Разг. к Анфиса (см.).",Анфизы,,,,,Словарь русских личных имен Петровского
М,Анфим,,,,"-а, м.",Анфима,Анфимов,Анфимова,Анфимович,Анфимовна,Словарь русских личных имен Петровского
Ж,Анфима,,,Редк.,"-ы, ж. Редк.",Анфимы,,,,,Словарь русских личных имен Петровского
М,Анфимий,,,,,,Анфимьев,Анфимьева,Анфимиевич,Анфимиевна,"(для вариантов преобразования ""старого"" отчества в ""новое"")"
М,Анфимий,,,Стар. редк.,"-я, м. Стар. редк.",Анфимия,Анфимиев,Анфимиева,Анфимиевич,Анфимиевна,Словарь русских личных имен Петровского
М,Анфир,,,Стар. редк.,"-а, м. Стар. редк.",Анфира,Анфиров,Анфирова,Анфирович,Анфировна,Словарь русских личных имен Петровского
Ж,Анфиса,Анфиза,,,"-ы, ж.; разг. Анфиза, -ы.",Анфисы,,,,,Словарь русских личных имен Петровского
Ж,Анфия,Анфея,,,"-и, ж.; прост. Анфея, -и.",Анфии,,,,,Словарь русских личных имен Петровского
Ж,Анфуса,,,,"-ы, ж.",Анфусы,,,,,Словарь русских личных имен Петровского
М,Апелл,,Апеллий,Вариант,"-а, м. См. Апеллий.",Апелла,Апеллов,Апеллова,Апеллиевич,Апеллиевна,(для варианта целевого современного отчества)
М,Апелл,,Апеллий,Вариант,"-а, м. См. Апеллий.",Апелла,Апеллов,Апеллова,Апеллович,Апелловна,Словарь русских личных имен Петровского
М,Апеллий,,,,,,Апелльев,Апелльева,Апеллиевич,Апеллиевна,"(для вариантов преобразования ""старого"" отчества в ""новое"")"
М,Апеллий,,,Стар. редк.,"-я, м. и Апелл, -а. Стар. редк.",Апеллия,Апеллиев,Апеллиева,Апеллиевич,Апеллиевна,Словарь русских личных имен Петровского
Ж,Аполинария,,Аполлинария,,,Аполинарии,,,,,
М,Аполл,,,Стар. редк.,"-а, м. Стар. редк.",Аполла,Аполлов,Аполлова,Аполлович,Аполловна,Словарь русских личных имен Петровского
М,Аполлинарий,Полинарий,,,"-я, м.; прост. Полинарий, -я.",Аполлинария,Аполлинариев,Аполлинариева,Аполлинариевич,Аполлинариевна,Словарь русских личных имен Петровского
Ж,Аполлинария,Полина,,,"-и, ж.; разг. Полина, -ы; прост. Полинария, -и.",Аполлинарии,,,,,Словарь русских личных имен Петровского
М,Аполлон,,,,"-а, м.",Аполлона,Аполлонов,Аполлонова,Аполлонович,Аполлоновна,Словарь русских личных имен Петровского
М,Аполлоний,,,,,,Аполлоньев,Аполлоньева,Аполлониевич,Аполлониевна,"(для вариантов преобразования ""старого"" отчества в ""новое"")"
М,Аполлоний,,,Стар. редк.,"-я, м. Стар. редк.",Аполлония,Аполлониев,Аполлониева,Аполлониевич,Аполлониевна,Словарь русских личных имен Петровского
Ж,Аполлония,,,Стар. редк.,"-и, ж. Стар. редк.",Аполлонии,,,,,Словарь русских личных имен Петровского
М,Аполлос,,,Стар. редк.,"-а, м. Стар. редк.",Аполлоса,Аполлосов,Аполлосова,Аполлосович,Аполлосовна,Словарь русских личных имен Петровского
М,Апрелий,,,,,,Апрельев,Апрельева,Апрелиевич,Апрелиевна,"(для вариантов преобразования ""старого"" отчества в ""новое"")"
М,Апрелий,,,Стар. редк.,"-я, м. Стар. редк.",Апрелия,Апрелиев,Апрелиева,Апрелиевич,Апрелиевна,Словарь русских личных имен Петровского
Ж,Апрелия,,,,"-и, ж.",Апрелии,,,,,Словарь русских личных имен Петровского
М,Апрель,,,Стар. редк.,"-я, м. Стар. редк.",Апреля,Апрелев,Апрелева,Апрелевич,Апрелевна,Словарь русских личных имен Петровского
М,Апрон,,Апрониан,Разг.,"-а, м. Разг. к Апрониан (см.).",Апрона,Апронов,Апронова,Апронианович,Апрониановна,(для варианта целевого современного отчества)
М,Апрон,,Апрониан,Разг.,"-а, м. Разг. к Апрониан (см.).",Апрона,Апронов,Апронова,Апронович,Апроновна,Словарь русских личных имен Петровского
М,Апрониан,Апрон,,,"-а, м.; разг. Апрон, -а.",Апрониана,Апронианов,Апронианова,Апронианович,Апрониановна,Словарь русских личных имен Петровского
Ж,Апфия,,,Стар. редк.,"-и, ж. Стар. редк.",Апфии,,,,,Словарь русских личных имен Петровского
М,Аргенид,,,Стар. редк.,"-а, м. Стар. редк.",Аргенида,Аргенидов,Аргенидова,Аргенидович,Аргенидовна,Словарь русских личных имен Петровского
Ж,Аргентея,,,Стар. редк.,"-и, ж. Стар. редк.",Аргентеи,,,,,Словарь русских личных имен Петровского
Ж,Аргентина,,,Заимств.,"-ы, ж. Заимств.",Аргентины,,,,,Словарь русских личных имен Петровского
М,Ардалион,Ардальон,,,"-а, м.; разг. Ардальон, -а.",Ардалиона,Ардалионов,Ардалионова,Ардалионович,Ардалионовна,Словарь русских личных имен Петровского
М,Ардальон,,Ардалион,Разг.,"-а, м. Разг. к Ардалион (см.).",Ардальона,Ардальонов,Ардальонова,Ардалионович,Ардалионовна,(для варианта целевого современного отчества)
М,Ардальон,,Ардалион,Разг.,"-а, м. Разг. к Ардалион (см.).",Ардальона,Ардальонов,Ардальонова,Ардальонович,Ардальоновна,Словарь русских личных имен Петровского
М,Арест,,,Стар. редк.,"-а, м. Стар. редк.",Ареста,Арестов,Арестова,Арестович,Арестовна,Словарь русских личных имен Петровского
М,Ареф,,Арефий,Разг.,"-а, м. Разг. к Арефий (см.).",Арефа,Арефов,Арефова,Арефиевич,Арефиевна,(для варианта целевого современного отчества)
М,Ареф,,Арефий,Разг.,"-а, м. Разг. к Арефий (см.).",Арефа,Арефов,Арефова,Арефович,Арефовна,Словарь русских личных имен Петровского
М,Арефа,,Арефий,Стар.,"-ы, м. Стар. форма имени Арефий (см.).",Арефы,Арефов,Арефова,Арефиевич,Арефиевна,(для варианта целевого современного отчества)
М,Арефа,,Арефий,Стар.,"-ы, м. Стар. форма имени Арефий (см.).",Арефы,Арефов,Арефова,Арефович,Арефовна,Словарь русских личных имен Петровского
М,Арефий,,,,,,Арефьев,Арефьева,Арефиевич,Арефиевна,"(для вариантов преобразования ""старого"" отчества в ""новое"")"
М,Арефий,Ареф,,,"-я, м.; разг. Ареф, -а; стар. Арефа, -ы.",Арефия,Арефиев,Арефиева,Арефиевич,Арефиевна,Словарь русских личных имен Петровского
Ж,Ариадна,,,,"-ы, ж.",Ариадны,,,,,Словарь русских личных имен Петровского
М,Ариан,,,,"-а, м.",Ариана,Арианов,Арианова,Арианович,Ариановна,Словарь русских личных имен Петровского
М,Арий,,,,"-я, м.",Ария,Ариев,Ариева,Ариевич,Ариевна,Словарь русских личных имен Петровского
М,Арикс,,,Стар. редк.,"-а, м. Стар. редк.",Арикса,Ариксов,Ариксова,Ариксович,Ариксовна,Словарь русских личных имен Петровского
Ж,Арина,,Ирина,Народн.,"-ы, ж. Народн. форма имени Ирина (см.).",Арины,,,,,Словарь русских личных имен Петровского
М,Арион,,,Стар. редк.,"-а, м. Стар. редк.",Ариона,Арионов,Арионова,Арионович,Арионовна,Словарь русских личных имен Петровского
Ж,Ариппина,,,,,Агриппины,,,,,-
М,Арис,,,,"-а, м.",Ариса,Арисов,Арисова,Арисович,Арисовна,Словарь русских личных имен Петровского
М,Аристарх,,,,"-а, м.",Аристарха,Аристархов,Аристархова,Аристархович,Аристарховна,Словарь русских личных имен Петровского
М,Аристид,,,Стар. редк.,"-а, м. Стар. редк.",Аристида,Аристидов,Аристидова,Аристидович,Аристидовна,Словарь русских личных имен Петровского
М,Аристион,,,Стар. редк.,"-а, м. Стар. редк.",Аристиона,Аристионов,Аристионова,Аристионович,Аристионовна,Словарь русских личных имен Петровского
М,Аристовул,,,Стар. редк.,"-а, м. Стар. редк.",Аристовула,Аристовулов,Аристовулова,Аристовулович,Аристовуловна,Словарь русских личных имен Петровского
М,Аристоклий,,,Стар. редк.,"-я, м. Стар. редк.",Аристоклия,Аристоклиев,Аристоклиева,Аристоклиевич,Аристоклиевна,Словарь русских личных имен Петровского
Ж,Ария,,,,"-и, ж.",Арии,,,,,Словарь русских личных имен Петровского
М,Аркадий,,,,,,Аркадьев,Аркадьева,Аркадиевич,Аркадиевна,"(для вариантов преобразования ""старого"" отчества в ""новое"")"
М,Аркадий,,,,"-я, м.",Аркадия,Аркадиев,Аркадиева,Аркадиевич,Аркадиевна,Словарь русских личных имен Петровского
Ж,Аркадия,,,,"-и, ж.",Аркадии,,,,,Словарь русских личных имен Петровского
М,Армен,,Армений,Разг.,"-а, м. Разг. к Армений (см.).",Армена,Арменов,Арменова,Армениевич,Армениевна,(для варианта целевого современного отчества)
М,Армен,,Армений,Разг.,"-а, м. Разг. к Армений (см.).",Армена,Арменов,Арменова,Арменович,Арменовна,Словарь русских личных имен Петровского
М,Армений,,,,,,Арменьев,Арменьева,Армениевич,Армениевна,"(для вариантов преобразования ""старого"" отчества в ""новое"")"
М,Армений,Армен,,,"-я, м.; разг. Армен, -а.",Армения,Армениев,Армениева,Армениевич,Армениевна,Словарь русских личных имен Петровского
Ж,Арминия,,,Стар. редк.,"-и, ж. Стар. редк.",Арминии,,,,,Словарь русских личных имен Петровского
М,Арнольд,,,Заимств.,"-а, м. Заимств.",Арнольда,Арнольдов,Арнольдова,Арнольдович,Арнольдовна,Словарь русских личных имен Петровского
М,Арон,,,,"-а, м.",Арона,Аронов,Аронова,Аронович,Ароновна,Словарь русских личных имен Петровского
М,Аронос,,,Стар. редк.,"-а, м. Стар. редк.",Ароноса,Ароносов,Ароносова,Ароносович,Ароносовна,Словарь русских личных имен Петровского
М,Арпила,,,Стар. редк.,"-ы, м. Стар. редк.",Арпилы,Арпилин,Арпилина,Арпилич,Арпилична,Словарь русских личных имен Петровского
М,Арсакий,,,Стар. редк.,"-я, м. Стар. редк.",Арсакия,Арсакиев,Арсакиева,Арсакиевич,Арсакиевна,Словарь русских личных имен Петровского
М,Арсен,,Арсений,Разг.,"-а, м. Разг. к Арсений (см.).",Арсена,Арсенов,Арсенова,Арсениевич,Арсениевна,(для варианта целевого современного отчества)
М,Арсен,,Арсений,Разг.,"-а, м. Разг. к Арсений (см.).",Арсена,Арсенов,Арсенова,Арсенович,Арсеновна,Словарь русских личных имен Петровского
М,Арсений,,,,,,Арсеньев,Арсеньева,Арсениевич,Арсениевна,"(для вариантов преобразования ""старого"" отчества в ""новое"")"
М,Арсений,Арсен,,,"-я, м.; разг. Арсен, -а и Арсентий, -я.",Арсения,Арсениев,Арсениева,Арсениевич,Арсениевна,Словарь русских личных имен Петровского
Ж,Арсения,,,,"-и, ж.",Арсении,,,,,Словарь русских личных имен Петровского
М,Арсентий,,Арсений,Разг.,"-я, м. Разг. к Арсений (см.).",Арсентия,Арсентиев,Арсентиева,Арсениевич,Арсениевна,(для варианта целевого современного отчества)
М,Арсентий,,,,,,Арсентьев,Арсентьева,Арсентиевич,Арсентиевна,"(для вариантов преобразования ""старого"" отчества в ""новое"")"
М,Арсентий,,Арсений,Разг.,"-я, м. Разг. к Арсений (см.).",Арсентия,Арсентиев,Арсентиева,Арсентиевич,Арсентиевна,Словарь русских личных имен Петровского
М,Артамон,Артемон,,,"-а, м.; стар. Артемон, -а.",Артамона,Артамонов,Артамонова,Артамонович,Артамоновна,Словарь русских личных имен Петровского
М,Артём,Артем,Артемий,Разг.,"-а, м. Разг. к Артемий (см.).",Артёма,Артёмов,Артёмова,Артемиевич,Артемиевна,(для варианта целевого современного отчества)
М,Артём,Артем,Артемий,Разг.,"-а, м. Разг. к Артемий (см.).",Артема,Артемов,Артемова,Артемиевич,Артемиевна,(для варианта целевого современного отчества)
М,Артём,Артем,Артемий,Разг.,"-а, м. Разг. к Артемий (см.).",Артема,Артемов,Артемова,Артемович,Артемовна,(для вариантов е/ё в отчествах)
М,Артём,Артем,Артемий,Разг.,"-а, м. Разг. к Артемий (см.).",Артёма,Артёмов,Артёмова,Артёмович,Артёмовна,Словарь русских личных имен Петровского
М,Артема,Артемей,Артемий,Стар. форма имени,"-ы, м. Стар. форма имени Артемий (см.).",Артемы,Артемин,Артемина,Артемиевич,Артемиевна,(для варианта целевого современного отчества)
М,Артема,Артемей,Артемий,Стар. форма имени,"-ы, м. Стар. форма имени Артемий (см.).",Артемы,Артемин,Артемина,Артемич,Артемична,Словарь русских личных имен Петровского
Ж,Артемида,,,Заимств.,"-ы, ж. Заимств.",Артемиды,,,,,Словарь русских личных имен Петровского
М,Артемий,Артема,,,,,Артемьев,Артемьева,Артемиевич,Артемиевна,"(для вариантов преобразования ""старого"" отчества в ""новое"")"
М,Артемий,Артем,,,"-я, м.; разг. Артём, -а; прост. Артемей, -я; стар. Артема, -ы.",Артемия,Артемиев,Артемиева,Артемиевич,Артемиевна,Словарь русских личных имен Петровского
Ж,Артемия,,,Стар. редк.,"-и, ж. Стар. редк.",Артемии,,,,,Словарь русских личных имен Петровского
М,Артемон,,Артамон,Стар. форма имени,"-а, м. Стар. форма имени Артамон (см.).",Артемона,Артемонов,Артемонова,Артамонович,Артамоновна,(для варианта целевого современного отчества)
М,Артемон,,Артамон,Стар. форма имени,"-а, м. Стар. форма имени Артамон (см.).",Артемона,Артемонов,Артемонова,Артемонович,Артемоновна,Словарь русских личных имен Петровского
М,Артур,,,Заимств.,"-а, м. Заимств.",Артура,Артуров,Артурова,Артурович,Артуровна,Словарь русских личных имен Петровского
М,Архелай,,,Стар. редк.,"-я, м. Стар. редк.",Архелая,Архелаев,Архелаева,Архелаевич,Архелаевна,Словарь русских личных имен Петровского
Ж,Архелая,,,Стар. редк.,"-и, ж. Стар. редк.",Архелаи,,,,,Словарь русских личных имен Петровского
М,Архилий,,,Стар. редк.,"-я, м. Стар. редк.",Архилия,Архилиев,Архилиева,Архилиевич,Архилиевна,Словарь русских личных имен Петровского
М,Архимед,,,Стар. редк.,"-а, м. Стар. редк.",Архимеда,Архимедов,Архимедова,Архимедович,Архимедовна,Словарь русских личных имен Петровского
М,Архип,,Архипп,Разг.,"-а, м. Разг. к Архипп (см.).",Архипа,Архипов,Архипова,Архиппович,Архипповна,(для варианта целевого современного отчества)
М,Архип,,Архипп,Разг.,"-а, м. Разг. к Архипп (см.).",Архипа,Архипов,Архипова,Архипович,Архиповна,Словарь русских личных имен Петровского
М,Архипп,Архип,,,"-а, м.; разг. Архип, -а.",Архиппа,Архиппов,Архиппова,Архиппович,Архипповна,Словарь русских личных имен Петровского
М,Асаф,,Иосаф,Разг.,"-а, м. Разг. к Иосаф (см.).",Асафа,Асафов,Асафова,Иосафович,Иосафовна,(для варианта целевого современного отчества)
М,Асаф,,Иосаф,Разг.,"-а, м. Разг. к Иосаф (см.).",Асафа,Асафов,Асафова,Асафович,Асафовна,Словарь русских личных имен Петровского
М,Асафий,,Иосаф,Разг.,"-я, м. Разг. к Иосаф (см.).",Асафия,Асафиев,Асафиева,Иосафович,Иосафовна,(для варианта целевого современного отчества)
М,Асафий,,,,,,Асафьев,Асафьева,Асафьевич,Асафьевна,"(для вариантов преобразования ""старого"" отчества в ""новое"")"
М,Асафий,,Иосаф,Разг.,"-я, м. Разг. к Иосаф (см.).",Асафия,Асафиев,Асафиева,Асафьевич,Асафьевна,Словарь русских личных имен Петровского
М,Асигкрит,,Асинкрит,,,Асигкрита,Асигкритов,Асигкритова,Асинкритович,Асинкритовна,
М,Асинкрит,,,Стар. редк.,"-а, м. Стар. редк.",Асинкрита,Асинкритов,Асинкритова,Асинкритович,Асинкритовна,Словарь русских личных имен Петровского
М,Асир,,,Стар. редк.,"-а, м. Стар. редк.",Асира,Асиров,Асирова,Асирович,Асировна,Словарь русских личных имен Петровского
М,Аскалон,,,Стар. редк.,"-а, м. Стар. редк.",Аскалона,Аскалонов,Аскалонова,Аскалонович,Аскалоновна,Словарь русских личных имен Петровского
Ж,Аскитрея,Аскитрия,,,"-и, ж. и Аскитрия, -и. Стар. редк.",Аскитреи,,,,,Словарь русских личных имен Петровского
Ж,Аскитрия,,Аскитрея,Вариант,"-и, ж. См. Аскитрея.",Аскитрии,,,,,Словарь русских личных имен Петровского
М,Асклипиодот,,,Стар. редк.,"-а, м. Стар. редк.",Асклипиодота,Асклипиодотов,Асклипиодотова,Асклипиодотович,Асклипиодотовна,Словарь русских личных имен Петровского
Ж,Асклипиодота,,,Стар. редк.,"-ы, ж. Стар. редк.",Асклипиодоты,,,,,Словарь русских личных имен Петровского
М,Аскольд,,,Редк.,"-а, м. Редк.",Аскольда,Аскольдов,Аскольдова,Аскольдович,Аскольдовна,Словарь русских личных имен Петровского
Ж,Аста,,,Стар. редк.,"-ы, ж. Стар. редк.",Асты,,,,,Словарь русских личных имен Петровского
М,Астафей,Астафий,Евстафий,,,Астафея,Астафеев,Астафеева,Евстафиевич,Евстафиевна,
М,Астафий,,Евстафий,,,Астафия,Астафьев,Астафьева,Евстафиевич,Евстафиевна,
М,Астерий,,,,,,Астерьев,Астерьева,Астериевич,Астериевна,"(для вариантов преобразования ""старого"" отчества в ""новое"")"
М,Астерий,,,Стар. редк.,"-я, м. Стар. редк.",Астерия,Астериев,Астериева,Астериевич,Астериевна,Словарь русских личных имен Петровского
М,Астий,,,,,,Астьев,Астьева,Астиевич,Астиевна,"(для вариантов преобразования ""старого"" отчества в ""новое"")"
М,Астий,,,Стар. редк.,"-я, м. Стар. редк.",Астия,Астиев,Астиева,Астиевич,Астиевна,Словарь русских личных имен Петровского
М,Астион,,,Стар. редк.,"-а, м. Стар. редк.",Астиона,Астионов,Астионова,Астионович,Астионовна,Словарь русских личных имен Петровского
Ж,Астра,,,Нов.,"-ы, ж. Нов.",Астры,,,,,Словарь русских личных имен Петровского
М,Аттий,,,,,,Аттьев,Аттьева,Аттиевич,Аттиевна,"(для вариантов преобразования ""старого"" отчества в ""новое"")"
М,Аттий,,,Стар. редк.,"-я, м. Стар. редк.",Аттия,Аттиев,Аттиева,Аттиевич,Аттиевна,Словарь русских личных имен Петровского
М,Аттик,,,Стар. редк.,"-а, м. Стар. редк.",Аттика,Аттиков,Аттикова,Аттикович,Аттиковна,Словарь русских личных имен Петровского
М,Афанас,,Афанасий,Разг.,"-а, м. Разг. к Афанасий (см.).",Афанаса,Афанасов,Афанасова,Афанасиевич,Афанасиевна,(для варианта целевого современного отчества)
М,Афанас,,Афанасий,Разг.,"-а, м. Разг. к Афанасий (см.).",Афанаса,Афанасов,Афанасова,Афанасович,Афанасовна,Словарь русских личных имен Петровского
М,Афанасий,,,,,,Афанасьев,Афанасьева,Афанасиевич,Афанасиевна,"(для вариантов преобразования ""старого"" отчества в ""новое"")"
М,Афанасий,Афанас,,,"-я, м.; разг. Афанас, -а; прост. Апанас, -а.",Афанасия,Афанасиев,Афанасиева,Афанасиевич,Афанасиевна,Словарь русских личных имен Петровского
Ж,Афанасия,,,,"-и, ж.",Афанасии,,,,,Словарь русских личных имен Петровского
М,Афиноген,Финоген,,,"-а, м.; разг. Финоген, -а; прост. Анфиноген, -а.",Афиногена,Афиногенов,Афиногенова,Афиногенович,Афиногеновна,Словарь русских личных имен Петровского
М,Афинодор,,,Стар. редк.,"-а, м. Стар. редк.",Афинодора,Афинодоров,Афинодорова,Афинодорович,Афинодоровна,Словарь русских личных имен Петровского
М,Афон,,Афоний,Разг.,"-а, м. Разг. к Афоний (см.).",Афона,Афонов,Афонова,Афониевич,Афониевна,(для варианта целевого современного отчества)
М,Афон,,Афоний,Разг.,"-а, м. Разг. к Афоний (см.).",Афона,Афонов,Афонова,Афонович,Афоновна,Словарь русских личных имен Петровского
М,Афоний,,,,,,Афоньев,Афоньева,Афониевич,Афониевна,"(для вариантов преобразования ""старого"" отчества в ""новое"")"
М,Афоний,Афон,,,"-я, м.; разг. Афон, -а; стар. Аффоний, -я.",Афония,Афониев,Афониева,Афониевич,Афониевна,Словарь русских личных имен Петровского
М,Афр,,,Стар. редк.,"-а, м. Стар. редк.",Афра,Афров,Афрова,Афрович,Афровна,Словарь русских личных имен Петровского
М,Африкан,,,,"-а, м.",Африкана,Африканов,Африканова,Африканович,Африкановна,Словарь русских личных имен Петровского
М,Афродисий,,,Стар. редк.,"-я, м. Стар. редк.",Афродисия,Афродисиев,Афродисиева,Афродисиевич,Афродисиевна,Словарь русских личных имен Петровского
М,Аффоний,,Афоний,Стар. форма имени,"-я, м. Стар. форма имени Афоний (см.).",Аффония,Аффониев,Аффониева,Афониевич,Афониевна,(для варианта целевого современного отчества)
М,Аффоний,,,,,,Аффоньев,Аффоньева,Аффониевич,Аффониевна,"(для вариантов преобразования ""старого"" отчества в ""новое"")"
М,Аффоний,,Афоний,Стар. форма имени,"-я, м. Стар. форма имени Афоний (см.).",Аффония,Аффониев,Аффониева,Аффониевич,Аффониевна,Словарь русских личных имен Петровского
М,Ахаик,,,Стар. редк.,"-а, м. Стар. редк.",Ахаика,Ахаиков,Ахаикова,Ахаикович,Ахаиковна,Словарь русских личных имен Петровского
М,Ахила,,Ахилл,Разг.,"-ы, м. Разг. к Ахилл (см.).",Ахилы,Ахилин,Ахилина,Ахиллович,Ахилловна,(для варианта целевого современного отчества)
М,Ахила,,Ахилл,Разг.,"-ы, м. Разг. к Ахилл (см.).",Ахилы,Ахилин,Ахилина,Ахилич,Ахилична,Словарь русских личных имен Петровского
М,Ахилл,Ахиллий,,Редк.,"-а, м. Редк.; разг. Ахила, -ы; стар. Ахиллий, -я.",Ахилла,Ахиллов,Ахиллова,Ахиллович,Ахилловна,Словарь русских личных имен Петровского
М,Ахиллий,,Ахилл,Стар. форма имени,"-я, м. Стар. форма имени Ахилл (см.).",Ахиллия,Ахиллиев,Ахиллиева,Ахиллович,Ахилловна,(для варианта целевого современного отчества)
М,Ахиллий,,,,,,Ахилльев,Ахилльева,Ахиллиевич,Ахиллиевна,"(для вариантов преобразования ""старого"" отчества в ""новое"")"
М,Ахиллий,,Ахилл,Стар. форма имени,"-я, м. Стар. форма имени Ахилл (см.).",Ахиллия,Ахиллиев,Ахиллиева,Ахиллиевич,Ахиллиевна,Словарь русских личных имен Петровского
М,Ахия,,,Стар. редк.,"-и, м. Стар. редк.",Ахии,Ахин,Ахина,Ахиич,Ахиична,Словарь русских личных имен Петровского
Ж,Аэлита,,,Нов.,"-ы, ж. Нов.",Аэлиты,,,,,Словарь русских личных имен Петровского
М,Аэтий,,,Редк.,"-я, м. Редк.; стар. Аетий, -я.",Аэтия,Аэтиев,Аэтиева,Аэ́Тиевич,Аэ́Тиевна,Словарь русских личных имен Петровского
М,Бажен,,,Ст.-русск.,"-а, м. Ст.-русск.",Бажена,Баженов,Баженова,Баженович,Баженовна,Словарь русских личных имен Петровского
М,Баиан,,Баян,Стар. форма имени,"-а, м. Стар. форма имени Баян (см.).",Баиана,Баианов,Баианова,Баянович,Баяновна,(для варианта целевого современного отчества)
М,Баиан,,Баян,Стар. форма имени,"-а, м. Стар. форма имени Баян (см.).",Баиана,Баианов,Баианова,Баианович,Баиановна,Словарь русских личных имен Петровского
М,Барфоний,,,,,,Барфоньев,Барфоньева,Барфониевич,Барфониевна,"(для вариантов преобразования ""старого"" отчества в ""новое"")"
М,Барфоний,,,Стар. редк.,"-я, м. Стар. редк.",Барфония,Барфониев,Барфониева,Барфониевич,Барфониевна,Словарь русских личных имен Петровского
М,Баян,Баиан,,,"-а, м.; стар. Баиан, -а.",Баяна,Баянов,Баянова,Баянович,Баяновна,Словарь русских личных имен Петровского
Ж,Беатриса,,,Заимств.,"-ы, ж. Заимств.",Беатрисы,,,,,Словарь русских личных имен Петровского
М,Белатиан,,,Стар. редк.,"-а, м. Стар. редк.",Белатиана,Белатианов,Белатианова,Белатианович,Белатиановна,Словарь русских личных имен Петровского
Ж,Белла,,,Заимств.,"-ы, ж. Заимств.",Беллы,,,,,Словарь русских личных имен Петровского
М,Белослав,,,Слав. редк.,"-а, м. Слав. редк.",Белослава,Белославов,Белославова,Белославович,Белославовна,Словарь русских личных имен Петровского
Ж,Белослава,,,Слав. редк.,"-ы, ж. Слав. редк.",Белославы,,,,,Словарь русских личных имен Петровского
М,Бенедикт,,,Заимств.,"-а, м. Заимств.",Бенедикта,Бенедиктов,Бенедиктова,Бенедиктович,Бенедиктовна,Словарь русских личных имен Петровского
Ж,Бенедикта,,,Заимств.,"-ы, ж. Заимств.",Бенедикты,,,,,Словарь русских личных имен Петровского
М,Бенигн,,,Стар. редк.,"-а, м. Стар. редк.",Бенигна,Бенигнов,Бенигнова,Бенигнович,Бенигновна,Словарь русских личных имен Петровского
Ж,Берта,,,Заимств.,"-ы, ж. Заимств.",Берты,,,,,Словарь русских личных имен Петровского
М,Благослав,,,Слав. редк.,"-а, м. Слав. редк.",Благослава,Благославов,Благославова,Благославович,Благославовна,Словарь русских личных имен Петровского
Ж,Бландина,,,Стар. редк.,"-ы, ж. Стар. редк.",Бландины,,,,,Словарь русских личных имен Петровского
М,Богдан,,,Слав.,"-а, м. Слав.",Богдана,Богданов,Богданова,Богданович,Богдановна,Словарь русских личных имен Петровского
Ж,Богдана,,,Слав.,"-ы, ж. Слав.",Богданы,,,,,Словарь русских личных имен Петровского
М,Боголеп,,,Слав. редк.,"-а, м. Слав. редк.",Боголепа,Боголепов,Боголепова,Боголепович,Боголеповна,Словарь русских личных имен Петровского
Ж,Божена,,,Слав. редк.,"-ы, ж. Слав. редк.",Божены,,,,,Словарь русских личных имен Петровского
М,Болеслав,,,Слав. редк.,"-а, м. Слав. редк.",Болеслава,Болеславов,Болеславова,Болеславович,Болеславовна,Словарь русских личных имен Петровского
Ж,Болеслава,,,Слав. редк.,"-ы, ж. Слав. редк.",Болеславы,,,,,Словарь русских личных имен Петровского
М,Бонифат,,Бонифатий,Разг.,"-а, м. Разг. к Бонифатий (см.).",Бонифата,Бонифатов,Бонифатова,Бонифатиевич,Бонифатиевна,(для варианта целевого современного отчества)
М,Бонифат,,Бонифатий,Разг.,"-а, м. Разг. к Бонифатий (см.).",Бонифата,Бонифатов,Бонифатова,Бонифатович,Бонифатовна,Словарь русских личных имен Петровского
М,Бонифатий,,,,,,Бонифатьев,Бонифатьева,Бонифатиевич,Бонифатиевна,"(для вариантов преобразования ""старого"" отчества в ""новое"")"
М,Бонифатий,Бонифат,,,"-я, м.; разг. Бонифат, -а.",Бонифатия,Бонифатиев,Бонифатиева,Бонифатиевич,Бонифатиевна,Словарь русских личных имен Петровского
М,Боримир,,,Слав.,"-а, м. Слав.",Боримира,Боримиров,Боримирова,Боримирович,Боримировна,Словарь русских личных имен Петровского
М,Борис,,,Слав.,"-а, м. Слав.",Бориса,Борисов,Борисова,Борисович,Борисовна,Словарь русских личных имен Петровского
М,Борислав,,,Слав.,"-а, м. Слав.",Борислава,Бориславов,Бориславова,Бориславович,Бориславовна,Словарь русских личных имен Петровского
Ж,Борислава,,,Слав.,"-ы, ж. Слав.",Бориславы,,,,,Словарь русских личных имен Петровского
М,Боян,,,Слав. редк.,"-а, м. Слав. редк.",Бояна,Боянов,Боянова,Боянович,Бояновна,Словарь русских личных имен Петровского
Ж,Бояна,,,Слав. редк.,"-ы, ж. Слав. редк.",Бояны,,,,,Словарь русских личных имен Петровского
М,Братислав,,,Слав.,"-а, м. Слав.",Братислава,Братиславов,Братиславова,Братиславович,Братиславовна,Словарь русских личных имен Петровского
Ж,Братислава,,,Слав.,"-ы, ж. Слав.",Братиславы,,,,,Словарь русских личных имен Петровского
М,Британий,,,,,,Британьев,Британьева,Британиевич,Британиевна,"(для вариантов преобразования ""старого"" отчества в ""новое"")"
М,Британий,,,Стар. редк.,"-я, м. Стар. редк.",Британия,Британиев,Британиева,Британиевич,Британиевна,Словарь русских личных имен Петровского
М,Бронислав,,,Слав.,"-а, м. Слав.",Бронислава,Брониславов,Брониславова,Брониславович,Брониславовна,Словарь русских личных имен Петровского
Ж,Бронислава,,,Слав.,"-ы, ж. Слав.",Брониславы,,,,,Словарь русских личных имен Петровского
М,Брячислав,,,Слав. редк.,"-а, м. Слав. редк.",Брячислава,Брячиславов,Брячиславова,Брячиславович,Брячиславовна,Словарь русских личных имен Петровского
М,Будимир,,,Слав.,"-а, м. Слав.",Будимира,Будимиров,Будимирова,Будимирович,Будимировна,Словарь русских личных имен Петровского
М,Вавила,,,,"-ы, м.",Вавилы,Вавилин,Вавилина,Вавилич,Вавилична,Словарь русских личных имен Петровского
М,Вадим,,,Ст.-русск.,"-а, м. Ст.-русск.",Вадима,Вадимов,Вадимова,Вадимович,Вадимовна,Словарь русских личных имен Петровского
М,Вакх,,,,"-а, м.",Вакха,Вакхов,Вакхова,Вакхович,Вакховна,Словарь русских личных имен Петровского
Ж,Валенсия,,,Заимств.,"-и, ж. Заимств.",Валенсии,,,,,Словарь русских личных имен Петровского
М,Валент,,,,"-а, м.",Валента,Валентов,Валентова,Валентович,Валентовна,Словарь русских личных имен Петровского
М,Валентин,,,,"-а, м.",Валентина,Валентинов,Валентинова,Валентинович,Валентиновна,Словарь русских личных имен Петровского
Ж,Валентина,,,,"-ы, ж.",Валентины,,,,,Словарь русских личных имен Петровского
М,Валентион,,,Стар. редк.,"-а, м. Стар. редк.",Валентиона,Валентионов,Валентионова,Валентионович,Валентионовна,Словарь русских личных имен Петровского
М,Валер,,Валериан,Разг.,"-а, м. Разг. к Валериан (см.).",Валера,Валеров,Валерова,Валерианович,Валериановна,(для варианта целевого современного отчества)
М,Валер,,Валерий,Разг.,"-а, м. Разг. к Валерий (см.).",Валера,Валеров,Валерова,Валериевич,Валериевна,(для варианта целевого современного отчества)
М,Валер,,Валериан,Разг.,"-а, м. Разг. к Валериан (см.).",Валера,Валеров,Валерова,Валерович,Валеровна,Словарь русских личных имен Петровского
М,Валер,,Валерий,Разг.,"-а, м. Разг. к Валерий (см.).",Валера,Валеров,Валерова,Валерович,Валеровна,Словарь русских личных имен Петровского
М,Валериан,Валерьян,,,"-а, м.; разг. Валерьян, -а и Валер 1, -а.",Валериана,Валерианов,Валерианова,Валерианович,Валериановна,Словарь русских личных имен Петровского
М,Валерий,,,,,,Валерьев,Валерьева,Валериевич,Валериевна,"(для вариантов преобразования ""старого"" отчества в ""новое"")"
М,Валерий,Валер,,,"-я, м.; разг. Валер 2, -а.",Валерия,Валериев,Валериева,Валериевич,Валериевна,Словарь русских личных имен Петровского
Ж,Валерия,,,,"-и, ж.",Валерии,,,,,Словарь русских личных имен Петровского
М,Валерьян,,Валериан,Разг.,"-а, м. Разг. к Валериан (см.).",Валерьяна,Валерьянов,Валерьянова,Валерианович,Валериановна,(для варианта целевого современного отчества)
М,Валерьян,,Валериан,Разг.,"-а, м. Разг. к Валериан (см.).",Валерьяна,Валерьянов,Валерьянова,Валерьянович,Валерьяновна,Словарь русских личных имен Петровского
М,Валтасар,,,Стар. редк.,"-а, м. Стар. редк.",Валтасара,Валтасаров,Валтасарова,Валтасарович,Валтасаровна,Словарь русских личных имен Петровского
Ж,Ванда,,,Слав.,"-ы, ж. Слав.",Ванды,,,,,Словарь русских личных имен Петровского
М,Ваптос,,,Стар. редк.,"-а, м. Стар. редк.",Ваптоса,Ваптосов,Ваптосова,Ваптосович,Ваптосовна,Словарь русских личных имен Петровского
М,Вар,,,Стар. редк.,"-а, м. Стар. редк.",Вара,Варов,Варова,Варович,Варовна,Словарь русских личных имен Петровского
М,Варадат,,,Стар. редк.,"-а, м. Стар. редк.",Варадата,Варадатов,Варадатова,Варадатович,Варадатовна,Словарь русских личных имен Петровского
М,Варак,,,Стар. редк.,"-а, м. Стар. редк.",Варака,Вараков,Варакова,Варакович,Вараковна,Словарь русских личных имен Петровского
М,Варахиил,,,Стар. редк.,"-а, м. Стар. редк.",Варахиила,Варахиилов,Варахиилова,Варахиилович,Варахииловна,Словарь русских личных имен Петровского
М,Варахисий,,,,,,Варахисьев,Варахисьева,Варахисиевич,Варахисиевна,"(для вариантов преобразования ""старого"" отчества в ""новое"")"
М,Варахисий,,,Стар. редк.,"-я, м. Стар. редк.; прост. Вараксий, -я.",Варахисия,Варахисиев,Варахисиева,Варахисиевич,Варахисиевна,Словарь русских личных имен Петровского
М,Варвар,Варварий,,Стар. редк.,"-а, м. Стар. редк.; разг. Варварий, -я.",Варвара,Варваров,Варварова,Варварович,Варваровна,Словарь русских личных имен Петровского
Ж,Варвара,,,,"-ы, ж.",Варвары,,,,,Словарь русских личных имен Петровского
М,Варварий,,Варвар,Разг.,"-я, м. Разг. к Варвар (см.).",Варвария,Варвариев,Варвариева,Варварович,Варваровна,(для варианта целевого современного отчества)
М,Варварий,,,,,,Варварьев,Варварьева,Варвариевич,Варвариевна,"(для вариантов преобразования ""старого"" отчества в ""новое"")"
М,Варварий,,Варвар,Разг.,"-я, м. Разг. к Варвар (см.).",Варвария,Варвариев,Варвариева,Варвариевич,Варвариевна,Словарь русских личных имен Петровского
М,Варисий,,,,,,Варисьев,Варисьева,Варисиевич,Варисиевна,"(для вариантов преобразования ""старого"" отчества в ""новое"")"
М,Варисий,,,Стар. редк.,"-я, м. Стар. редк.",Варисия,Варисиев,Варисиева,Варисиевич,Варисиевна,Словарь русских личных имен Петровского
М,Варлаам,Варлам,,,"-а, м.; разг. Варлам, -а и Варламий, -я.",Варлаама,Варлаамов,Варлаамова,Варлаамович,Варлаамовна,Словарь русских личных имен Петровского
М,Варлам,,Варлаам,Разг.,"-а, м. Разг. к Варлаам (см.).",Варлама,Варламов,Варламова,Варлаамович,Варлаамовна,(для варианта целевого современного отчества)
М,Варлам,,Варлаам,Разг.,"-а, м. Разг. к Варлаам (см.).",Варлама,Варламов,Варламова,Варламович,Варламовна,Словарь русских личных имен Петровского
М,Варламий,,Варлаам,Разг.,"-я, м. Разг. к Варлаам (см.).",Варламия,Варламиев,Варламиева,Варлаамович,Варлаамовна,(для варианта целевого современного отчества)
М,Варламий,,,,,,Варламьев,Варламьева,Варламиевич,Варламиевна,"(для вариантов преобразования ""старого"" отчества в ""новое"")"
М,Варламий,,Варлаам,Разг.,"-я, м. Разг. к Варлаам (см.).",Варламия,Варламиев,Варламиева,Варламиевич,Варламиевна,Словарь русских личных имен Петровского
М,Варнава,,,Стар. редк.,"-ы, м. Стар. редк.",Варнавы,Варнавин,Варнавина,Варнавич,Варнавична,Словарь русских личных имен Петровского
М,Варсава,,,Стар. редк.,"-ы, м. Стар. редк.",Варсавы,Варсавин,Варсавина,Варсавич,Варсавична,Словарь русских личных имен Петровского
М,Варсис,,,Стар. редк.,"-а, м. Стар. редк.",Варсиса,Варсисов,Варсисова,Варсисович,Варсисовна,Словарь русских личных имен Петровского
М,Варсоноф,,Варсонофий,Разг.,"-а, м. Разг. к Варсонофий (см.).",Варсонофа,Варсонофов,Варсонофова,Варсонофиевич,Варсонофиевна,(для варианта целевого современного отчества)
М,Варсоноф,,Варсонофий,Разг.,"-а, м. Разг. к Варсонофий (см.).",Варсонофа,Варсонофов,Варсонофова,Варсонофович,Варсонофовна,Словарь русских личных имен Петровского
М,Варсонофий,,,,,,Варсонофьев,Варсонофьева,Варсонофиевич,Варсонофиевна,"(для вариантов преобразования ""старого"" отчества в ""новое"")"
М,Варсонофий,Варсоноф,,,"-я, м.; разг. Варсоноф, -а.",Варсонофия,Варсонофиев,Варсонофиева,Варсонофиевич,Варсонофиевна,Словарь русских личных имен Петровского
М,Варул,,,Стар. редк.,"-а, м. Стар. редк.",Варула,Варулов,Варулова,Варулович,Варуловна,Словарь русских личных имен Петровского
М,Варух,,,Стар. редк.,"-а, м. Стар. редк.",Варуха,Варухов,Варухова,Варухович,Варуховна,Словарь русских личных имен Петровского
М,Варфоломей,Фоломей,,,"-я, м.; разг. Фоломей, -я; прост. Вахрам, -а и Вахрамей, -я.",Варфоломея,Варфоломеев,Варфоломеева,Варфоломеевич,Варфоломеевна,Словарь русских личных имен Петровского
Ж,Васена,Васёна,Василиса,Разг.,"-ы, ж. Разг. к Василиса (см.).",Васены,,,,,Словарь русских личных имен Петровского
Ж,Васена,Васёна,Васса,Разг.,"-ы, ж. Разг. к Васса (см.).",Васены,,,,,Словарь русских личных имен Петровского
М,Василей,,,Стар. редк.,"-я, м. Стар. редк.",Василея,Василеев,Василеева,Василеевич,Василеевна,Словарь русских личных имен Петровского
М,Василид,,,Стар. редк.,"-а, м. Стар. редк.",Василида,Василидов,Василидова,Василидович,Василидовна,Словарь русских личных имен Петровского
Ж,Василида,,,,"-ы, ж.",Василиды,,,,,Словарь русских личных имен Петровского
М,Василий,Василей,,,"-я, м.; прост. Василей 2, -я.",Василия,Васильев,Васильева,Васильевич,Васильевна,Словарь русских личных имен Петровского
Ж,Василина,,,,"-ы, ж.",Василины,,,,,Словарь русских личных имен Петровского
М,Василион,,,Стар. редк.,"-а, м. Стар. редк.",Василиона,Василионов,Василионова,Василионович,Василионовна,Словарь русских личных имен Петровского
Ж,Василиса,Васена,,,"-ы, ж.; разг. Васёна 1, -ы; стар. Василисса, -ы.",Василисы,,,,,Словарь русских личных имен Петровского
М,Василиск,,,Стар. редк.,"-а, м. Стар. редк.",Василиска,Василисков,Василискова,Василискович,Василисковна,Словарь русских личных имен Петровского
Ж,Василисса,,Василиса,Стар.,"-ы, ж. Стар. форма имени Василиса (см.).",Василиссы,,,,,Словарь русских личных имен Петровского
Ж,Василия,,,,"-и, ж.",Василии,,,,,Словарь русских личных имен Петровского
Ж,Василла,,,Стар. редк.,"-ы, ж. Стар. редк.",Василлы,,,,,Словарь русских личных имен Петровского
М,Василько,,,Редк.,"-а, м. Редк.",Василькоа,Василькоов,Василькоова,Василькович,Васильковна,Словарь русских личных имен Петровского
М,Васс,,,Стар. редк.,"-а, м. Стар. редк.",Васса,Вассов,Вассова,Вассович,Вассовна,Словарь русских личных имен Петровского
Ж,Васса,Васена,,,"-ы, ж.; разг. Васёна 2, -ы.",Вассы,,,,,Словарь русских личных имен Петровского
М,Вассиан,,,Стар. редк.,"-а, м. Стар. редк.",Вассиана,Вассианов,Вассианова,Вассианович,Вассиановна,Словарь русских личных имен Петровского
М,Ват,Вата,,Редк.,"-а, м. Редк.; стар. Вата, -ы.",Вата,Ватов,Ватова,Ватович,Ватовна,Словарь русских личных имен Петровского
М,Вата,,Ват,Стар. форма имени,"-ы, м. Стар. форма имени Ват (см.).",Ваты,Ватин,Ватина,Ватович,Ватовна,(для варианта целевого современного отчества)
М,Вата,,Ват,Стар. форма имени,"-ы, м. Стар. форма имени Ват (см.).",Ваты,Ватин,Ватина,Ватич,Ватична,Словарь русских личных имен Петровского
М,Вахрамей,Вахрам,Варфоломей,,,Вахрамея,Вахрамеев,Вахрамеева,Варфоломеевич,Варфоломеевна,
М,Вахтисий,,,,,,Вахтисьев,Вахтисьева,Вахтисиевич,Вахтисиевна,"(для вариантов преобразования ""старого"" отчества в ""новое"")"
М,Вахтисий,,,Стар. редк.,"-я, м. Стар. редк.",Вахтисия,Вахтисиев,Вахтисиева,Вахтисиевич,Вахтисиевна,Словарь русских личных имен Петровского
М,Вацлав,,,Слав.,"-а, м. Слав.",Вацлава,Вацлавов,Вацлавова,Вацлавович,Вацлавовна,Словарь русских личных имен Петровского
Ж,Вацлава,,,Слав.,"-ы, ж. Слав.",Вацлавы,,,,,Словарь русских личных имен Петровского
Ж,Вевея,,,Стар. редк.,"-и, ж. Стар. редк.",Вевеи,,,,,Словарь русских личных имен Петровского
М,Веденей,Венедей,Венедикт,,,Веденея,Веденеев,Веденеева,Венедиктович,Венедиктовна,
М,Велизар,,Велизарий,Разг.,"-а, м. Разг. к Велизарий (см.).",Велизара,Велизаров,Велизарова,Велизариевич,Велизариевна,(для варианта целевого современного отчества)
М,Велизар,,Велизарий,Разг.,"-а, м. Разг. к Велизарий (см.).",Велизара,Велизаров,Велизарова,Велизарович,Велизаровна,Словарь русских личных имен Петровского
М,Велизарий,,,,,,Велизарьев,Велизарьева,Велизариевич,Велизариевна,"(для вариантов преобразования ""старого"" отчества в ""новое"")"
М,Велизарий,,,Заимств.,"-я, м. Заимств.; разг. Велизар, -а.",Велизария,Велизариев,Велизариева,Велизариевич,Велизариевна,Словарь русских личных имен Петровского
М,Велимир,Вельмир,,Слав.,"-а, м. Слав.; разг. Вельмир, -а.",Велимира,Велимиров,Велимирова,Велимирович,Велимировна,Словарь русских личных имен Петровского
Ж,Велимира,Вельмира,,Слав.,"-ы, ж. Слав.; разг. Вельмира, -ы.",Велимиры,,,,,Словарь русских личных имен Петровского
М,Вельмир,,Велимир,Разг.,"-а, м. Разг. к Велимир (см.).",Вельмира,Вельмиров,Вельмирова,Велимирович,Велимировна,(для варианта целевого современного отчества)
М,Вельмир,,Велимир,Разг.,"-а, м. Разг. к Велимир (см.).",Вельмира,Вельмиров,Вельмирова,Вельмирович,Вельмировна,Словарь русских личных имен Петровского
Ж,Вельмира,,Велимира,Разг.,"-ы, ж. Разг. к Велимира (см.).",Вельмиры,,,,,Словарь русских личных имен Петровского
М,Веналий,,Ювеналий,Разг.,"-я, м. Разг. к Ювеналий (см.).",Веналия,Веналиев,Веналиева,Ювеналиевич,Ювеналиевна,(для варианта целевого современного отчества)
М,Веналий,,,,,,Венальев,Венальева,Веналиевич,Веналиевна,"(для вариантов преобразования ""старого"" отчества в ""новое"")"
М,Веналий,,Ювеналий,Разг.,"-я, м. Разг. к Ювеналий (см.).",Веналия,Веналиев,Веналиева,Веналиевич,Веналиевна,Словарь русских личных имен Петровского
М,Венантий,,,,,,Венантьев,Венантьева,Венантиевич,Венантиевна,"(для вариантов преобразования ""старого"" отчества в ""новое"")"
М,Венантий,,,Стар. редк.,"-я, м. Стар. редк.",Венантия,Венантиев,Венантиева,Венантиевич,Венантиевна,Словарь русских личных имен Петровского
М,Вендимиан,,,Стар. редк.,"-а, м. Стар. редк.",Вендимиана,Вендимианов,Вендимианова,Вендимианович,Вендимиановна,Словарь русских личных имен Петровского
М,Венедикт,Веденей,,,"-а, м.; прост. Веденей 1, -я и Венедей, -я.",Венедикта,Венедиктов,Венедиктова,Венедиктович,Венедиктовна,Словарь русских личных имен Петровского
Ж,Венедикта,,,,"-ы, ж.",Венедикты,,,,,Словарь русских личных имен Петровского
М,Венедим,,,,"-а, м.",Венедима,Венедимов,Венедимова,Венедимович,Венедимовна,Словарь русских личных имен Петровского
М,Венер,,Венерий,Разг.,"-а, м. Разг. к Венерий (см.).",Венера,Венеров,Венерова,Венериевич,Венериевна,(для варианта целевого современного отчества)
М,Венер,,Венерий,Разг.,"-а, м. Разг. к Венерий (см.).",Венера,Венеров,Венерова,Венерович,Венеровна,Словарь русских личных имен Петровского
М,Венера,Венерия,,,"-ы, м.; стар. Венерия, -ии.",Венеры,Венеров,Венерова,Венерович,Венеровна,Словарь русских личных имен Петровского
М,Венерий,,,,,,Венерьев,Венерьева,Венериевич,Венериевна,"(для вариантов преобразования ""старого"" отчества в ""новое"")"
М,Венерий,,,Стар. редк.,"-я, м. Стар. редк.; разг. Венер, -а.",Венерия,Венериев,Венериева,Венериевич,Венериевна,Словарь русских личных имен Петровского
Ж,Венерия,,Венера,Стар.,"-и, ж. Стар. форма имени Венера (см.).",Венерии,,,,,Словарь русских личных имен Петровского
М,Вениамин,Веньямин,,,"-а, м.; разг. Веньямин, -а.",Вениамина,Вениаминов,Вениаминова,Вениаминович,Вениаминовна,Словарь русских личных имен Петровского
М,Венир,,Авенир,Разг.,"-а, м. Разг. к Авенир (см.).",Венира,Вениров,Венирова,Авенирович,Авенировна,(для варианта целевого современного отчества)
М,Венир,,Авенир,Разг.,"-а, м. Разг. к Авенир (см.).",Венира,Вениров,Венирова,Венирович,Венировна,Словарь русских личных имен Петровского
М,Венуст,,,Стар. редк.,"-а, м. Стар. редк.",Венуста,Венустов,Венустова,Венустович,Венустовна,Словарь русских личных имен Петровского
Ж,Венуста,,,Стар. редк.,"-ы, ж. Стар. редк.",Венусты,,,,,Словарь русских личных имен Петровского
М,Венцеслав,,,Слав.,"-а, м. Слав.",Венцеслава,Венцеславов,Венцеславова,Венцеславович,"Венцеславовна, Венцеславич, Венцеславна",Словарь русских личных имен Петровского
Ж,Венцеслава,,,Слав.,"-ы, ж. Слав.",Венцеславы,,,,,Словарь русских личных имен Петровского
М,Веньямин,,Вениамин,Разг.,"-а, м. Разг. к Вениамин (см.).",Веньямина,Веньяминов,Веньяминова,Вениаминович,Вениаминовна,(для варианта целевого современного отчества)
М,Веньямин,,Вениамин,Разг.,"-а, м. Разг. к Вениамин (см.).",Веньямина,Веньяминов,Веньяминова,Веньяминович,Веньяминовна,Словарь русских личных имен Петровского
Ж,Вера,,,Ст.-русск.,"-ы, ж. Ст.-русск.",Веры,,,,,Словарь русских личных имен Петровского
Ж,Вереника,,,,"-и, ж.",Вереники,,,,,Словарь русских личных имен Петровского
М,Верк,,,Стар. редк.,"-а, м. Стар. редк.",Верка,Верков,Веркова,Веркович,Верковна,Словарь русских личных имен Петровского
Ж,Верона,,Верония,Разг.,"-ы, ж. Разг. к Верония (см.).",Вероны,,,,,Словарь русских личных имен Петровского
М,Вероник,,,Стар. редк.,"-а, м. Стар. редк.",Вероника,Вероников,Вероникова,Вероникович,Верониковна,Словарь русских личных имен Петровского
Ж,Вероника,,,,"-и, ж.",Вероники,,,,,Словарь русских личных имен Петровского
Ж,Верония,Верона,,,"-и, ж.; разг. Верона, -ы.",Веронии,,,,,Словарь русских личных имен Петровского
М,Вероциан,,,Стар. редк.,"-а, м. Стар. редк.",Вероциана,Вероцианов,Вероцианова,Вероцианович,Вероциановна,Словарь русских личных имен Петровского
Ж,Веста,,,Заимств.,"-ы, ж. Заимств.",Весты,,,,,Словарь русских личных имен Петровского
Ж,Вестита,,,Стар. редк.,"-ы, ж. Стар. редк.",Веститы,,,,,Словарь русских личных имен Петровского
М,Вечеслав,,Вячеслав,Стар. форма имени,"-а, м. Стар. форма имени Вячеслав (см.).",Вечеслава,Вечеславов,Вечеславова,Вячеславович,Вячеславовна,(для варианта целевого современного отчества)
М,Вечеслав,,Вячеслав,Стар. форма имени,"-а, м. Стар. форма имени Вячеслав (см.).",Вечеслава,Вечеславов,Вечеславова,Вечеславович,Вечеславовна,Словарь русских личных имен Петровского
М,Вианор,,,Стар. редк.,"-а, м. Стар. редк.",Вианора,Вианоров,Вианорова,Вианорович,Вианоровна,Словарь русских личных имен Петровского
М,Виатор,,,Стар. редк.,"-а, м. Стар. редк.",Виатора,Виаторов,Виаторова,Виаторович,Виаторовна,Словарь русских личных имен Петровского
Ж,Вивея,,,Стар. редк.,"-и, ж. Стар. редк.",Вивеи,,,,,Словарь русских личных имен Петровского
М,Вивиан,,,,"-а, м.",Вивиана,Вивианов,Вивианова,Вивианович,Вивиановна,Словарь русских личных имен Петровского
Ж,Вивиана,,,,"-ы, ж.",Вивианы,,,,,Словарь русских личных имен Петровского
М,Вивин,,,Стар. редк.,"-а, м. Стар. редк.",Вивина,Вивинов,Вивинова,Вивинович,Вивиновна,Словарь русских личных имен Петровского
Ж,Видана,,,Стар. редк.,"-ы, ж. Стар. редк.",Виданы,,,,,Словарь русских личных имен Петровского
М,Викентий,,,,,,Викентьев,Викентьева,Викентиевич,Викентиевна,"(для вариантов преобразования ""старого"" отчества в ""новое"")"
М,Викентий,,,,"-я, м.",Викентия,Викентиев,Викентиева,Викентиевич,Викентиевна,Словарь русских личных имен Петровского
Ж,Викентия,,,,"-и, ж.",Викентии,,,,,Словарь русских личных имен Петровского
М,Виктор,Викторий,,Разг.,"-а, м. Разг. к Викторий (см.).",Виктора,Викторов,Викторова,Викторович,Викторовна,Словарь русских личных имен Петровского
М,Виктор,Викторин,,Разг.,"-а, м. Разг. к Викторин (см.).",Виктора,Викторов,Викторова,Викторович,Викторовна,Словарь русских личных имен Петровского
М,Виктор,,,,"-а, м.",Виктора,Викторов,Викторова,Викторович,Викторовна,Словарь русских личных имен Петровского
М,Викторий,Виктор,,,"-я, м.; разг. Виктор 2, -а.",Виктория,Викториев,Викториева,Викториевич,Викториевна,Словарь русских личных имен Петровского
М,Викторик,,,Стар. редк.,"-а, м. Стар. редк.",Викторика,Викториков,Викторикова,Викторикович,Викториковна,Словарь русских личных имен Петровского
М,Викторин,Виктор,,,"-а, м.; разг. Виктор 3, -а.",Викторина,Викторинов,Викторинова,Викторинович,Викториновна,Словарь русских личных имен Петровского
Ж,Викторина,,,,"-ы, ж.",Викторины,,,,,Словарь русских личных имен Петровского
Ж,Виктория,,,,"-и, ж.",Виктории,,,,,Словарь русских личных имен Петровского
М,Викул,,Вукол,Разг.,"-а, м. Разг. к Вукол (см.).",Викула,Викулов,Викулова,Вуколович,Вуколовна,(для варианта целевого современного отчества)
М,Викул,,Вукол,Разг.,"-а, м. Разг. к Вукол (см.).",Викула,Викулов,Викулова,Викулович,Викуловна,Словарь русских личных имен Петровского
М,Викула,,Вукол,Разг.,"-ы, м. Разг. к Вукол (см.).",Викулы,Викулин,Викулина,Вуколович,Вуколовна,(для варианта целевого современного отчества)
М,Викула,,Вукол,Разг.,"-ы, м. Разг. к Вукол (см.).",Викулы,Викулин,Викулина,Викулич,Викулична,Словарь русских личных имен Петровского
М,Вил,,,Стар. редк.,"-а, м. Стар. редк.",Вила,Вилов,Вилова,Вилович,Виловна,Словарь русских личных имен Петровского
Ж,Вила,,,Стар. редк.,"-ы, ж. Стар. редк.",Вилы,,,,,Словарь русских личных имен Петровского
М,Вилен,,,Нов.,"-а, м. Нов.",Вилена,Виленов,Виленова,Виленович,Виленовна,Словарь русских личных имен Петровского
Ж,Вилена,,,Нов.,"-ы, ж. Нов.",Вилены,,,,,Словарь русских личных имен Петровского
М,Виленин,,,Нов.,"-а, м. Нов.",Виленина,Виленинов,Виленинова,Виленинович,Вилениновна,Словарь русских личных имен Петровского
Ж,Виленина,,,Нов.,"-а, ж. Нов.",Виленины,,,,,Словарь русских личных имен Петровского
М,Виллибальд,,,Стар. редк.,"-а, м. Стар. редк.",Виллибальда,Виллибальдов,Виллибальдова,Виллибальдович,Виллибальдовна,Словарь русских личных имен Петровского
Ж,Вилора,,,Нов.,"-ы, ж. Нов.",Вилоры,,,,,Словарь русских личных имен Петровского
Ж,Виола,,,Заимств.,"-ы, ж. Заимств.",Виолы,,,,,Словарь русских личных имен Петровского
Ж,Виолетта,,,Заимств.,"-ы, ж. Заимств.",Виолетты,,,,,Словарь русских личных имен Петровского
М,Вир,,,Стар. редк.,"-а, м. Стар. редк.",Вира,Виров,Вирова,Вирович,Вировна,Словарь русских личных имен Петровского
Ж,Виргиния,,,Заимств.,"-и, ж. Заимств.",Виргинии,,,,,Словарь русских личных имен Петровского
М,Вирий,,,,,,Вирьев,Вирьева,Вириевич,Вириевна,"(для вариантов преобразования ""старого"" отчества в ""новое"")"
М,Вирий,,,Стар. редк.,"-я, м. Стар. редк.",Вирия,Вириев,Вириева,Вириевич,Вириевна,Словарь русских личных имен Петровского
М,Вирилад,,,Стар. редк.,"-а, м. Стар. редк.",Вирилада,Вириладов,Вириладова,Вириладович,Вириладовна,Словарь русских личных имен Петровского
Ж,Виринея,,,Стар. редк.,"-и, ж. Стар. редк.",Виринеи,,,,,Словарь русских личных имен Петровского
М,Вис,,,Стар. редк.,"-а, м. Стар. редк.",Виса,Висов,Висова,Висович,Висовна,Словарь русских личных имен Петровского
М,Виссарион,,,,"-а, м.",Виссариона,Виссарионов,Виссарионова,Виссарионович,Виссарионовна,Словарь русских личных имен Петровского
М,Вит,,,Стар. редк.,"-а, м. Стар. редк.",Вита,Витов,Витова,Витович,Витовна,Словарь русских личных имен Петровского
Ж,Вита,,,,"-ы, ж.",Виты,,,,,Словарь русских личных имен Петровского
М,Витал,,,Стар. редк.,"-а, м. Стар. редк.",Витала,Виталов,Виталова,Виталович,Виталовна,Словарь русских личных имен Петровского
М,Виталиан,,,Стар. редк.,"-а, м. Стар. редк.",Виталиана,Виталианов,Виталианова,Виталианович,Виталиановна,Словарь русских личных имен Петровского
М,Виталий,,,,,,Витальев,Витальева,Виталиевич,Виталиевна,"(для вариантов преобразования ""старого"" отчества в ""новое"")"
М,Виталий,,,,"-я, м.",Виталия,Виталиев,Виталиева,Виталиевич,Виталиевна,Словарь русских личных имен Петровского
М,Виталик,,,Стар. редк.,"-а, м. Стар. редк.",Виталика,Виталиков,Виталикова,Виталикович,Виталиковна,Словарь русских личных имен Петровского
Ж,Виталика,,,Стар. редк.,"-и, ж. Стар. редк.",Виталики,,,,,Словарь русских личных имен Петровского
Ж,Виталина,,,,-ы. ж.,Виталины,,,,,Словарь русских личных имен Петровского
Ж,Виталия,,,,"-и, ж.",Виталии,,,,,Словарь русских личных имен Петровского
М,Витольд,,,Слав.,"-а, м. Слав.",Витольда,Витольдов,Витольдова,Витольдович,Витольдовна,Словарь русских личных имен Петровского
Ж,Витольда,,,Слав.,"-ы, ж. Слав.",Витольды,,,,,Словарь русских личных имен Петровского
М,Вифоний,,,,,,Вифоньев,Вифоньева,Вифониевич,Вифониевна,"(для вариантов преобразования ""старого"" отчества в ""новое"")"
М,Вифоний,,,Стар. редк.,"-я, м. Стар. редк.",Вифония,Вифониев,Вифониева,Вифониевич,Вифониевна,Словарь русских личных имен Петровского
Ж,Влада,,,Слав.,"-ы, ж. Слав.",Влады,,,,,Словарь русских личных имен Петровского
М,Владилен,,,Нов.,"-а, м. Нов.",Владилена,Владиленов,Владиленова,Владиленович,Владиленовна,Словарь русских личных имен Петровского
Ж,Владилена,,,Нов.,"-ы, ж. Нов.",Владилены,,,,,Словарь русских личных имен Петровского
М,Владимир,,,Слав.,"-а, м. Слав.",Владимира,Владимиров,Владимирова,Владимирович,Владимировна,Словарь русских личных имен Петровского
Ж,Владимира,,,Слав.,"-ы, ж. Слав.",Владимиры,,,,,Словарь русских личных имен Петровского
М,Владислав,,,Слав.,"-а, м. Слав.",Владислава,Владиславов,Владиславова,Владиславович,Владиславовна,Словарь русских личных имен Петровского
Ж,Владислава,,,Слав.,"-ы, ж. Слав.",Владиславы,,,,,Словарь русских личных имен Петровского
М,Владлен,,,Нов.,"-а, м. Нов.",Владлена,Владленов,Владленова,Владленович,Владленовна,Словарь русских личных имен Петровского
Ж,Владлена,,,Нов.,"-ы, ж. Нов.",Владлены,,,,,Словарь русских личных имен Петровского
М,Влас,Власий,,,"-а, м.; стар. Власий, -я.",Власа,Власов,Власова,Власович,Власовна,Словарь русских личных имен Петровского
М,Власий,,Влас,Стар. форма имени,"-я, м. Стар. форма имени Влас (см.).",Власия,Власиев,Власиева,Власович,Власовна,(для варианта целевого современного отчества)
М,Власий,,,,,,Власьев,Власьева,Власиевич,Власиевна,"(для вариантов преобразования ""старого"" отчества в ""новое"")"
М,Власий,,Влас,Стар. форма имени,"-я, м. Стар. форма имени Влас (см.).",Власия,Власиев,Власиева,Власиевич,Власиевна,Словарь русских личных имен Петровского
М,Воислав,,,Слав. редк.,"-а, м. Слав. редк.",Воислава,Воиславов,Воиславова,Воиславович,Воиславовна,Словарь русских личных имен Петровского
Ж,Воислава,,,Слав. редк.,"-ы, ж. Слав. редк.",Воиславы,,,,,Словарь русских личных имен Петровского
М,Володарь,,,Ст.-русск. редк.,"-я, м. Ст.-русск. редк.",Володаря,Володарев,Володарева,Володарьевич,Володарьевна,Словарь русских личных имен Петровского
Ж,Воля,,,Нов.,"-и, ж. Нов.",Воли,,,,,Словарь русских личных имен Петровского
М,Вонифат,,Вонифатий,Разг.,"-а, м. Разг. к Вонифатий (см.).",Вонифата,Вонифатов,Вонифатова,Вонифатиевич,Вонифатиевна,(для варианта целевого современного отчества)
М,Вонифат,,Вонифатий,Разг.,"-а, м. Разг. к Вонифатий (см.).",Вонифата,Вонифатов,Вонифатова,Вонифатович,Вонифатовна,Словарь русских личных имен Петровского
М,Вонифатий,,,,,,Вонифатьев,Вонифатьева,Вонифатиевич,Вонифатиевна,"(для вариантов преобразования ""старого"" отчества в ""новое"")"
М,Вонифатий,Вонифат,,,"-я, м.; разг. Вонифат, -а.",Вонифатия,Вонифатиев,Вонифатиева,Вонифатиевич,Вонифатиевна,Словарь русских личных имен Петровского
М,Всеволод,,,Ст.-русск.,"-а, м. Ст.-русск.",Всеволода,Всеволодов,Всеволодова,Всеволодович,Всеволодовна,Словарь русских личных имен Петровского
М,Всемил,,,Слав. редк.,"-а, м. Слав. редк.",Всемила,Всемилов,Всемилова,Всемилович,Всемиловна,Словарь русских личных имен Петровского
Ж,Всемила,,,Слав. редк.,"-ы, ж. Слав. редк.",Всемилы,,,,,Словарь русских личных имен Петровского
М,Всеслав,,,Слав. редк.,"-а, м. Слав. редк.",Всеслава,Всеславов,Всеславова,Всеславович,Всеславовна,Словарь русских личных имен Петровского
Ж,Всеслава,,,Слав. редк.,"-ы, ж. Слав. редк.",Всеславы,,,,,Словарь русских личных имен Петровского
М,Вукол,Викул,,,"-а, м.; разг. Викул, -а и Викула, -ы; прост. Укол, -а.",Вукола,Вуколов,Вуколова,Вуколович,Вуколовна,Словарь русских личных имен Петровского
М,Вышеслав,,,Слав. редк.,"-а, м. Слав. редк.",Вышеслава,Вышеславов,Вышеславова,Вышеславович,Вышеславовна,Словарь русских личных имен Петровского
М,Вячеслав,Вечеслав,,Ст.-русск.,"-а, м. Ст.-русск.; стар. Вечеслав, -а.",Вячеслава,Вячеславов,Вячеславова,Вячеславович,Вячеславовна,Словарь русских личных имен Петровского
Ж,Гаафа,,,Стар. редк.,"-ы, ж. Стар. редк.",Гаафы,,,,,Словарь русских личных имен Петровского
М,Гаведдай,,,Стар. редк.,"-я, м. Стар. редк.",Гаведдая,Гаведдаев,Гаведдаева,Гаведдаевич,Гаведдаевна,Словарь русских личных имен Петровского
М,Гавриил,Гаврила,,,"-а, м.; разг. Гаврил, -а и Гаврила, -ы; стар. разг. Гаврило, -ы.",Гавриила,Гавриилов,Гавриилова,Гавриилович,Гаврииловна,Словарь русских личных имен Петровского
М,Гаврил,,Гавриил,Разг.,"-а, м. Разг. к Гавриил (см.).",Гаврила,Гаврилов,Гаврилова,Гавриилович,Гаврииловна,(для варианта целевого современного отчества)
М,Гаврил,,Гавриил,Разг.,"-а, м. Разг. к Гавриил (см.).",Гаврила,Гаврилов,Гаврилова,Гаврилович,Гавриловна,Словарь русских личных имен Петровского
М,Гаврила,,Гавриил,Разг.,"-ы, м. Разг. к Гавриил (см.).",Гаврилы,Гаврилин,Гаврилина,Гавриилович,Гаврииловна,(для варианта целевого современного отчества)
М,Гаврила,,Гавриил,Разг.,"-ы, м. Разг. к Гавриил (см.).",Гаврилы,Гаврилин,Гаврилина,Гаврилович,Гавриловна,Словарь русских личных имен Петровского
М,Гаврило,,Гавриил,Разг.,"-ы, м. Стар. разг. к Гавриил (см.).",Гаврилы,Гаврилин,Гаврилина,Гавриилович,Гаврииловна,(для варианта целевого современного отчества)
М,Гаврило,,Гавриил,Разг.,"-ы, м. Стар. разг. к Гавриил (см.).",Гаврилы,Гаврилин,Гаврилина,Гаврилович,Гавриловна,Словарь русских личных имен Петровского
М,Гаган,,,Стар. редк.,"-а, м. Стар. редк.",Гагана,Гаганов,Гаганова,Гаганович,Гагановна,Словарь русских личных имен Петровского
М,Гаиан,,Гаян,Стар. форма имени,"-а, м. Стар. форма имени Гаян (см.).",Гаиана,Гаианов,Гаианова,Гаянович,Гаяновна,(для варианта целевого современного отчества)
М,Гаиан,,Гаян,Стар. форма имени,"-а, м. Стар. форма имени Гаян (см.).",Гаиана,Гаианов,Гаианова,Гаианович,Гаиановна,Словарь русских личных имен Петровского
Ж,Гаиания,,Гаяния,Стар.,"-и, ж. Стар. форма имени Гаяния (см.).",Гаиании,,,,,Словарь русских личных имен Петровского
М,Гаий,,Гай,Стар. форма имени,"-я, м. Стар. форма имени Гай (см.).",Гаия,Гаиев,Гаиева,Гаевич,Гаевна,(для варианта целевого современного отчества)
М,Гаий,,Гай,Стар. форма имени,"-я, м. Стар. форма имени Гай (см.).",Гаия,Гаиев,Гаиева,Гаиевич,Гаиевна,Словарь русских личных имен Петровского
Ж,Гаия,,Гая,Стар.,"-и, ж. Стар. форма имени Гая (см.).",Гаии,,,,,Словарь русских личных имен Петровского
М,Гай,Гаий,,,"-я, м.; стар. Гаий, -я.",Гая,Гаев,Гаева,Гаевич,Гаевна,Словарь русских личных имен Петровского
Ж,Гала,,,Стар. редк.,"-ы, ж. Стар. редк.",Галы,,,,,Словарь русских личных имен Петровского
М,Галактион,Лактион,,,"-а, м.; прост. Лактион, -а.",Галактиона,Галактионов,Галактионова,Галактионович,Галактионовна,Словарь русских личных имен Петровского
М,Галасий,,Геласий,Разг.,"-я, м. Разг. к Геласий (см.).",Галасия,Галасиев,Галасиева,Геласиевич,Геласиевна,(для варианта целевого современного отчества)
М,Галасий,,,,,,Галасьев,Галасьева,Галасиевич,Галасиевна,"(для вариантов преобразования ""старого"" отчества в ""новое"")"
М,Галасий,,Геласий,Разг.,"-я, м. Разг. к Геласий (см.).",Галасия,Галасиев,Галасиева,Галасиевич,Галасиевна,Словарь русских личных имен Петровского
Ж,Галата,,,Стар. редк.,"-ы, ж. Стар. редк.",Галаты,,,,,Словарь русских личных имен Петровского
Ж,Галатея,,,Заимств.,"-и, ж. Заимств.",Галатеи,,,,,Словарь русских личных имен Петровского
М,Галатиан,,,Стар. редк.,"-а, м. Стар. редк.",Галатиана,Галатианов,Галатианова,Галатианович,Галатиановна,Словарь русских личных имен Петровского
М,Галик,,,Стар. редк.,"-а, м. Стар. редк.",Галика,Галиков,Галикова,Галикович,Галиковна,Словарь русских личных имен Петровского
Ж,Галина,,,,"-ы, ж.",Галины,,,,,Словарь русских личных имен Петровского
Ж,Галла,,,Стар. редк.,"-ы, ж. Стар. редк.",Галлы,,,,,Словарь русских личных имен Петровского
Ж,Галя,Гали,,,"-и, ж. и реже Гали, нескл.",Гали,,,,,Словарь русских личных имен Петровского
М,Гамалиил,,,Стар. редк.,"-а, м. Стар. редк.",Гамалиила,Гамалиилов,Гамалиилова,Гамалиилович,Гамалииловна,Словарь русских личных имен Петровского
М,Гарасим,,Герасим,Разг.,"-а, м. Разг. к Герасим (см.).",Гарасима,Гарасимов,Гарасимова,Герасимович,Герасимовна,(для варианта целевого современного отчества)
М,Гарасим,,Герасим,Разг.,"-а, м. Разг. к Герасим (см.).",Гарасима,Гарасимов,Гарасимова,Гарасимович,Гарасимовна,Словарь русских личных имен Петровского
М,Гарон,,Герон,Разг.,"-а, м. Разг. к Герон (см.).",Гарона,Гаронов,Гаронова,Геронович,Героновна,(для варианта целевого современного отчества)
М,Гарон,,Герон,Разг.,"-а, м. Разг. к Герон (см.).",Гарона,Гаронов,Гаронова,Гаронович,Гароновна,Словарь русских личных имен Петровского
М,Гаспар,,,Стар. редк.,"-а, м. Стар. редк.",Гаспара,Гаспаров,Гаспарова,Гаспарович,Гаспаровна,Словарь русских личных имен Петровского
Ж,Гая,Гаия,,,"-и, ж.; стар. Гаия, -и.",Гаи,,,,,Словарь русских личных имен Петровского
М,Гаян,Гаиан,,,"-а, м.; стар. Гаиан, -а.",Гаяна,Гаянов,Гаянова,Гаянович,Гаяновна,Словарь русских личных имен Петровского
Ж,Гаяна,,Гаяния,Разг.,"-ы, ж. Разг. к Гаяния (см.).",Гаяны,,,,,Словарь русских личных имен Петровского
Ж,Гаяния,Гаяна,,,"-и, ж.; разг. Гаяна, -ы; стар. Гаиания, -и.",Гаянии,,,,,Словарь русских личных имен Петровского
М,Гвидон,,,Заимств.,"-а, м. Заимств.",Гвидона,Гвидонов,Гвидонова,Гвидонович,Гвидоновна,Словарь русских личных имен Петровского
М,Гегал,,,Стар. редк.,"-а, м. Стар. редк.",Гегала,Гегалов,Гегалова,Гегалович,Гегаловна,Словарь русских личных имен Петровского
М,Гедеон,,,Стар. редк.,"-а, м. Стар. редк.",Гедеона,Гедеонов,Гедеонова,Гедеонович,Гедеоновна,Словарь русских личных имен Петровского
М,Гектор,,,Заимств.,"-а, м. Заимств.",Гектора,Гекторов,Гекторова,Гекторович,Гекторовна,Словарь русских личных имен Петровского
М,Геласий,,,,,,Геласьев,Геласьева,Геласиевич,Геласиевна,"(для вариантов преобразования ""старого"" отчества в ""новое"")"
М,Геласий,,,Стар. редк.,"-я, м. Стар. редк.; разг. Галасий, -я.",Геласия,Геласиев,Геласиева,Геласиевич,Геласиевна,Словарь русских личных имен Петровского
Ж,Геласия,,,Стар. редк.,"-и, ж. Стар. редк.",Геласии,,,,,Словарь русских личных имен Петровского
Ж,Гелиана,,,,"-ы, ж.",Гелианы,,,,,Словарь русских личных имен Петровского
М,Гелий,,,,,,Гельев,Гельева,Гелиевич,Гелиевна,"(для вариантов преобразования ""старого"" отчества в ""новое"")"
М,Гелий,Елий,,,"-я, м., стар. Елий, -я.",Гелия,Гелиев,Гелиева,Гелиевич,Гелиевна,Словарь русских личных имен Петровского
Ж,Гелия,,,,"-и, ж.",Гелии,,,,,Словарь русских личных имен Петровского
М,Гемелл,,,Стар. редк.,"-а, м. Стар. редк.",Гемелла,Гемеллов,Гемеллова,Гемеллович,Гемелловна,Словарь русских личных имен Петровского
Ж,Гемелла,,,Стар. редк.,"-ы, ж. Стар. редк.",Гемеллы,,,,,Словарь русских личных имен Петровского
М,Гемин,,,Стар. редк.,"-а, м. Стар. редк.",Гемина,Геминов,Геминова,Геминович,Геминовна,Словарь русских личных имен Петровского
Ж,Гемина,,,Стар. редк.,"-ы, ж. Стар. редк.",Гемины,,,,,Словарь русских личных имен Петровского
М,Гений,,,,,,Геньев,Геньева,Гениевич,Гениевна,"(для вариантов преобразования ""старого"" отчества в ""новое"")"
М,Гений,,,Нов.,"-я, м. Нов.",Гения,Гениев,Гениева,Гениевич,Гениевна,Словарь русских личных имен Петровского
Ж,Гения,,,Нов.,"-и, ж. Нов.",Гении,,,,,Словарь русских личных имен Петровского
М,Геннадий,,,,,,Геннадьев,Геннадьева,Геннадиевич,Геннадиевна,"(для вариантов преобразования ""старого"" отчества в ""новое"")"
М,Геннадий,,,,"-я, м.",Геннадия,Геннадиев,Геннадиева,Геннадиевич,Геннадиевна,Словарь русских личных имен Петровского
Ж,Геннадия,,,,"-и, ж.",Геннадии,,,,,Словарь русских личных имен Петровского
Ж,Геновефа,,,,"-ы, ж.",Геновефы,,,,,Словарь русских личных имен Петровского
Ж,Генриетта,,,Заимств.,"-ы, ж. Заимств.",Генриетты,,,,,Словарь русских личных имен Петровского
М,Генрих,,,Заимств.,"-а, м. Заимств.",Генриха,Генрихов,Генрихова,Генрихович,Генриховна,Словарь русских личных имен Петровского
М,Георгий,Егор,,,"-я, м.; народн. Егор, -а; разг. Егорий, -я.",Георгия,Георгиев,Георгиева,Георгиевич,Георгиевна,Словарь русских личных имен Петровского
Ж,Георгина,,,,"-ы, ж.",Георгины,,,,,Словарь русских личных имен Петровского
Ж,Гера,,,Заимств.,"-ы, ж. Заимств.",Геры,,,,,Словарь русских личных имен Петровского
М,Геракл,Еракл,,,"-а, м.; стар. Еракл, -а.",Геракла,Гераклов,Гераклова,Гераклович,Геракловна,Словарь русских личных имен Петровского
М,Гераклид,,,Стар. редк.,"-а, м. Стар. редк.",Гераклида,Гераклидов,Гераклидова,Гераклидович,Гераклидовна,Словарь русских личных имен Петровского
М,Герасим,Гарасим,,,"-а, м.; разг. Гарасим, -а.",Герасима,Герасимов,Герасимова,Герасимович,Герасимовна,Словарь русских личных имен Петровского
М,Гервасий,,,,,,Гервасьев,Гервасьева,Гервасиевич,Гервасиевна,"(для вариантов преобразования ""старого"" отчества в ""новое"")"
М,Гервасий,,,Стар. редк.,"-я, м. Стар. редк.",Гервасия,Гервасиев,Гервасиева,Гервасиевич,Гервасиевна,Словарь русских личных имен Петровского
М,Герман,Германик,,Разг.,"-а, м. Разг. к Германик (см.).",Германа,Германов,Германова,Германович,Германовна,Словарь русских личных имен Петровского
М,Герман,,,,"-а, м.",Германа,Германов,Германова,Германович,Германовна,Словарь русских личных имен Петровского
Ж,Германа,,,,"-ы, ж.",Германы,,,,,Словарь русских личных имен Петровского
М,Германик,Герман,,Стар. редк.,"-а, м. Стар. редк.; разг. Герман 2, -а.",Германика,Германиков,Германикова,Германикович,Германиковна,Словарь русских личных имен Петровского
М,Гермес,,,Стар. редк.,"-а, м. Стар. редк.",Гермеса,Гермесов,Гермесова,Гермесович,Гермесовна,Словарь русских личных имен Петровского
М,Герминий,,,,,,Герминьев,Герминьева,Герминиевич,Герминиевна,"(для вариантов преобразования ""старого"" отчества в ""новое"")"
М,Герминий,,,Стар. редк.,"-я, м. Стар. редк.",Герминия,Герминиев,Герминиева,Герминиевич,Герминиевна,Словарь русских личных имен Петровского
М,Гермоген,,,,"-а, м.",Гермогена,Гермогенов,Гермогенова,Гермогенович,Гермогеновна,Словарь русских личных имен Петровского
М,Гермократ,Ермократ,,Редк.,"-а, м. Редк.; стар. Ермократ, -а.",Гермократа,Гермократов,Гермократова,Гермократович,Гермократовна,Словарь русских личных имен Петровского
М,Герон,Гарон,,,"-а, м.; разг. Гарон, -а.",Герона,Геронов,Геронова,Геронович,Героновна,Словарь русских личных имен Петровского
М,Геронтий,,,,,,Геронтьев,Геронтьева,Геронтиевич,Геронтиевна,"(для вариантов преобразования ""старого"" отчества в ""новое"")"
М,Геронтий,,,,"-я, м.",Геронтия,Геронтиев,Геронтиева,Геронтиевич,Геронтиевна,Словарь русских личных имен Петровского
Ж,Герта,,Гертруда,Разг.,"-ы, ж. Разг. к Гертруда 1 (см.).",Герты,,,,,Словарь русских личных имен Петровского
Ж,Гертруда,Герта,,Заимств.,"-ы, ж. Заимств.; разг. Герта, -ы.",Гертруды,,,,,Словарь русских личных имен Петровского
Ж,Гея,,,Заимств.,"-и, ж. Заимств.",Геи,,,,,Словарь русских личных имен Петровского
М,Гиацинт,,,,"-а, м.",Гиацинта,Гиацинтов,Гиацинтова,Гиацинтович,Гиацинтовна,Словарь русских личных имен Петровского
М,Гигант,,Гигантий,Разг.,"-а, м. Разг. к Гигантий (см.).",Гиганта,Гигантов,Гигантова,Гигантиевич,Гигантиевна,(для варианта целевого современного отчества)
М,Гигант,,Гигантий,Разг.,"-а, м. Разг. к Гигантий (см.).",Гиганта,Гигантов,Гигантова,Гигантович,Гигантовна,Словарь русских личных имен Петровского
М,Гигантий,,,,,,Гигантьев,Гигантьева,Гигантиевич,Гигантиевна,"(для вариантов преобразования ""старого"" отчества в ""новое"")"
М,Гигантий,,,Стар. редк.,"-я, м. Стар. редк.; разг. Гигант, -а.",Гигантия,Гигантиев,Гигантиева,Гигантиевич,Гигантиевна,Словарь русских личных имен Петровского
М,Гилар,,Гиларий,Разг.,"-а, м. Разг. к Гиларий (см.).",Гилара,Гиларов,Гиларова,Гилариевич,Гилариевна,(для варианта целевого современного отчества)
М,Гилар,,Гиларий,Разг.,"-а, м. Разг. к Гиларий (см.).",Гилара,Гиларов,Гиларова,Гиларович,Гиларовна,Словарь русских личных имен Петровского
М,Гилар,,,Стар. редк.,"-а, м. Стар. редк.",Гилара,Гиларов,Гиларова,Гиларович,Гиларовна,Словарь русских личных имен Петровского
М,Гиларий,,,,,,Гиларьев,Гиларьева,Гилариевич,Гилариевна,"(для вариантов преобразования ""старого"" отчества в ""новое"")"
М,Гиларий,Гилар,,,"-я, м.; разг. Гилар 2, -а.",Гилария,Гилариев,Гилариева,Гилариевич,Гилариевна,Словарь русских личных имен Петровского
Ж,Глафира,,,,"-ы, ж.",Глафиры,,,,,Словарь русских личных имен Петровского
М,Глеб,,,,"-а, м.",Глеба,Глебов,Глебова,Глебович,Глебовна,Словарь русских личных имен Петровского
М,Гликер,,Гликерий,Разг.,"-а, м. Разг. к Гликерий (см.).",Гликера,Гликеров,Гликерова,Гликериевич,Гликериевна,(для варианта целевого современного отчества)
М,Гликер,,Гликерий,Разг.,"-а, м. Разг. к Гликерий (см.).",Гликера,Гликеров,Гликерова,Гликерович,Гликеровна,Словарь русских личных имен Петровского
Ж,Гликера,,Гликерия,Разг.,"-ы, ж. Разг. к Гликерия (см.).",Гликеры,,,,,Словарь русских личных имен Петровского
М,Гликерий,,,,,,Гликерьев,Гликерьева,Гликериевич,Гликериевна,"(для вариантов преобразования ""старого"" отчества в ""новое"")"
М,Гликерий,Гликер,,,"-я, м.; разг. Гликер, -а.",Гликерия,Гликериев,Гликериева,Гликериевич,Гликериевна,Словарь русских личных имен Петровского
Ж,Гликерия,Лукерья,,,"-и, ж.; народн. Лукерья, -и; разг. Гликера, -ы; прост. Глерия, -и.",Гликерии,,,,,Словарь русских личных имен Петровского
Ж,Глориоза,,,Стар. редк.,"-ы, ж. Стар. редк.",Глориозы,,,,,Словарь русских личных имен Петровского
Ж,Глория,,,Заимств.,"-и, ж. Заимств.",Глории,,,,,Словарь русских личных имен Петровского
М,Гоброн,,,Стар. редк.,"-а, м. Стар. редк.",Гоброна,Гобронов,Гобронова,Гобронович,Гоброновна,Словарь русских личных имен Петровского
Ж,Голиндуха,,,Стар. редк.,"-и, ж. Стар. редк.",Голиндухи,,,,,Словарь русских личных имен Петровского
Ж,Гонеста,,,Стар. редк.,"-ы, ж. Стар. редк.",Гонесты,,,,,Словарь русских личных имен Петровского
М,Гонор,,,Стар. редк.,"-а, м. Стар. редк.",Гонора,Гоноров,Гонорова,Гонорович,Гоноровна,Словарь русских личных имен Петровского
М,Гонорат,,,Стар. редк.,"-а, м. Стар. редк.",Гонората,Гоноратов,Гоноратова,Гоноратович,Гоноратовна,Словарь русских личных имен Петровского
Ж,Гонората,,,Стар. редк.,"-ы, ж. Стар. редк.",Гонораты,,,,,Словарь русских личных имен Петровского
М,Гонорий,,,,,,Гонорьев,Гонорьева,Гонориевич,Гонориевна,"(для вариантов преобразования ""старого"" отчества в ""новое"")"
М,Гонорий,,,Стар. редк.,"-я, м. Стар. редк.",Гонория,Гонориев,Гонориева,Гонориевич,Гонориевна,Словарь русских личных имен Петровского
М,Горазд,,,Ст.-русск. редк.,"-а, м. Ст.-русск. редк.",Горазда,Гораздов,Гораздова,Гораздович,Гораздовна,Словарь русских личных имен Петровского
М,Гораций,,,Заимств.,"-я, м. Заимств.",Горация,Горациев,Горациева,Горациевич,Горациевна,Словарь русских личных имен Петровского
М,Горгий,,,,"-я, м.",Горгия,Горгиев,Горгиева,Горгиевич,Горгиевна,Словарь русских личных имен Петровского
М,Горгоний,,,,,,Горгоньев,Горгоньева,Горгониевич,Горгониевна,"(для вариантов преобразования ""старого"" отчества в ""новое"")"
М,Горгоний,,,Стар. редк.,"-я, м. Стар. редк.",Горгония,Горгониев,Горгониева,Горгониевич,Горгониевна,Словарь русских личных имен Петровского
Ж,Горгония,,,Стар. редк.,"-и, ж. Стар. редк.",Горгонии,,,,,Словарь русских личных имен Петровского
М,Гордей,Гордий,,,"-я, м.; стар. Гордий, -я.",Гордея,Гордеев,Гордеева,Гордеевич,Гордеевна,Словарь русских личных имен Петровского
М,Гордиан,,,Стар. редк.,"-а, м. Стар. редк.",Гордиана,Гордианов,Гордианова,Гордианович,Гордиановна,Словарь русских личных имен Петровского
М,Гордий,,Гордей,Стар. форма имени,"-я, м. Стар. форма имени Гордей (см.).",Гордия,Гордиев,Гордиева,Гордеевич,Гордеевна,(для варианта целевого современного отчества)
М,Гордий,,Гордей,Стар. форма имени,"-я, м. Стар. форма имени Гордей (см.).",Гордия,Гордиев,Гордиева,Гордиевич,Гордиевна,Словарь русских личных имен Петровского
М,Горислав,,,Слав.,"-а, м. Слав.",Горислава,Гориславов,Гориславова,Гориславович,Гориславовна,Словарь русских личных имен Петровского
Ж,Горислава,,,Слав.,"-ы, ж. Слав.",Гориславы,,,,,Словарь русских личных имен Петровского
М,Гортенз,,,Стар. редк.,"-а, м. Стар. редк.",Гортенза,Гортензов,Гортензова,Гортензович,Гортензовна,Словарь русских личных имен Петровского
Ж,Гортензия,,,Заимств.,"-и, ж. Заимств.",Гортензии,,,,,Словарь русских личных имен Петровского
М,Гостомысл,,,Ст.-русск. редк.,"-а, м. Ст.-русск. редк.",Гостомысла,Гостомыслов,Гостомыслова,Гостомы́Слович,Гостомы́Словна,Словарь русских личных имен Петровского
М,Градислав,,,Слав. редк.,"-а, м. Слав. редк.",Градислава,Градиславов,Градиславова,Градиславович,Градиславовна,Словарь русских личных имен Петровского
Ж,Градислава,,,Слав. редк.,"-ы, ж. Слав. редк.",Градиславы,,,,,Словарь русских личных имен Петровского
М,Гран,,Граний,Стар. форма имени,"-а, м. Стар. форма имени Граний (см.).",Грана,Гранов,Гранова,Граниевич,Граниевна,(для варианта целевого современного отчества)
М,Гран,,Граний,Стар. форма имени,"-а, м. Стар. форма имени Граний (см.).",Грана,Гранов,Гранова,Гранович,Грановна,Словарь русских личных имен Петровского
М,Граний,,,,,,Граньев,Граньева,Граниевич,Граниевна,"(для вариантов преобразования ""старого"" отчества в ""новое"")"
М,Граний,Гран,,,"-я, м.; стар. Гран, -а.",Грания,Граниев,Граниева,Граниевич,Граниевна,Словарь русских личных имен Петровского
М,Гремислав,,,Слав. редк.,"-а, м. Слав. редк.",Гремислава,Гремиславов,Гремиславова,Гремиславович,Гремиславовна,Словарь русских личных имен Петровского
М,Григорий,,,,"-я, м.",Григория,Григорьев,Григорьева,Григорьевич,Григорьевна,Словарь русских личных имен Петровского
Ж,Григория,,,,"-и, ж.",Григории,,,,,Словарь русских личных имен Петровского
М,Гурий,,,,,,Гурьев,Гурьева,Гуриевич,Гуриевна,"(для вариантов преобразования ""старого"" отчества в ""новое"")"
М,Гурий,Гурьян,,,"-я, м.; разг. Гурьян, -а; прост. Гурей, -я.",Гурия,Гуриев,Гуриева,Гуриевич,Гуриевна,Словарь русских личных имен Петровского
М,Гурьян,,Гурий,Разг.,"-а, м. Разг. к Гурий (см.).",Гурьяна,Гурьянов,Гурьянова,Гуриевич,Гуриевна,(для варианта целевого современного отчества)
М,Гурьян,,Гурий,Разг.,"-а, м. Разг. к Гурий (см.).",Гурьяна,Гурьянов,Гурьянова,Гурьянович,Гурьяновна,Словарь русских личных имен Петровского
Ж,Густа,,Августа,Разг.,"-ы, ж. Разг. к Августа 1 (см.).",Густы,,,,,Словарь русских личных имен Петровского
Ж,Густа,,Августина,Разг.,"-ы, ж. Разг. к Августина 2 (см.).",Густы,,,,,Словарь русских личных имен Петровского
М,Давид,Давыд,,,"-а, м.; разг. Давыд, -а.",Давида,Давидов,Давидова,Давидович,Давидовна,Словарь русских личных имен Петровского
М,Давыд,,Давид,Разг.,"-а, м. Разг. к Давид (см.).",Давыда,Давыдов,Давыдова,Давидович,Давидовна,(для варианта целевого современного отчества)
М,Давыд,,Давид,Разг.,"-а, м. Разг. к Давид (см.).",Давыда,Давыдов,Давыдова,Давыдович,Давыдовна,Словарь русских личных имен Петровского
М,Дагар,,,Стар. редк.,"-а, м. Стар. редк.",Дагара,Дагаров,Дагарова,Дагарович,Дагаровна,Словарь русских личных имен Петровского
М,Далмат,,,Стар. редк.,"-а, м. Стар. редк.",Далмата,Далматов,Далматова,Далматович,Далматовна,Словарь русских личных имен Петровского
М,Далматий,,,,,,Далматьев,Далматьева,Далматиевич,Далматиевна,"(для вариантов преобразования ""старого"" отчества в ""новое"")"
М,Далматий,,,Стар. редк.,"-я, м. Стар. редк.",Далматия,Далматиев,Далматиева,Далматиевич,Далматиевна,Словарь русских личных имен Петровского
М,Дамиан,,Демьян,Стар. форма имени,"-а, м. Стар. форма имени Демьян (см.).",Дамиана,Дамианов,Дамианова,Демьянович,Демьяновна,(для варианта целевого современного отчества)
М,Дамиан,,Демьян,Стар. форма имени,"-а, м. Стар. форма имени Демьян (см.).",Дамиана,Дамианов,Дамианова,Дамианович,Дамиановна,Словарь русских личных имен Петровского
М,Дан,,,Стар. редк.,"-а, м. Стар. редк.",Дана,Данов,Данова,Данович,Дановна,Словарь русских личных имен Петровского
М,Данакт,,,Стар. редк.,"-а, м. Стар. редк.",Данакта,Данактов,Данактова,Данактович,Данактовна,Словарь русских личных имен Петровского
Ж,Даная,,,Заимств.,"-и, ж. Заимств.",Данаи,,,,,Словарь русских личных имен Петровского
М,Даниил,Данила,,,"-а, м.; разг. Данил, -а и Данила, -ы; стар. разг. Данило, -ы.",Даниила,Данилов,Данилова,Даниилович,Данииловна,Словарь русских личных имен Петровского
Ж,Даниила,,,,"-ы, ж.",Даниилы,,,,,Словарь русских личных имен Петровского
М,Данил,,Даниил,Разг.,"-а, м. Разг. к Даниил (см.).",Данилы,Данилов,Данилова,Даниилович,Данииловна,(для варианта целевого современного отчества)
М,Данил,,Даниил,Разг.,"-а, м. Разг. к Даниил (см.).",Данилы,Данилов,Данилова,Данилович,Даниловна,Словарь русских личных имен Петровского
М,Данила,,Даниил,Разг.,"-ы, м. Разг. к Даниил (см.).",Данилы,Данилин,Данилина,Даниилович,Данииловна,(для варианта целевого современного отчества)
М,Данила,,Даниил,Разг.,"-ы, м. Разг. к Даниил (см.).",Данилы,Данилин,Данилина,Данилович,Даниловна,Словарь русских личных имен Петровского
М,Данило,,Даниил,Стар. разг. форма имени,"-ы, м. Стар. разг. форма имени Даниил (см.).",Данилы,Данилин,Данилина,Даниилович,Данииловна,(для варианта целевого современного отчества)
М,Данило,,Даниил,Стар. разг. форма имени,"-ы, м. Стар. разг. форма имени Даниил (см.).",Данилы,Данилин,Данилина,Данилович,Даниловна,Словарь русских личных имен Петровского
М,Дарий,,,,,,Дарьев,Дарьева,Дариевич,Дариевна,"(для вариантов преобразования ""старого"" отчества в ""новое"")"
М,Дарий,,,Стар. редк.,"-я, м. Стар. редк.",Дария,Дариев,Дариева,Дариевич,Дариевна,Словарь русских личных имен Петровского
Ж,Дария,,Дарья,Стар.,"-и, ж. Стар. форма имени Дарья (см.).",Дарии,,,,,Словарь русских личных имен Петровского
Ж,Дарья,Дария,,,"-и, ж.; стар. Дария, -и.",Дарьи,,,,,Словарь русских личных имен Петровского
М,Дасий,,,,,,Дасьев,Дасьева,Дасиевич,Дасиевна,"(для вариантов преобразования ""старого"" отчества в ""новое"")"
М,Дасий,,,Стар. редк.,"-я, м. Стар. редк.",Дасия,Дасиев,Дасиева,Дасиевич,Дасиевна,Словарь русских личных имен Петровского
Ж,Дасия,Дасья,,,"-и, ж.; стар. Дасья, -и.",Дасии,,,,,Словарь русских личных имен Петровского
М,Дасс,,Дассий,Стар. форма имени,"-а, м. Стар. форма имени Дассий (см.).",Дасса,Дассов,Дассова,Дассиевич,Дассиевна,(для варианта целевого современного отчества)
М,Дасс,,Дассий,Стар. форма имени,"-а, м. Стар. форма имени Дассий (см.).",Дасса,Дассов,Дассова,Дассович,Дассовна,Словарь русских личных имен Петровского
М,Дассий,,,,,,Дассьев,Дассьева,Дассиевич,Дассиевна,"(для вариантов преобразования ""старого"" отчества в ""новое"")"
М,Дассий,,,Редк.,"-я, м. Редк.; стар. Дасс, -а.",Дассия,Дассиев,Дассиева,Дассиевич,Дассиевна,Словарь русских личных имен Петровского
Ж,Дасья,,Дасия,Стар.,"-и, ж. Стар. форма имени Дасия (см.).",Дасьи,,,,,Словарь русских личных имен Петровского
М,Дат,,,Стар. редк.,"-а, м. Стар. редк.",Дата,Датов,Датова,Датович,Датовна,Словарь русских личных имен Петровского
М,Датиан,,,Стар. редк.,"-а, м. Стар. редк.",Датиана,Датианов,Датианова,Датианович,Датиановна,Словарь русских личных имен Петровского
Ж,Дебора,Девора,,,"-ы, ж.; стар. Девора, -ы.",Деборы,,,,,Словарь русских личных имен Петровского
Ж,Девора,,Дебора,Стар.,"-ы, ж. Стар. форма имени Дебора (см.).",Деворы,,,,,Словарь русских личных имен Петровского
Ж,Деина,,,,"-ы, ж.",Деины,,,,,Словарь русских личных имен Петровского
М,Дей,,,Редк.,"-я, м. Редк.; стар. Дий, -я.",Дея,Деев,Деева,Деевич,Деевна,Словарь русских личных имен Петровского
М,Декабрин,,,Нов.,"-а, м. Нов.",Декабрина,Декабринов,Декабринова,Декабринович,Декабриновна,Словарь русских личных имен Петровского
Ж,Декабрина,,,Нов.,"-ы, ж. Нов.",Декабрины,,,,,Словарь русских личных имен Петровского
М,Декабрист,,,Нов.,"-а, м. Нов.",Декабриста,Декабристов,Декабристова,Декабристович,Декабристовна,Словарь русских личных имен Петровского
М,Дементий,,,,,,Дементьев,Дементьева,Дементиевич,Дементиевна,"(для вариантов преобразования ""старого"" отчества в ""новое"")"
М,Дементий,Дометий,,,"-я, м.; стар. Дометий, -я.",Дементия,Дементиев,Дементиева,Дементиевич,Дементиевна,Словарь русских личных имен Петровского
М,Демид,Диомид,,,"-а, м.; стар. Диомид, -а.",Демида,Демидов,Демидова,Демидович,Демидовна,Словарь русских личных имен Петровского
М,Демокрит,,,Стар. редк.,"-а, м. Стар. редк.",Демокрита,Демокритов,Демокритова,Демокритович,Демокритовна,Словарь русских личных имен Петровского
М,Демьян,Дамиан,,,"-а, м.; стар. Дамиан, -а.",Демьяна,Демьянов,Демьянова,Демьянович,Демьяновна,Словарь русских личных имен Петровского
М,Денис,Денисий,,,"-а, м.; разг. Денисий, -я; стар. Дионисий, -я.",Дениса,Денисов,Денисова,Денисович,Денисовна,Словарь русских личных имен Петровского
М,Денисий,,Денис,Разг.,"-я, м. Разг. к Денис (см.).",Денисия,Денисиев,Денисиева,Денисович,Денисовна,(для варианта целевого современного отчества)
М,Денисий,,,,,,Денисьев,Денисьева,Денисиевич,Денисиевна,"(для вариантов преобразования ""старого"" отчества в ""новое"")"
М,Денисий,,Денис,Разг.,"-я, м. Разг. к Денис (см.).",Денисия,Денисиев,Денисиева,Денисиевич,Денисиевна,Словарь русских личных имен Петровского
Ж,Денисия,Денисья,,,"-и, ж.; разг. Денисья, -и; стар. Дионисия, -и.",Денисии,,,,,Словарь русских личных имен Петровского
Ж,Денисья,,Денисия,Разг.,"-и, ж. Разг. к Денисия (см.).",Денисьи,,,,,Словарь русских личных имен Петровского
Ж,Денница,,,Слав. редк.,"-ы, ж. Слав. редк.",Денницы,,,,,Словарь русских личных имен Петровского
Ж,Дея,,,,"-и, ж.",Деи,,,,,Словарь русских личных имен Петровского
М,Диадох,,,Стар. редк.,"-а, м. Стар. редк.",Диадоха,Диадохов,Диадохова,Диадохович,Диадоховна,Словарь русских личных имен Петровского
Ж,Диана,,,Заимств.,"-ы, ж. Заимств.",Дианы,,,,,Словарь русских личных имен Петровского
М,Див,,,Стар. редк.,"-а, м. Стар. редк.",Дива,Дивов,Дивова,Дивович,Дивовна,Словарь русских личных имен Петровского
Ж,Дигна,,,Стар. редк.,"-ы, ж. Стар. редк.",Дигны,,,,,Словарь русских личных имен Петровского
М,Дидим,Дыдым,,Стар. редк.,"-а, м. Стар. редк.; прост. Дыдым, -а.",Дидима,Дидимов,Дидимова,Дидимович,Дидимовна,Словарь русских личных имен Петровского
М,Дий,,Дей,Стар. форма имени,"-я, м. Стар. форма имени Дей (см.).",Дия,Диев,Диева,Деевич,Деевна,(для варианта целевого современного отчества)
М,Дий,,Дей,Стар. форма имени,"-я, м. Стар. форма имени Дей (см.).",Дия,Диев,Диева,Диевич,Диевна,Словарь русских личных имен Петровского
М,Дим,,,Стар. редк.,"-а, м. Стар. редк.",Дима,Димов,Димова,Димович,Димовна,Словарь русских личных имен Петровского
М,Димас,,,Стар. редк.,"-а, м. Стар. редк.",Димаса,Димасов,Димасова,Димасович,Димасовна,Словарь русских личных имен Петровского
М,Димитриан,,,Стар. редк.,"-а, м. Стар. редк.",Димитриана,Димитрианов,Димитрианова,Димитрианович,Димитриановна,Словарь русских личных имен Петровского
М,Димитрий,,Дмитрий,Стар. форма имени,"-я, м. Стар. форма имени Дмитрий (см.).",Димитрия,Димитриев,Димитриева,Дмитриевич,Дмитриевна,(для варианта целевого современного отчества)
М,Димитрий,,Дмитрий,Стар. форма имени,"-я, м. Стар. форма имени Дмитрий (см.).",Димитрия,Димитриев,Димитриева,Димитриевич,Димитриевна,Словарь русских личных имен Петровского
Ж,Дина,,,Заимств.,"-ы, ж. Заимств.",Дины,,,,,Словарь русских личных имен Петровского
М,Диоген,,,Стар. редк.,"-а, м. Стар. редк.",Диогена,Диогенов,Диогенова,Диогенович,Диогеновна,Словарь русских личных имен Петровского
М,Диодор,,,Стар. редк.,"-а, м. Стар. редк.",Диодора,Диодоров,Диодорова,Диодорович,Диодоровна,Словарь русских личных имен Петровского
Ж,Диодора,,,Стар. редк.,"-ы, ж. Стар. редк.",Диодоры,,,,,Словарь русских личных имен Петровского
М,Диодот,,,Стар. редк.,"-а, м. Стар. редк.",Диодота,Диодотов,Диодотова,Диодотович,Диодотовна,Словарь русских личных имен Петровского
М,Диоклетиан,,,Стар. редк.,"-а, м. Стар. редк.",Диоклетиана,Диоклетианов,Диоклетианова,Диоклетианович,Диоклетиановна,Словарь русских личных имен Петровского
М,Диомид,,Демид,Стар. форма имени,"-а, м. Стар. форма имени Демид (см.).",Диомида,Диомидов,Диомидова,Демидович,Демидовна,(для варианта целевого современного отчества)
М,Диомид,,Демид,Стар. форма имени,"-а, м. Стар. форма имени Демид (см.).",Диомида,Диомидов,Диомидова,Диомидович,Диомидовна,Словарь русских личных имен Петровского
М,Дион,,,Стар. редк.,"-а, м. Стар. редк.",Диона,Дионов,Дионова,Дионович,Дионовна,Словарь русских личных имен Петровского
М,Дионин,,,Стар. редк.,"-а, м. Стар. редк.",Дионина,Дионинов,Дионинова,Дионинович,Диониновна,Словарь русских личных имен Петровского
Ж,Дионина,,,Стар. редк.,"-ы, ж. Стар. редк.",Дионины,,,,,Словарь русских личных имен Петровского
М,Дионис,,,Заимств.,"-а, м. Заимств.",Дионисия,Дионисов,Дионисова,Дионисович,Дионисовна,Словарь русских личных имен Петровского
М,Дионисий,,Денис,Стар. форма имени,"-я, м. Стар. форма имени Денис (см.).",Дионисия,Дионисьев,Дионисьева,Денисович,Денисовна,(для варианта целевого современного отчества)
М,Дионисий,,Денис,Стар. форма имени,"-я, м. Стар. форма имени Денис (см.).",Дионисия,Дионисьев,Дионисьева,Дионисиевич,Дионисиевна,Словарь русских личных имен Петровского
Ж,Дионисия,,Денисия,Стар.,"-и, ж. Стар. форма имени Денисия (см.).",Дионисии,,,,,Словарь русских личных имен Петровского
М,Диор,,,Стар. редк.,"-а, м. Стар. редк.",Диора,Диоров,Диорова,Диорович,Диоровна,Словарь русских личных имен Петровского
М,Диоскор,,,Стар. редк.,"-а, м. Стар. редк.",Диоскора,Диоскоров,Диоскорова,Диоскорович,Диоскоровна,Словарь русских личных имен Петровского
М,Диоскорид,,,Стар. редк.,"-а, м. Стар. редк.",Диоскорида,Диоскоридов,Диоскоридова,Диоскоридович,Диоскоридовна,Словарь русских личных имен Петровского
М,Дисан,,,Стар. редк.,"-а, м. Стар. редк.",Дисана,Дисанов,Дисанова,Дисанович,Дисановна,Словарь русских личных имен Петровского
Ж,Дия,,,Редк.,"-и, ж. Редк.",Дии,,,,,Словарь русских личных имен Петровского
М,Дмитрий,Митрий,,,"-я, м.; разг. Митрий, -я; прост. Митрей, -я; стар. Димитрий, -я.",Дмитрия,Дмитриев,Дмитриева,Дмитриевич,Дмитриевна,Словарь русских личных имен Петровского
Ж,Доброгнева,,,Стар. редк.,"-ы, ж. Стар. редк.",Доброгневы,,,,,Словарь русских личных имен Петровского
М,Добромил,,,Слав. редк.,"-а, м. Слав. редк.",Добромила,Добромилов,Добромилова,Добромилович,Добромиловна,Словарь русских личных имен Петровского
Ж,Добромила,,,Слав. редк.,"-ы, ж. Слав. редк.",Добромилы,,,,,Словарь русских личных имен Петровского
М,Добромир,,,Слав. редк.,"-а, м. Слав. редк.",Добромира,Добромиров,Добромирова,Добромирович,Добромировна,Словарь русских личных имен Петровского
Ж,Добромира,,,Слав. редк.,"-ы, ж. Слав. редк.",Добромиры,,,,,Словарь русских личных имен Петровского
М,Доброслав,,,Слав. редк.,"-а, м. Слав. редк.",Доброслава,Доброславов,Доброславова,Доброславович,Доброславовна,Словарь русских личных имен Петровского
Ж,Доброслава,,,Слав. редк.,"-ы, ж. Слав. редк.",Доброславы,,,,,Словарь русских личных имен Петровского
М,Добрыня,,,Ст.-русск. редк.,"-и, м. Ст.-русск. редк.",Добрыни,Добрынин,Добрынина,Добрынич,Добрынична,Словарь русских личных имен Петровского
М,Довмонт,,,Стар. редк.,"-а, м. Стар. редк.",Довмонта,Довмонтов,Довмонтова,Довмонтович,Довмонтовна,Словарь русских личных имен Петровского
М,Додон,Додо,,,"-а, м.; стар. Додо, нескл.",Додона,Додонов,Додонова,Додонович,Додоновна,Словарь русских личных имен Петровского
М,Дометиан,,,Стар. редк.,"-а, м. Стар. редк.",Дометиана,Дометианов,Дометианова,Дометианович,Дометиановна,Словарь русских личных имен Петровского
М,Дометий,,Дементий,Стар. форма имени,"-я, м. Стар. форма имени Дементий (см.).",Дометия,Дометиев,Дометиева,Дементиевич,Дементиевна,(для варианта целевого современного отчества)
М,Дометий,,,,,,Дометьев,Дометьева,Дометиевич,Дометиевна,"(для вариантов преобразования ""старого"" отчества в ""новое"")"
М,Дометий,,Дементий,Стар. форма имени,"-я, м. Стар. форма имени Дементий (см.).",Дометия,Дометиев,Дометиева,Дометиевич,Дометиевна,Словарь русских личных имен Петровского
М,Доминик,,,Заимств.,"-а, м. Заимств.",Доминика,Домиников,Доминикова,Доминикович,Доминиковна,Словарь русских личных имен Петровского
Ж,Домитилла,,,Стар. редк.,"-ы, ж. Стар. редк.",Домитиллы,,,,,Словарь русских личных имен Петровского
М,Домициан,,,Стар. редк.,"-а, м. Стар. редк.",Домициана,Домицианов,Домицианова,Домицианович,Домициановна,Словарь русских личных имен Петровского
М,Домн,,,Стар. редк.,"-а, м. Стар. редк.",Домна,Домнов,Домнова,Домнович,Домновна,Словарь русских личных имен Петровского
Ж,Домна,,,,"-ы, ж.",Домны,,,,,Словарь русских личных имен Петровского
Ж,Домника,Домна,,,"-и, ж.; разг. Домникия, -и и Домна 2, -ы; прост. Домникея, -и.",Домники,,,,,Словарь русских личных имен Петровского
Ж,Домникия,,Домника,Разг.,"-и, ж. Разг. к Домника (см.).",Домникии,,,,,Словарь русских личных имен Петровского
М,Домнин,,,Стар. редк.,"-а, м. Стар. редк.",Домнина,Домнинов,Домнинова,Домнинович,Домниновна,Словарь русских личных имен Петровского
Ж,Домнина,Домна,,Стар. редк.,"-ы, ж. Стар. редк.; разг. Домна 3, -ы.",Домнины,,,,,Словарь русских личных имен Петровского
Ж,Донара,,,Нов.,"-ы, ж. Нов.",Донары,,,,,Словарь русских личных имен Петровского
М,Донат,,,,"-а, м.",Доната,Донатов,Донатова,Донатович,Донатовна,Словарь русских личных имен Петровского
Ж,Доната,,,Стар. редк.,"-ы, ж. Стар. редк.",Донаты,,,,,Словарь русских личных имен Петровского
М,Донатиан,,,Стар. редк.,"-а, м. Стар. редк.",Донатиана,Донатианов,Донатианова,Донатианович,Донатиановна,Словарь русских личных имен Петровского
Ж,Дора,,Феодора,Разг.,"-ы, ж. Разг. к Феодора (см.).",Доры,,,,,Словарь русских личных имен Петровского
М,Доримедонт,Дормедонт,,,"-а, м.; разг. Дормедонт, -а.",Доримедонта,Доримедонтов,Доримедонтова,Доримедонтович,Доримедонтовна,Словарь русских личных имен Петровского
М,Дормедонт,,Доримедонт,Разг.,"-а, м. Разг. к Доримедонт (см.).",Дормедонта,Дормедонтов,Дормедонтова,Доримедонтович,Доримедонтовна,(для варианта целевого современного отчества)
М,Дормедонт,,Доримедонт,Разг.,"-а, м. Разг. к Доримедонт (см.).",Дормедонта,Дормедонтов,Дормедонтова,Дормедонтович,Дормедонтовна,Словарь русских личных имен Петровского
Ж,Доросида,,Дросида,Разг.,"-ы, ж. Разг. к Дросида (см.).",Доросиды,,,,,Словарь русских личных имен Петровского
М,Дорофей,,,,"-я, м.",Дорофея,Дорофеев,Дорофеева,Дорофеевич,Дорофеевна,Словарь русских личных имен Петровского
Ж,Дорофея,,,,"-и, ж.",Дорофеи,,,,,Словарь русских личных имен Петровского
Ж,Доса,,,Стар. редк.,"-ы, ж. Стар. редк.",Досы,,,,,Словарь русских личных имен Петровского
М,Досифей,,,Стар. редк.,"-я, м. Стар. редк.",Досифея,Досифеев,Досифеева,Досифеевич,Досифеевна,Словарь русских личных имен Петровского
Ж,Досифея,,,Редк.,"-и, ж. Редк.",Досифеи,,,,,Словарь русских личных имен Петровского
М,Доцент,,,Стар. редк.,"-а, м. Стар. редк.",Доцента,Доцентов,Доцентова,Доцентович,Доцентовна,Словарь русских личных имен Петровского
М,Драгомир,,,Слав. редк.,"-а, м. Слав. редк.",Драгомира,Драгомиров,Драгомирова,Драгомирович,Драгомировна,Словарь русских личных имен Петровского
М,Драгутин,,,Слав. редк.,"-а, м. Слав. редк.",Драгутина,Драгутинов,Драгутинова,Драгутинович,Драгутиновна,Словарь русских личных имен Петровского
Ж,Дросида,Доросида,,,"-ы, ж.; разг. Доросида, -ы.",Дросиды,,,,,Словарь русских личных имен Петровского
М,Дружина,,,Ст.-русск. редк.,"-ы, м. Ст.-русск. редк.",Дружины,Дружинин,Дружинина,Дружинич,Дружинична,Словарь русских личных имен Петровского
М,Дука,,,Стар. редк.,"-и, м. Стар. редк.",Дуки,Дукин,Дукина,Дукич,Дукична,Словарь русских личных имен Петровского
Ж,Дуклида,,,Стар. редк.,"-ы, ж. Стар. редк.",Дуклиды,,,,,Словарь русских личных имен Петровского
Ж,Ева,,,,"-ы, ж.",Евы,,,,,Словарь русских личных имен Петровского
М,Евагрий,,,Стар. редк.,"-я, м. Стар. редк.",Евагрия,Евагриев,Евагриева,Евагриевич,Евагриевна,Словарь русских личных имен Петровского
М,Евангел,,,Стар. редк.,"-а, м. Стар. редк.",Евангела,Евангелов,Евангелова,Евангелович,Евангеловна,Словарь русских личных имен Петровского
Ж,Евангелина,,,Заимств.,"-ы, ж. Заимств.",Евангелины,,,,,Словарь русских личных имен Петровского
Ж,Еванфия,,,Стар. редк.,"-и, ж. Стар. редк.",Еванфии,,,,,Словарь русских личных имен Петровского
М,Еварест,,,Стар. редк.,"-а, м. Стар. редк.",Евареста,Еварестов,Еварестова,Еварестович,Еварестовна,Словарь русских личных имен Петровского
М,Еввентий,,,,,,Еввентьев,Еввентьева,Еввентиевич,Еввентиевна,"(для вариантов преобразования ""старого"" отчества в ""новое"")"
М,Еввентий,,,Стар. редк.,"-я, м. Стар. редк.",Еввентия,Еввентиев,Еввентиева,Еввентиевич,Еввентиевна,Словарь русских личных имен Петровского
М,Еввиот,,,Стар. редк.,"-а, м. Стар. редк.",Еввиота,Еввиотов,Еввиотова,Еввиотович,Еввиотовна,Словарь русских личных имен Петровского
М,Евген,,Евгений,Разг.,"-а, м. Разг. к Евгений (см.).",Евгена,Евгенов,Евгениевич,Евгениевна,Евгеновна,(для варианта целевого современного отчества)
М,Евген,,Евгений,Разг.,"-а, м. Разг. к Евгений (см.).",Евгена,Евгенов,Евгенова,Евгенович,Евгеновна,Словарь русских личных имен Петровского
М,Евген,,,Стар. редк.,"-а, м. Стар. редк.",Евгена,Евгенов,Евгенова,Евгенович,Евгеновна,Словарь русских личных имен Петровского
М,Евгений,Евген,,,"-я, м.; разг. Евген 2, -а; прост. Евдений, -я и Веденей 2, -я.",Евгения,Евгеньев,Евгеньева,Евгениевич,Евгениевна,Словарь русских личных имен Петровского
Ж,Евгения,Евдения,,,"-и, ж.; прост. Евдения, -и.",Евгении,,,,,Словарь русских личных имен Петровского
М,Евграф,Евграфий,,,"-а, м.; разг. Евграфий, -я; прост. Еграф, -а.",Евграфа,Евграфов,Евграфова,Евграфович,Евграфовна,Словарь русских личных имен Петровского
М,Евграфий,,Евграф,Разг.,"-я, м. Разг. к Евграф (см.).",Евграфия,Евграфиев,Евграфиева,Евграфович,Евграфовна,(для варианта целевого современного отчества)
М,Евграфий,,,,,,Евграфьев,Евграфьева,Евграфьевич,Евграфьевна,"(для вариантов преобразования ""старого"" отчества в ""новое"")"
М,Евграфий,,Евграф,Разг.,"-я, м. Разг. к Евграф (см.).",Евграфия,Евграфиев,Евграфиева,Евграфьевич,Евграфьевна,Словарь русских личных имен Петровского
М,Евдоким,Авдоким,,,"-а, м.; прост. Авдоким, -а.",Евдокима,Евдокимов,Евдокимова,Евдокимович,Евдокимовна,Словарь русских личных имен Петровского
Ж,Евдокия,Авдотья,,,"-и, ж.; народн. Авдотья, -и; прост. Авдокея, -и и Евдокея, -и.",Евдокии,,,,,Словарь русских личных имен Петровского
М,Евдоксий,,,Стар. редк.,"-я, м. Стар. редк.",Евдоксия,Евдоксиев,Евдоксиева,Евдоксиевич,Евдоксиевна,Словарь русских личных имен Петровского
Ж,Евдоксия,,,Стар. редк.,"-и, ж. Стар. редк.",Евдоксии,,,,,Словарь русских личных имен Петровского
М,Евелпист,,,Стар. редк.,"-а, м. Стар. редк.",Евелписта,Евелпистов,Евелпистова,Евелпистович,Евелпистовна,Словарь русских личных имен Петровского
М,Евиласий,,Евласий,Стар. форма имени,"-я, м. Стар. форма имени Евласий (см.).",Евиласия,Евиласиев,Евиласиева,Евласиевич,Евласиевна,(для варианта целевого современного отчества)
М,Евиласий,,,,,,Евиласьев,Евиласьева,Евиласиевич,Евиласиевна,"(для вариантов преобразования ""старого"" отчества в ""новое"")"
М,Евиласий,,Евласий,Стар. форма имени,"-я, м. Стар. форма имени Евласий (см.).",Евиласия,Евиласиев,Евиласиева,Евиласиевич,Евиласиевна,Словарь русских личных имен Петровского
М,Евкарп,,Евкарпий,Разг.,"-а, м. Разг. к Евкарпий (см.).",Евкарпа,Евкарпов,Евкарпова,Евкарпиевич,Евкарпиевна,(для варианта целевого современного отчества)
М,Евкарп,,Евкарпий,Разг.,"-а, м. Разг. к Евкарпий (см.).",Евкарпа,Евкарпов,Евкарпова,Евкарпович,Евкарповна,Словарь русских личных имен Петровского
М,Евкарпий,,,,,,Евкарпьев,Евкарпьева,Евкарпиевич,Евкарпиевна,"(для вариантов преобразования ""старого"" отчества в ""новое"")"
М,Евкарпий,Евкарп,,,"-я, м.; разг. Евкарп, -а.",Евкарпия,Евкарпиев,Евкарпиева,Евкарпиевич,Евкарпиевна,Словарь русских личных имен Петровского
М,Евлалий,,,,,,Евлальев,Евлальева,Евлалиевич,Евлалиевна,"(для вариантов преобразования ""старого"" отчества в ""новое"")"
М,Евлалий,,,Стар. редк.,"-я, м. Стар. редк.",Евлалия,Евлалиев,Евлалиева,Евлалиевич,Евлалиевна,Словарь русских личных имен Петровского
Ж,Евлалия,,,Стар. редк.,"-и, ж. Стар. редк.",Евлалии,,,,,Словарь русских личных имен Петровского
М,Евлампий,,,,"-я, м.",Евлампия,Евлампиев,Евлампиева,Евлампиевич,Евлампиевна,Словарь русских личных имен Петровского
Ж,Евлампия,Лампея,,,"-и, ж.; прост. Лампея, -и.",Евлампии,,,,,Словарь русских личных имен Петровского
М,Евласий,,,,,,Евласьев,Евласьева,Евласиевич,Евласиевна,"(для вариантов преобразования ""старого"" отчества в ""новое"")"
М,Евласий,,,Редк.,"-я, м. Редк.; стар. Евиласий, -я.",Евласия,Евласиев,Евласиева,Евласиевич,Евласиевна,Словарь русских личных имен Петровского
М,Евлогий,,,,,,Евлогьев,Евлогьева,Евлогиевич,Евлогиевна,"(для вариантов преобразования ""старого"" отчества в ""новое"")"
М,Евлогий,,,Стар. редк.,"-я, м. Стар. редк.",Евлогия,Евлогиев,Евлогиева,Евлогиевич,Евлогиевна,Словарь русских личных имен Петровского
М,Евмен,,Евмений,Разг.,"-а, м. Разг. к Евмений (см.).",Евмена,Евменов,Евменова,Евмениевич,Евмениевна,(для варианта целевого современного отчества)
М,Евмен,,Евмений,Разг.,"-а, м. Разг. к Евмений (см.).",Евмена,Евменов,Евменова,Евменович,Евменовна,Словарь русских личных имен Петровского
М,Евмений,,,,,,Евменьев,Евменьева,Евмениевич,Евмениевна,"(для вариантов преобразования ""старого"" отчества в ""новое"")"
М,Евмений,Евмен,,,"-я, м.; разг. Евмен, -а и Евментий, -я.",Евмения,Евмениев,Евмениева,Евмениевич,Евмениевна,Словарь русских личных имен Петровского
Ж,Евмения,,,Редк.,"-и, ж. Редк.",Евмении,,,,,Словарь русских личных имен Петровского
М,Евментий,,Евмений,Разг.,"-я, м. Разг. к Евмений (см.).",Евментия,Евментиев,Евментиева,Евмениевич,Евмениевна,(для варианта целевого современного отчества)
М,Евментий,,,,,,Евментьев,Евментьева,Евментиевич,Евментиевна,"(для вариантов преобразования ""старого"" отчества в ""новое"")"
М,Евментий,,Евмений,Разг.,"-я, м. Разг. к Евмений (см.).",Евментия,Евментиев,Евментиева,Евментиевич,Евментиевна,Словарь русских личных имен Петровского
Ж,Евминия,,,Стар. редк.,"-и, ж. Стар. редк.",Евминии,,,,,Словарь русских личных имен Петровского
Ж,Евника,,,Стар. редк.,"-и, ж. Стар. редк.",Евники,,,,,Словарь русских личных имен Петровского
М,Евникиан,Евникей,,Стар. редк.,"-а, м. Стар. редк.; прост. Евникей, -я и Еникей, -я.",Евникиана,Евникианов,Евникианова,Евникианович,Евникиановна,Словарь русских личных имен Петровского
Ж,Евникия,,,Стар. редк.,"-и, ж. Стар. редк.",Евникии,,,,,Словарь русских личных имен Петровского
М,Евноик,,,Стар. редк.,"-а, м. Стар. редк.",Евноика,Евноиков,Евноикова,Евноикович,Евноиковна,Словарь русских личных имен Петровского
Ж,Евномия,,,Стар. редк.,"-и, ж. Стар. редк.",Евномии,,,,,Словарь русских личных имен Петровского
М,Евод,,,Стар. редк.,"-а, м. Стар. редк.",Евода,Еводов,Еводова,Еводович,Еводовна,Словарь русских личных имен Петровского
М,Евпатий,,,,,,Евпатьев,Евпатьева,Евпатиевич,Евпатиевна,"(для вариантов преобразования ""старого"" отчества в ""новое"")"
М,Евпатий,,,Стар. редк.,"-я, м. Стар. редк.",Евпатия,Евпатиев,Евпатиева,Евпатиевич,Евпатиевна,Словарь русских личных имен Петровского
М,Евпл,Евпол,,Стар. редк.,"-а, м. Стар. редк.; прост. Евпол, -а.",Евпла,Евплов,Евплова,Евплович,Евпловна,Словарь русских личных имен Петровского
Ж,Евпраксия,Апраксия,,,"-и, ж.; прост. Апраксия, -и и Евпраксея, -и.",Евпраксии,,,,,Словарь русских личных имен Петровского
М,Евпсихий,,,,,,Евпсихьев,Евпсихьева,Евпсихиевич,Евпсихиевна,"(для вариантов преобразования ""старого"" отчества в ""новое"")"
М,Евпсихий,,,Стар. редк.,"-я, м. Стар. редк.",Евпсихия,Евпсихиев,Евпсихиева,Евпсихиевич,Евпсихиевна,Словарь русских личных имен Петровского
М,Евсевий,,,,,,Евсевьев,Евсевьева,Евсевиевич,Евсевиевна,"(для вариантов преобразования ""старого"" отчества в ""новое"")"
М,Евсевий,Евсей,,,"-я, м.; разг. Евсей, -я; прост. Авсей, -я.",Евсевия,Евсевиев,Евсевиева,Евсевиевич,Евсевиевна,Словарь русских личных имен Петровского
Ж,Евсевия,,,Стар. редк.,"-и, ж. Стар. редк.",Евсевии,,,,,Словарь русских личных имен Петровского
М,Евсевон,,,Стар. редк.,"-а, м. Стар. редк.",Евсевона,Евсевонов,Евсевонова,Евсевонович,Евсевоновна,Словарь русских личных имен Петровского
М,Евсей,,Евсевий,Разг.,"-я, м. Разг. к Евсевий (см.).",Евсея,Евсеев,Евсеева,Евсевиевич,Евсевиевна,(для варианта целевого современного отчества)
М,Евсей,,Евсевий,Разг.,"-я, м. Разг. к Евсевий (см.).",Евсея,Евсеев,Евсеева,Евсеевич,Евсеевна,Словарь русских личных имен Петровского
М,Евсигней,,Евстигней,Разг.,"-я, м. Разг. к Евстигней (см.).",Евсигнея,Евсигнеев,Евсигнеева,Евстигнеевич,Евстигнеевна,(для варианта целевого современного отчества)
М,Евсигней,,Евстигней,Разг.,"-я, м. Разг. к Евстигней (см.).",Евсигнея,Евсигнеев,Евсигнеева,Евсигнеевич,Евсигнеевна,Словарь русских личных имен Петровского
М,Евсигний,,Евстигней,Стар. форма имени,"-я, м. Стар. форма имени Евстигней (см.).",Евсигния,Евсигниев,Евсигниева,Евстигнеевич,Евстигнеевна,(для варианта целевого современного отчества)
М,Евсигний,,Евстигней,Стар. форма имени,"-я, м. Стар. форма имени Евстигней (см.).",Евсигния,Евсигниев,Евсигниева,Евсигниевич,Евсигниевна,Словарь русских личных имен Петровского
М,Евстафей,,Евстафий,Разг.,"-я, м. Разг. к Евстафий (см.).",Евстафея,Евстафеев,Евстафеева,Евстафиевич,Евстафиевна,(для варианта целевого современного отчества)
М,Евстафей,,Евстафий,Разг.,"-я, м. Разг. к Евстафий (см.).",Евстафея,Евстафеев,Евстафеева,Евстафеевич,Евстафеевна,Словарь русских личных имен Петровского
М,Евстафий,,,,,,Евстафьев,Евстафьева,Евстафиевич,Евстафиевна,"(для вариантов преобразования ""старого"" отчества в ""новое"")"
М,Евстафий,Евстафей,,,"-я, м.; разг. Евстафей, -я; прост. Астафей, -я и Астафий, -я.",Евстафия,Евстафиев,Евстафиева,Евстафиевич,Евстафиевна,Словарь русских личных имен Петровского
Ж,Евстафия,,,Редк.,"-и, ж. Редк.",Евстафии,,,,,Словарь русских личных имен Петровского
М,Евстахий,,,,,,Евстахьев,Евстахьева,Евстахиевич,Евстахиевна,"(для вариантов преобразования ""старого"" отчества в ""новое"")"
М,Евстахий,Астахий,,,"-я, м.; прост. Астахий, -я.",Евстахия,Евстахиев,Евстахиева,Евстахиевич,Евстахиевна,Словарь русских личных имен Петровского
М,Евстигней,Евсигней,,,"-я, м.; разг. Евсигней, -я; прост. Сигней, -я; стар. Евсигний, -я.",Евстигнея,Евстигнеев,Евстигнеева,Евстигнеевич,Евстигнеевна,Словарь русских личных имен Петровского
Ж,Евстолия,,,,"-и, ж.",Евстолии,,,,,Словарь русских личных имен Петровского
М,Евсторий,,,,,,Евсторьев,Евсторьева,Евсториевич,Евсториевна,"(для вариантов преобразования ""старого"" отчества в ""новое"")"
М,Евсторий,,,Стар. редк.,"-я, м. Стар. редк.",Евстория,Евсториев,Евсториева,Евсториевич,Евсториевна,Словарь русских личных имен Петровского
М,Евстохий,,,,,,Евстохьев,Евстохьева,Евстохиевич,Евстохиевна,"(для вариантов преобразования ""старого"" отчества в ""новое"")"
М,Евстохий,,,Стар. редк.,"-я, м. Стар. редк.",Евстохия,Евстохиев,Евстохиева,Евстохиевич,Евстохиевна,Словарь русских личных имен Петровского
М,Евстрат,Елистрат,,,"-а, м.; прост. Елистрат, -а; стар. Евстратий, -я.",Евстрата,Евстратов,Евстратова,Евстратович,Евстратовна,Словарь русских личных имен Петровского
М,Евстратий,,Евстрат,Стар. форма имени,"-я, м. Стар. форма имени Евстрат (см.).",Евстратия,Евстратиев,Евстратиева,Евстратович,Евстратовна,(для варианта целевого современного отчества)
М,Евстратий,,,,,,Евстратьев,Евстратьева,Евстратиевич,Евстратиевна,"(для вариантов преобразования ""старого"" отчества в ""новое"")"
М,Евстратий,,Евстрат,Стар. форма имени,"-я, м. Стар. форма имени Евстрат (см.).",Евстратия,Евстратиев,Евстратиева,Евстратиевич,Евстратиевна,Словарь русских личных имен Петровского
М,Евтей,,,Стар. редк.,"-я, м. Стар. редк.",Евтеева,Евтеев,Евтеева,Евтеевич,Евтеевна,Словарь русских личных имен Петровского
М,Евтифий,,Евтихий,Разг.,"-я, м. Разг. к Евтихий (см.).",Евтифия,Евтифиев,Евтифиева,Евтихиевич,Евтихиевна,(для варианта целевого современного отчества)
М,Евтифий,,,,,,Евтифьев,Евтифьева,Евтифиевич,Евтифиевна,"(для вариантов преобразования ""старого"" отчества в ""новое"")"
М,Евтифий,,Евтихий,Разг.,"-я, м. Разг. к Евтихий (см.).",Евтифия,Евтифиев,Евтифиева,Евтифиевич,Евтифиевна,Словарь русских личных имен Петровского
М,Евтихиан,,,Стар. редк.,"-а, м. Стар. редк.",Евтихиана,Евтихианов,Евтихианова,Евтихианович,Евтихиановна,Словарь русских личных имен Петровского
М,Евтихий,,,,,,Евтихьев,Евтихьева,Евтихиевич,Евтихиевна,"(для вариантов преобразования ""старого"" отчества в ""новое"")"
М,Евтихий,Евтифий,,,"-я, м.; разг. Евтифий, -я; прост. Евтифей, -я.",Евтихия,Евтихиев,Евтихиева,Евтихиевич,Евтихиевна,Словарь русских личных имен Петровского
Ж,Евтихия,,,Стар. редк.,"-и, ж. Стар. редк.",Евтихии,,,,,Словарь русских личных имен Петровского
М,Евтроп,,Евтропий,Разг.,"-а, м. Разг. к Евтропий (см.).",Евтропа,Евтропов,Евтропова,Евтропиевич,Евтропиевна,(для варианта целевого современного отчества)
М,Евтроп,,Евтропий,Разг.,"-а, м. Разг. к Евтропий (см.).",Евтропа,Евтропов,Евтропова,Евтропович,Евтроповна,Словарь русских личных имен Петровского
М,Евтропий,,,,,,Евтропьев,Евтропьева,Евтропиевич,Евтропиевна,"(для вариантов преобразования ""старого"" отчества в ""новое"")"
М,Евтропий,Антроп,,,"-я, м.; разг. Антроп, -а, Антропий, -я и Евтроп, -а.",Евтропия,Евтропиев,Евтропиева,Евтропиевич,Евтропиевна,Словарь русских личных имен Петровского
Ж,Евтропия,,,Стар. редк.,"-и, ж. Стар. редк.",Евтропии,,,,,Словарь русских личных имен Петровского
Ж,Евфалия,,,,"-и, ж.",Евфалии,,,,,Словарь русских личных имен Петровского
М,Евфим,,Ефим,,,Евфима,Евфимов,Евфимова,Ефимович,Ефимовна,
М,Евфимиан,,,Стар. редк.,"-а, м. Стар. редк.",Евфимиана,Евфимианов,Евфимианова,Евфимианович,Евфимиановна,Словарь русских личных имен Петровского
М,Евфимий,,Ефим,Стар. форма имени,"-я, м. Стар. форма имени Ефим (см.).",Ефимия,Евфимиев,Евфимиева,Ефимович,Ефимовна,(для варианта целевого современного отчества)
М,Евфимий,Евфим,Ефим,,,,Евфимьев,Евфимьева,Евфимиевич,Евфимиевна,"(для вариантов преобразования ""старого"" отчества в ""новое"")"
М,Евфимий,,Ефим,Стар. форма имени,"-я, м. Стар. форма имени Ефим (см.).",Ефимия,Евфимиев,Евфимиева,Евфимиевич,Евфимиевна,Словарь русских личных имен Петровского
Ж,Евфимия,,Ефимия,Стар.,"-и, ж. Стар. форма имени Ефимия (см.).",Евфимии,,,,,Словарь русских личных имен Петровского
М,Евфрасий,,Ефрасий,Стар. форма имени,"-я, ж. Стар. форма имени Ефрасий (см.).",Евфрасия,Евфрасиев,Евфрасиева,Ефрасиевич,Ефрасиевна,(для варианта целевого современного отчества)
М,Евфрасий,,,,,,Евфрасьев,Евфрасьева,Евфрасиевич,Евфрасиевна,"(для вариантов преобразования ""старого"" отчества в ""новое"")"
М,Евфрасий,,Ефрасий,Стар. форма имени,"-я, ж. Стар. форма имени Ефрасий (см.).",Евфрасия,Евфрасиев,Евфрасиева,Евфрасиевич,Евфрасиевна,Словарь русских личных имен Петровского
Ж,Евфрасия,,,Стар. редк.,"-и, ж. Стар. редк.",Евфрасии,,,,,Словарь русских личных имен Петровского
М,Евфросин,,Ефросин,Стар. форма имени,"-а, м. Стар. форма имени Ефросин (см.).",Евфросина,Евфросинов,Евфросинова,Ефросинович,Ефросиновна,(для варианта целевого современного отчества)
М,Евфросин,,Ефросин,Стар. форма имени,"-а, м. Стар. форма имени Ефросин (см.).",Евфросина,Евфросинов,Евфросинова,Евфросинович,Евфросиновна,Словарь русских личных имен Петровского
Ж,Евфросиния,,Евфросинья,Стар.,"-и, ж. Стар. форма имени Ефросиния (см.).",Евфросинии,,,,,Словарь русских личных имен Петровского
Ж,Евфросиня,,Евфросинья,,,Евфросини,,,,,-
М,Егидий,,Эгидий,Стар. форма имени,"-я, м. Стар. форма имени Эгидий (см.).",Егидия,Егидиев,Егидиева,Эгидиевич,Эгидиевна,(для варианта целевого современного отчества)
М,Егидий,,,,,,Егидьев,Егидьева,Егидиевич,Егидиевна,"(для вариантов преобразования ""старого"" отчества в ""новое"")"
М,Егидий,,Эгидий,Стар. форма имени,"-я, м. Стар. форма имени Эгидий (см.).",Егидия,Егидиев,Егидиева,Егидиевич,Егидиевна,Словарь русских личных имен Петровского
Ж,Егина,,Эгина,Стар.,"-ы, ж. Стар. форма имени Эгина (см.).",Егины,,,,,Словарь русских личных имен Петровского
М,Егор,Георгий,,Народн. форма имени,"-а, м. Народн. форма имени Георгий (см.), ставшая документальной.",Егора,Егоров,Егорова,Егорович,Егоровна,Словарь русских личных имен Петровского
М,Егорий,,Георгий,Разг.,"-я, м. Разг. к Георгий (см.).",Егория,Егориев,Егориева,Георгиевич,Георгиевна,(для варианта целевого современного отчества)
М,Егорий,,,,,,Егорьев,Егорьева,Егорьевич,Егорьевна,"(для вариантов преобразования ""старого"" отчества в ""новое"")"
М,Егорий,,Георгий,Разг.,"-я, м. Разг. к Георгий (см.).",Егория,Егориев,Егориева,Егорьевич,Егорьевна,Словарь русских личных имен Петровского
М,Едесий,,,,,,Едесьев,Едесьева,Едесиевич,Едесиевна,"(для вариантов преобразования ""старого"" отчества в ""новое"")"
М,Едесий,,,Стар. редк.,"-я, м. Стар. редк.",Едесия,Едесиев,Едесиева,Едесиевич,Едесиевна,Словарь русских личных имен Петровского
М,Едикт,,Эдикт,Стар. форма имени,"-а, м. Стар. форма имени Эдикт (см.).",Едикта,Едиктов,Едиктова,Эдиктович,Эдиктовна,(для варианта целевого современного отчества)
М,Едикт,,Эдикт,Стар. форма имени,"-а, м. Стар. форма имени Эдикт (см.).",Едикта,Едиктов,Едиктова,Едиктович,Едиктовна,Словарь русских личных имен Петровского
М,Езекия,,,Стар. редк.,"-и, м. Стар. редк.",Езекии,Езекиев,Езекиева,Езекиевич,Езекиевна,Словарь русских личных имен Петровского
Ж,Екатерина,Катерина,,,"-ы, ж.; разг. Катерина, -ы.",Екатерины,,,,,Словарь русских личных имен Петровского
М,Екдит,,,Стар. редк.,"-а, м. Стар. редк.",Екдита,Екдитов,Екдитова,Екдитович,Екдитовна,Словарь русских личных имен Петровского
М,Еким,,Иаким,,,Екима,Екимов,Екимова,Иакимович,Иакимовна,
М,Ексакустодиан,,,Стар. редк.,"-а, м. Стар. редк.",Ексакустодиана,Ексакустодианов,Ексакустодианова,Ексакустодианович,Ексакустодиановна,Словарь русских личных имен Петровского
М,Елеазар,,Елизар,Стар.,"-а, м. Стар. форма имени Елизар (см.).",Елеазара,Елеазаров,Елеазарова,Елизарович,Елизаровна,(для варианта целевого современного отчества)
М,Елеазар,,Елизар,Стар.,"-а, м. Стар. форма имени Елизар (см.).",Елеазара,Елеазаров,Елеазарова,Елеазарович,Елеазаровна,Словарь русских личных имен Петровского
М,Елевсипп,,,Стар. редк.,"-а, м. Стар. редк.",Елевсиппа,Елевсиппов,Елевсиппова,Елевсиппович,Елевсипповна,Словарь русских личных имен Петровского
М,Елевферий,,Елеферий,Стар. форма имени,"-я, м. Стар. форма имени Елеферий (см.).",Елевферия,Елевфериев,Елевфериева,Елефериевич,Елефериевна,(для варианта целевого современного отчества)
М,Елевферий,,,,,,Елевферьев,Елевферьева,Елевфериевич,Елевфериевна,"(для вариантов преобразования ""старого"" отчества в ""новое"")"
М,Елевферий,,Елеферий,Стар. форма имени,"-я, м. Стар. форма имени Елеферий (см.).",Елевферия,Елевфериев,Елевфериева,Елевфериевич,Елевфериевна,Словарь русских личных имен Петровского
Ж,Елена,Алена,,,"-ы, ж.; народн. Алёна, -ы; прост. Олёна, -ы.",Елены,,,,,Словарь русских личных имен Петровского
М,Елеферий,,,,,,Елеферьев,Елеферьева,Елефериевич,Елефериевна,"(для вариантов преобразования ""старого"" отчества в ""новое"")"
М,Елеферий,,,Редк.,"-я, м. Редк.; разг. Алферий, -я и Алфёр, -а; стар. Елевферий, -я.",Елеферия,Елефериев,Елефериева,Елефериевич,Елефериевна,Словарь русских личных имен Петровского
Ж,Елизавета,Лизавета,,,"-ы, ж.; разг. Лизавета, -ы; стар. Елисавета, -ы.",Елизаветы,,,,,Словарь русских личных имен Петровского
М,Елизар,Елеазар,,,"-а, м.; стар. Елеазар, -а.",Елизара,Елизаров,Елизарова,Елизарович,Елизаровна,Словарь русских личных имен Петровского
М,Елизбар,,Элизбар,Стар. форма имени,"-а, м. Стар. форма имени Элизбар (см.).",Елизбара,Елизбаров,Елизбарова,Элизбарович,Элизбаровна,(для варианта целевого современного отчества)
М,Елизбар,,Элизбар,Стар. форма имени,"-а, м. Стар. форма имени Элизбар (см.).",Елизбара,Елизбаров,Елизбарова,Елизбарович,Елизбаровна,Словарь русских личных имен Петровского
М,Елий,,Элий,Стар. форма имени,"-я, м. Стар. форма имени Гелий (см.) и имени Элий (см.).",Елия,Елиев,Елиева,Элиевич,Элиевна,(для варианта целевого современного отчества)
М,Елий,,,,,,Ельев,Ельева,Елиевич,Елиевна,"(для вариантов преобразования ""старого"" отчества в ""новое"")"
М,Елий,,Элий,Стар. форма имени,"-я, м. Стар. форма имени Гелий (см.) и имени Элий (см.).",Елия,Елиев,Елиева,Елиевич,Елиевна,Словарь русских личных имен Петровского
Ж,Еликонида,Ликонида,,,"-ы, ж.; разг. Ликонида, -ы; прост. Конида, -ы.",Еликониды,,,,,Словарь русских личных имен Петровского
М,Елим,,Элим,Вариант,"-а, м. См. Элим.",Елима,Елимов,Елимова,Элимович,Элимовна,(для варианта целевого современного отчества)
М,Елим,,Элим,Вариант,"-а, м. См. Элим.",Елима,Елимов,Елимова,Елимович,Елимовна,Словарь русских личных имен Петровского
М,Елис,Елиссей,,,"-а; стар. Елиссей, -я.",Елиса,Елисов,Елисова,Елисеевич,Елисеевна,Словарь русских личных имен Петровского
Ж,Елисавета,,Елизавета,Стар.,"-ы, ж. Стар. форма имени Елизавета (см.).",Елисаветы,,,,,Словарь русских личных имен Петровского
М,Елисей,,,Прост.,"-я, м.; прост.",Елисея,Елисеев,Елисеева,Елисеевич,Елисеевна,Словарь русских личных имен Петровского
М,Елиссей,,Елисей,Стар. форма имени,"-я, м. Стар. форма имени Елисей (см.).",Елиссея,Елиссеев,Елиссеева,Елисеевич,Елисеевна,(для варианта целевого современного отчества)
М,Елиссей,,Елисей,Стар. форма имени,"-я, м. Стар. форма имени Елисей (см.).",Елиссея,Елиссеев,Елиссеева,Елиссеевич,Елиссеевна,Словарь русских личных имен Петровского
М,Елистрат,,Евстрат,Прост.,"-а, м. Прост. к Евстрат (см.).",Елистрата,Елистратов,Елистратова,Евстратович,Евстратовна,(для варианта целевого современного отчества)
М,Елистрат,,Евстрат,Прост.,"-а, м. Прост. к Евстрат (см.).",Елистрата,Елистратов,Елистратова,Елистратович,Елистратовна,Словарь русских личных имен Петровского
М,Елладий,,Элладий,Стар. форма имени,"-я, м. Стар. форма имени Элладий (см.).",Елладия,Елладиев,Елладиева,Элладиевич,Элладиевна,(для варианта целевого современного отчества)
М,Елладий,,,,,,Елладьев,Елладьева,Елладиевич,Елладиевна,"(для вариантов преобразования ""старого"" отчества в ""новое"")"
М,Елладий,,Элладий,Стар. форма имени,"-я, м. Стар. форма имени Элладий (см.).",Елладия,Елладиев,Елладиева,Елладиевич,Елладиевна,Словарь русских личных имен Петровского
М,Еллий,,Эллий,Стар. форма имени,"-я, м. Стар. форма имени Эллий (см.).",Еллия,Еллиев,Еллиева,Эллиевич,Эллиевна,(для варианта целевого современного отчества)
М,Еллий,,,,,,Елльев,Елльева,Еллиевич,Еллиевна,"(для вариантов преобразования ""старого"" отчества в ""новое"")"
М,Еллий,,Эллий,Стар. форма имени,"-я, м. Стар. форма имени Эллий (см.).",Еллия,Еллиев,Еллиева,Еллиевич,Еллиевна,Словарь русских личных имен Петровского
М,Еллин,,Эллин,Стар. форма имени,"-а, м. Стар. форма имени Эллин (см.).",Еллина,Еллинов,Еллинова,Эллинович,Эллиновна,(для варианта целевого современного отчества)
М,Еллин,,Эллин,Стар. форма имени,"-а, м. Стар. форма имени Эллин (см.).",Еллина,Еллинов,Еллинова,Еллинович,Еллиновна,Словарь русских личных имен Петровского
М,Елпидий,,,,,,Елпидьев,Елпидьева,Елпидиевич,Елпидиевна,"(для вариантов преобразования ""старого"" отчества в ""новое"")"
М,Елпидий,,,Стар. редк.,"-я, м. Стар. редк.",Елпидия,Елпидиев,Елпидиева,Елпидиевич,Елпидиевна,Словарь русских личных имен Петровского
М,Елпидифор,,,Стар. редк.,"-а, м. Стар. редк.",Елпидифора,Елпидифоров,Елпидифорова,Елпидифорович,Елпидифоровна,Словарь русских личных имен Петровского
М,Емельян,Амельян,,,"-а, м.; прост. Амельян, -а; стар. Емилиан, -а.",Емельяна,Емельянов,Емельянова,Емельянович,Емельяновна,Словарь русских личных имен Петровского
Ж,Емельяна,,Емилиана,Разг.,"-ы, ж. Разг. к Емилиана (см.).",Емельяны,,,,,Словарь русских личных имен Петровского
М,Емилиан,,Емельян,Стар. форма имени,"-а, м. Стар. форма имени Емельян (см.) и имени Эмилиан (см.).",Емилиана,Емилианов,Емилианова,Емельянович,Емельяновна,(для варианта целевого современного отчества)
М,Емилиан,,Емельян,Стар. форма имени,"-а, м. Стар. форма имени Емельян (см.) и имени Эмилиан (см.).",Емилиана,Емилианов,Емилианова,Емилианович,Емилиановна,Словарь русских личных имен Петровского
Ж,Емилиана,Емельяна,,,"-ы, ж.; разг. Емельяна, -ы.",Емилианы,,,,,Словарь русских личных имен Петровского
М,Емилий,,Эмилий,Стар. форма имени,"-я, м. Стар. форма имени Эмилий (см.).",Емилия,Емилиев,Емилиева,Эмилиевич,Эмилиевна,(для варианта целевого современного отчества)
М,Емилий,,,,,,Емильев,Емильева,Емилиевич,Емилиевна,"(для вариантов преобразования ""старого"" отчества в ""новое"")"
М,Емилий,,Эмилий,Стар. форма имени,"-я, м. Стар. форма имени Эмилий (см.).",Емилия,Емилиев,Емилиева,Емилиевич,Емилиевна,Словарь русских личных имен Петровского
Ж,Емилия,,Эмилия,Стар.,"-и, ж. Стар. форма имени Эмилия (см.).",Емилии,,,,,Словарь русских личных имен Петровского
М,Еммануил,,Эммануил,Стар. форма имени,"-а, м. Стар. форма имени Эммануил (см.).",Еммануила,Еммануилов,Еммануилова,Эммануилович,Эммануиловна,(для варианта целевого современного отчества)
М,Еммануил,,Эммануил,Стар. форма имени,"-а, м. Стар. форма имени Эммануил (см.).",Еммануила,Еммануилов,Еммануилова,Еммануилович,Еммануиловна,Словарь русских личных имен Петровского
М,Еней,,Эней,Стар. форма имени,"-я, м. Стар. форма имени Эней (см.).",Енея,Енеев,Енеева,Энеевич,Энеевна,(для варианта целевого современного отчества)
М,Еней,,Эней,Стар. форма имени,"-я, м. Стар. форма имени Эней (см.).",Енея,Енеев,Енеева,Енеевич,Енеевна,Словарь русских личных имен Петровского
Ж,Еннафа,,Эннафа,Стар.,"-ы, ж. Стар. форма имени Эннафа (см.).",Еннафы,,,,,Словарь русских личных имен Петровского
М,Енос,Анос,,Стар. редк.,"-а, м. Стар. редк.; прост. Анос 2, -а.",Еноса,Еносов,Еносова,Еносович,Еносовна,Словарь русских личных имен Петровского
М,Енох,,,Стар. редк.,"-а, м. Стар. редк.",Еноха,Енохов,Енохова,Енохович,Еноховна,Словарь русских личных имен Петровского
М,Епафрас,,,Стар. редк.,"-а, м. Стар. редк.",Епафраса,Епафрасов,Епафрасова,Епафрасович,Епафрасовна,Словарь русских личных имен Петровского
М,Епафродит,,,Стар. редк.,"-а, м. Стар. редк.",Епафродита,Епафродитов,Епафродитова,Епафродитович,Епафродитовна,Словарь русских личных имен Петровского
М,Епенет,,,Стар. редк.,"-а, м. Стар. редк.",Епенета,Епенетов,Епенетова,Епенетович,Епенетовна,Словарь русских личных имен Петровского
М,Епиктет,,Эпиктет,Стар. форма имени,"-а, м. Стар. форма имени Эпиктет (см.).",Епиктета,Епиктетов,Епиктетова,Эпиктетович,Эпиктетовна,(для варианта целевого современного отчества)
М,Епиктет,,Эпиктет,Стар. форма имени,"-а, м. Стар. форма имени Эпиктет (см.).",Епиктета,Епиктетов,Епиктетова,Епиктетович,Епиктетовна,Словарь русских личных имен Петровского
М,Епимах,,,Стар. редк.,"-а, м. Стар. редк.",Епимаха,Епимахов,Епимахова,Епимахович,Епимаховна,Словарь русских личных имен Петровского
Ж,Епистима,Епистимия,,,"-ы, ж.; разг. Епистимия, -и; прост. Епистимея, -и и Пистимея, -и.",Епистими,,,,,Словарь русских личных имен Петровского
Ж,Епистимия,,Епистима,Разг.,"-и, ж. Разг. к Епистима (см.).",Епистимии,,,,,Словарь русских личных имен Петровского
М,Епифан,Епифаний,,,"-а, м.; стар. Епифаний, -я.",Епифана,Епифанов,Епифанова,Епифанович,Епифановна,Словарь русских личных имен Петровского
Ж,Епифана,,,Стар. редк.,"-ы, ж. Стар. редк.",Епифаны,,,,,Словарь русских личных имен Петровского
М,Епифаний,,Епифан,Стар. форма имени,"-я, м. Стар. форма имени Епифан (см.).",Епифания,Епифаниев,Епифаниева,Епифанович,Епифановна,(для варианта целевого современного отчества)
М,Епифаний,,,,,,Епифаньев,Епифаньева,Епифаниевич,Епифаниевна,"(для вариантов преобразования ""старого"" отчества в ""новое"")"
М,Епифаний,,Епифан,Стар. форма имени,"-я, м. Стар. форма имени Епифан (см.).",Епифания,Епифаниев,Епифаниева,Епифаниевич,Епифаниевна,Словарь русских личных имен Петровского
Ж,Епихария,,,Стар. редк.,"-и, ж. Стар. редк.",Епихарии,,,,,Словарь русских личных имен Петровского
М,Епполоний,,,,,,Епполоньев,Епполоньева,Епполониевич,Епполониевна,"(для вариантов преобразования ""старого"" отчества в ""новое"")"
М,Епполоний,,,Стар. редк.,"-я, м. Стар. редк.",Епполония,Епполониев,Епполониева,Епполониевич,Епполониевна,Словарь русских личных имен Петровского
М,Еразм,,Эразм,Стар. форма имени,"-а, м. Стар. форма имени Эразм (см.).",Еразма,Еразмов,Еразмова,Эразмович,Эразмовна,(для варианта целевого современного отчества)
М,Еразм,,Эразм,Стар. форма имени,"-а, м. Стар. форма имени Эразм (см.).",Еразма,Еразмов,Еразмова,Еразмович,Еразмовна,Словарь русских личных имен Петровского
М,Еракл,,Геракл,Стар. форма имени,"-а, м. Стар. форма имени Геракл (см.).",Еракла,Ераклов,Ераклова,Гераклович,Геракловна,(для варианта целевого современного отчества)
М,Еракл,,Геракл,Стар. форма имени,"-а, м. Стар. форма имени Геракл (см.).",Еракла,Ераклов,Ераклова,Ераклович,Еракловна,Словарь русских личных имен Петровского
М,Ераст,,Эраст,Вариант,"-а, м. См. Эраст.",Ераста,Ерастов,Ерастова,Эрастович,Эрастовна,(для варианта целевого современного отчества)
М,Ераст,,Эраст,Вариант,"-а, м. См. Эраст.",Ераста,Ерастов,Ерастова,Ерастович,Ерастовна,Словарь русских личных имен Петровского
М,Еремей,Еремия,,,"-я, м.; разг. Еремия, -и; стар. Иеремия, -и.",Еремея,Еремеев,Еремеева,Еремеевич,Еремеевна,Словарь русских личных имен Петровского
М,Еремия,,Еремей,Разг.,"-и, м. Разг. к Еремей (см.).",Еремии,Еремин,Еремина,Еремеевич,Еремеевна,(для варианта целевого современного отчества)
М,Еремия,,Еремей,Разг.,"-и, м. Разг. к Еремей (см.).",Еремии,Еремин,Еремина,Еремиевич,Еремиевна,Словарь русских личных имен Петровского
М,Ерм,,,Стар. редк.,"-а, м. Стар. редк.",Ерма,Ермов,Ермова,Ермович,Ермовна,Словарь русских личных имен Петровского
М,Ермак,Ермолай,,,"-а, м. Разг. форма имени Ермолай (см.), ставшая документальной.",Ермака,Ермаков,Ермакова,Ермакович,Ермаковна,Словарь русских личных имен Петровского
М,Ермей,,,Стар. редк.,"-я, м. Стар. редк.",Ермея,Ермеев,Ермеева,Ермеевич,Ермеевна,Словарь русских личных имен Петровского
М,Ермий,,,Стар. редк.,"-я, м. Стар. редк.",Ермия,Ермиев,Ермиева,Ермиевич,Ермиевна,Словарь русских личных имен Петровского
М,Ермил,Ермила,,,"-а, м.; разг. Ермила, -ы и Ермилий, -я.",Ермила,Ермилов,Ермилова,Ермилович,Ермиловна,Словарь русских личных имен Петровского
М,Ермила,,Ермил,Разг.,"-ы, м. Разг. к Ермил (см.).",Ермилы,Ермилин,Ермилина,Ермилович,Ермиловна,(для варианта целевого современного отчества)
М,Ермила,,Ермил,Разг.,"-ы, м. Разг. к Ермил (см.).",Ермилы,Ермилин,Ермилина,Ермилич,Ермилична,Словарь русских личных имен Петровского
М,Ермилий,,Ермил,Разг.,"-я, м. Разг. к Ермил (см.).",Ермилия,Ермилиев,Ермилиева,Ермилович,Ермиловна,(для варианта целевого современного отчества)
М,Ермилий,,,,,,Ермильев,Ермильева,Ермильевич,Ермильевна,"(для вариантов преобразования ""старого"" отчества в ""новое"")"
М,Ермилий,,Ермил,Разг.,"-я, м. Разг. к Ермил (см.).",Ермилия,Ермилиев,Ермилиева,Ермильевич,Ермильевна,Словарь русских личных имен Петровского
М,Ерминигельд,,Ерминингельд,Стар. форма имени,"-а, м. Стар. форма имени Ерминингельд (см.).",Ерминигельда,Ерминигельдов,Ерминигельдова,Ерминингельдович,Ерминингельдовна,(для варианта целевого современного отчества)
М,Ерминигельд,,Ерминингельд,Стар. форма имени,"-а, м. Стар. форма имени Ерминингельд (см.).",Ерминигельда,Ерминигельдов,Ерминигельдова,Ерминигельдович,Ерминигельдовна,Словарь русских личных имен Петровского
М,Ерминингельд,Ерминигельд,,Редк.,"-а, м. Редк.; стар. Ерминигельд, -а.",Ерминингельда,Ерминингельдов,Ерминингельдова,Ерминингельдович,Ерминингельдовна,Словарь русских личных имен Петровского
Ж,Ермиония,,,Стар. редк.,"-и, ж. Стар. редк.",Ермионии,,,,,Словарь русских личных имен Петровского
М,Ермоген,,,Стар. редк.,"-а, м. Стар. редк.",Ермогена,Ермогенов,Ермогенова,Ермогенович,Ермогеновна,Словарь русских личных имен Петровского
М,Ермократ,,Гермократ,Стар. форма имени,"-а, м. Стар. форма имени Гермократ (см.).",Ермократа,Ермократов,Ермократова,Гермократович,Гермократовна,(для варианта целевого современного отчества)
М,Ермократ,,Гермократ,Стар. форма имени,"-а, м. Стар. форма имени Гермократ (см.).",Ермократа,Ермократов,Ермократова,Ермократович,Ермократовна,Словарь русских личных имен Петровского
М,Ермол,,Ермолай,Разг.,"-а, м. Разг. к Ермолай (см.).",Ермола,Ермолов,Ермолова,Ермолаевич,Ермолаевна,(для варианта целевого современного отчества)
М,Ермол,,Ермолай,Разг.,"-а, м. Разг. к Ермолай (см.).",Ермола,Ермолов,Ермолова,Ермолович,Ермоловна,Словарь русских личных имен Петровского
М,Ермолай,Ермак,,,"-я, м.; разг. Ермак, -а и Ермол, -а.",Ермолая,Ермолаев,Ермолаева,Ермолаевич,Ермолаевна,Словарь русских личных имен Петровского
М,Ерон,,Иерон,Разг.,"-а, м. Разг. к Иерон (см.).",Ерона,Еронов,Еронова,Иеронович,Иероновна,(для варианта целевого современного отчества)
М,Ерон,,Иерон,Разг.,"-а, м. Разг. к Иерон (см.).",Ерона,Еронов,Еронова,Еронович,Ероновна,Словарь русских личных имен Петровского
М,Ероним,,Иероним,Разг.,"-а, м. Разг. к Иероним (см.).",Еронима,Еронимов,Еронимова,Иеронимович,Иеронимовна,(для варианта целевого современного отчества)
М,Ероним,,Иероним,Разг.,"-а, м. Разг. к Иероним (см.).",Еронима,Еронимов,Еронимова,Еронимович,Еронимовна,Словарь русских личных имен Петровского
М,Ерос,,Эрос,Стар. форма имени,"-а, м. Стар. форма имени Эрос (см.).",Ероса,Еросов,Еросова,Эросович,Эросовна,(для варианта целевого современного отчества)
М,Ерос,,Эрос,Стар. форма имени,"-а, м. Стар. форма имени Эрос (см.).",Ероса,Еросов,Еросова,Еросович,Еросовна,Словарь русских личных имен Петровского
Ж,Еротиида,,,Стар. редк.,"-ы, ж. Стар. редк.",Еротииды,,,,,Словарь русских личных имен Петровского
М,Ерофей,Иерофей,,,"-я, м.; стар. Иерофей, -я.",Ерофея,Ерофеев,Ерофеева,Ерофеевич,Ерофеевна,Словарь русских личных имен Петровского
М,Ерусалим,Иерусалим,,Редк.,"-а, м. Редк.; стар. Иерусалим, -а.",Ерусалима,Ерусалимов,Ерусалимова,Ерусалимович,Ерусалимовна,Словарь русских личных имен Петровского
М,Еспер,,,Стар. редк.,"-а, м. Стар. редк.",Еспера,Есперов,Есперова,Есперович,Есперовна,Словарь русских личных имен Петровского
Ж,Есфирь,,Эсфирь,Стар.,"-и, ж. Стар. форма имени Эсфирь (см.).",Есфири,,,,,Словарь русских личных имен Петровского
М,Еферий,,,,,,Еферьев,Еферьева,Ефериевич,Ефериевна,"(для вариантов преобразования ""старого"" отчества в ""новое"")"
М,Еферий,,,Стар. редк.,"-я, м. Стар. редк.",Еферия,Ефериев,Ефериева,Ефериевич,Ефериевна,Словарь русских личных имен Петровского
М,Ефим,Ефимий,,,"-а, м.; разг. Ефимий, -я; стар. Евфимий, -я.",Ефима,Ефимов,Ефимова,Ефимович,Ефимовна,Словарь русских личных имен Петровского
М,Ефимий,,Ефим,Разг.,"-я, м. Разг. к Ефим (см.).",Ефимия,Ефимиев,Ефимиева,Ефимович,Ефимовна,(для варианта целевого современного отчества)
М,Ефимий,,,,,,Ефимьев,Ефимьева,Ефимиевич,Ефимиевна,"(для вариантов преобразования ""старого"" отчества в ""новое"")"
М,Ефимий,,Ефим,Разг.,"-я, м. Разг. к Ефим (см.).",Ефимия,Ефимиев,Ефимиева,Ефимиевич,Ефимиевна,Словарь русских личных имен Петровского
Ж,Ефимия,Ефимья,,,"-и, ж.; разг. Ефимья, -и; прост. Афимия, -и и Афимья, -и; стар. Евфимия, -и.",Ефимии,,,,,Словарь русских личных имен Петровского
Ж,Ефимья,,Ефимия,Разг.,"-и, ж. Разг. к Ефимия (см.).",Ефимьи,,,,,Словарь русских личных имен Петровского
М,Ефрасий,,,,,,Ефрасьев,Ефрасьева,Ефрасиевич,Ефрасиевна,"(для вариантов преобразования ""старого"" отчества в ""новое"")"
М,Ефрасий,Евфрасий,,,"-я, м.; стар. Евфрасий, -я.",Ефрасия,Ефрасиев,Ефрасиева,Ефрасиевич,Ефрасиевна,Словарь русских личных имен Петровского
М,Ефрем,Ефремий,,,"-а, м.; разг. Ефремий, -я.",Ефрема,Ефремов,Ефремова,Ефремович,Ефремовна,Словарь русских личных имен Петровского
М,Ефремий,,Ефрем,Разг.,"-я, м. Разг. к Ефрем (см.).",Ефремия,Ефремиев,Ефремиева,Ефремович,Ефремовна,(для варианта целевого современного отчества)
М,Ефремий,,,,,,Ефремьев,Ефремьева,Ефремиевич,Ефремиевна,"(для вариантов преобразования ""старого"" отчества в ""новое"")"
М,Ефремий,,Ефрем,Разг.,"-я, м. Разг. к Ефрем (см.).",Ефремия,Ефремиев,Ефремиева,Ефремиевич,Ефремиевна,Словарь русских личных имен Петровского
М,Ефросим,,Ефросин,Разг.,"-а, м. Разг. к Ефросин (см.).",Ефросима,Ефросимов,Ефросимова,Ефросинович,Ефросиновна,(для варианта целевого современного отчества)
М,Ефросим,,Ефросин,Разг.,"-а, м. Разг. к Ефросин (см.).",Ефросима,Ефросимов,Ефросимова,Ефросимович,Ефросимовна,Словарь русских личных имен Петровского
М,Ефросин,Ефросим,,,"-а, м.; разг. Ефросим, -а; прост. Афросим, -а и Афросин, -а; стар. Евфросин, -а.",Ефросина,Ефросинов,Ефросинова,Ефросинович,Ефросиновна,Словарь русских личных имен Петровского
Ж,Ефросиния,Ефросинья,,,"-и, ж. и Ефросинья, -и; прост. Апросинья, -и и Афросинья, -и; стар. Евфросиния, -и.",Ефросинии,,,,,Словарь русских личных имен Петровского
Ж,Ефросинья,,Ефросиния,Вариант,"-и, ж. См. Ефросиния.",Ефросиньи,,,,,Словарь русских личных имен Петровского
Ж,Жанна,,,Заимств.,"-ы, ж. Заимств.",Жанны,,,,,Словарь русских личных имен Петровского
М,Ждан,,,Ст.-русск. редк.,"-а, м. Ст.-русск. редк.",Ждана,Жданов,Жданова,Жданович,Ждановна,Словарь русских личных имен Петровского
М,Завулон,,,Стар. редк.,"-а, м. Стар. редк.",Завулона,Завулонов,Завулонова,Завулонович,Завулоновна,Словарь русских личных имен Петровского
М,Закхей,,,Стар. редк.,"-я, м. Стар. редк.",Закхея,Закхеев,Закхеева,Закхеевич,Закхеевна,Словарь русских личных имен Петровского
М,Занифа,,,Стар. редк.,"-ы, м. Стар. редк.",Занифы,Занифин,Занифина,Занифич,Занифична,Словарь русских личных имен Петровского
Ж,Зара,,,Слав.,"-ы, ж. Слав.",Зары,,,,,Словарь русских личных имен Петровского
Ж,Зарема,,,Нов.,"-ы, ж. Нов.",Заремы,,,,,Словарь русских личных имен Петровского
Ж,Заремба,,,Заимств.,"-ы, ж. Заимств.",Зарембы,,,,,Словарь русских личных имен Петровского
Ж,Заря,,,Нов.,"-и, ж. Нов.",Зари,,,,,Словарь русских личных имен Петровского
М,Захар,Захарий,,,"-а, м.; разг. Захарий, -я; стар. Захария, -и.",Захара,Захаров,Захарова,Захарович,Захаровна,Словарь русских личных имен Петровского
М,Захарий,,Захар,Разг.,"-я, м. Разг. к Захар (см.).",Захария,Захариев,Захариева,Захарович,Захаровна,(для варианта целевого современного отчества)
М,Захарий,,,,,,Захарьев,Захарьева,Захариевич,Захариевна,"(для вариантов преобразования ""старого"" отчества в ""новое"")"
М,Захарий,,Захар,Разг.,"-я, м. Разг. к Захар (см.).",Захария,Захариев,Захариева,Захариевич,Захариевна,Словарь русских личных имен Петровского
М,Захария,,Захар,Стар. форма имени,"-и, м. Стар. форма имени Захар (см.).",Захарии,Захариев,Захариева,Захарович,Захаровна,(для варианта целевого современного отчества)
М,Захария,,,,,,Захарьев,Захарьева,Захариевич,Захариевна,"(для вариантов преобразования ""старого"" отчества в ""новое"")"
М,Захария,,Захар,Стар. форма имени,"-и, м. Стар. форма имени Захар (см.).",Захарии,Захариев,Захариева,Захариевич,Захариевна,Словарь русских личных имен Петровского
Ж,Звезда,,,Нов.,"-ы́, ж. Нов.",Звезды,,,,,Словарь русских личных имен Петровского
М,Звездан,,,Слав.,"-а, м. Слав.",Звездана,Звезданов,Звезданова,Звезданович,Звездановна,Словарь русских личных имен Петровского
М,Зевин,,,Стар. редк.,"-а, м. Стар. редк.",Зевина,Зевинов,Зевинова,Зевинович,Зевиновна,Словарь русских личных имен Петровского
Ж,Земфира,,,Заимств.,"-ы, ж. Заимств.",Земфиры,,,,,Словарь русских личных имен Петровского
М,Зенон,Зинон,,,"-а, м.; стар. Зинон, -а.",Зенона,Зенонов,Зенонова,Зенонович,Зеноновна,Словарь русских личных имен Петровского
Ж,Зенона,,,Редк.,"-ы, ж. Редк.",Зеноны,,,,,Словарь русских личных имен Петровского
М,Зина,,,Стар. редк.,"-ы, м. Стар. редк.",Зины,Зинин,Зинина,Зинич,Зинична,Словарь русских личных имен Петровского
Ж,Зинаида,,,,"-ы, ж.",Зинаиды,,,,,Словарь русских личных имен Петровского
М,Зиновий,,,,,,Зиновьев,Зиновьева,Зиновиевич,Зиновиевна,"(для вариантов преобразования ""старого"" отчества в ""новое"")"
М,Зиновий,Зиновей,,,"-я, м.; прост. Зиновей, -я.",Зиновия,Зиновиев,Зиновиева,Зиновиевич,Зиновиевна,Словарь русских личных имен Петровского
Ж,Зиновия,Зиновея,,,"-и, ж.; прост. Зиновея, -и.",Зиновии,,,,,Словарь русских личных имен Петровского
М,Зинон,,Зенон,Стар. форма имени,"-а, м. Стар. форма имени Зенон (см.).",Зинона,Зинонов,Зинонова,Зенонович,Зеноновна,(для варианта целевого современного отчества)
М,Зинон,,Зенон,Стар. форма имени,"-а, м. Стар. форма имени Зенон (см.).",Зинона,Зинонов,Зинонова,Зинонович,Зиноновна,Словарь русских личных имен Петровского
Ж,Злата,,,,"-ы, ж.",Златы,,,,,Словарь русских личных имен Петровского
М,Зоил,,,Стар. редк.,"-а, м. Стар. редк.",Зоила,Зоилов,Зоилова,Зоилович,Зоиловна,Словарь русских личных имен Петровского
Ж,Зорина,,,Нов.,"-ы, ж. Нов.",Зорины,,,,,Словарь русских личных имен Петровского
М,Зоровавель,,,Стар. редк.,"-я, м. Стар. редк.",Зоровавеля,Зоровавелев,Зоровавелева,Зоровавелевич,Зоровавелевна,Словарь русских личных имен Петровского
М,Зосим,,Зосима,Разг.,"-а, м. Разг. к Зосима (см.).",Зосима,Зосимов,Зосимова,Зосимович,Зосимовна,(для варианта целевого современного отчества)
М,Зосим,,Зосима,Разг.,"-а, м. Разг. к Зосима (см.).",Зосима,Зосимов,Зосимова,Зосимович,Зосимовна,Словарь русских личных имен Петровского
М,Зосима,Зосим,,,"-ы, м.; разг. Зосим, -а и Изосим, -а.",Зосимы,Зосимин,Зосимина,Зосимич,Зосимична,Словарь русских личных имен Петровского
М,Зот,,Изот,Разг.,"-а, м. Разг. к Изот (см.).",Зота,Зотов,Зотова,Изотович,Изотовна,(для варианта целевого современного отчества)
М,Зот,,Изот,Разг.,"-а, м. Разг. к Изот (см.).",Зота,Зотов,Зотова,Зотович,Зотовна,Словарь русских личных имен Петровского
М,Зотей,,,Изот,"-а, м.; разг. Зот, -а; прост. Зотей, -я; стар. Зотик, -а.",Зотея,Зотеев,Зотеева,Изотович,Изотовна,Словарь русских личных имен Петровского
М,Зотий,,,Изот,"-а, м.; разг. Зот, -а; прост. Зотей, -я; стар. Зотик, -а.",Зотия,Зотиев,Зотиева,Изотович,Изотовна,
М,Зотик,,Изот,Стар. форма имени,"-а, м. Стар. форма имени Изот (см.).",Зотика,Зотиков,Зотикова,Изотович,Изотовна,(для варианта целевого современного отчества)
М,Зотик,,Изот,Стар. форма имени,"-а, м. Стар. форма имени Изот (см.).",Зотика,Зотиков,Зотикова,Зотикович,Зотиковна,Словарь русских личных имен Петровского
Ж,Зоя,,,,"-и, ж.",Зои,,,,,Словарь русских личных имен Петровского
Ж,Иа,,Ия,Стар.,"-и, ж. Стар. форма имени Ия (см.).",Ии,,,,,Словарь русских личных имен Петровского
М,Иадор,,,Стар. редк.,"-а, м. Стар. редк.",Иадора,Иадоров,Иадорова,Иадорович,Иадоровна,Словарь русских личных имен Петровского
М,Иаким,Яким,,,"-а, м.; разг. Аким, -а; прост. Еким, -а и Яким, -а; стар. Иоаким, -а.",Иакима,Иакимов,Иакимова,Иакимович,Иакимовна,Словарь русских личных имен Петровского
М,Иакинф,Акинф,,,"-а, м.; разг. Акинф, -а и Акинфий, -я; прост. Акимфий, -я и Акинтий, -я.",Иакинфа,Иакинфов,Иакинфова,Иакинфович,Иакинфовна,Словарь русских личных имен Петровского
М,Иаков,,Яков,Стар. форма имени,"-а, м. Стар. форма имени Яков (см.).",Иакова,Иаковов,Иаковова,Яковович,Якововна,(для варианта целевого современного отчества)
М,Иаков,,Яков,Стар. форма имени,"-а, м. Стар. форма имени Яков (см.).",Иакова,Иаковов,Иаковова,Иакович,Иаковна,Словарь русских личных имен Петровского
М,Иакун,,Якун,Стар. форма имени,"-а, м. Стар. форма имени Якун (см.).",Иакуна,Иакунов,Иакунова,Якунович,Якуновна,(для варианта целевого современного отчества)
М,Иакун,,Якун,Стар. форма имени,"-а, м. Стар. форма имени Якун (см.).",Иакуна,Иакунов,Иакунова,Иакунович,Иакуновна,Словарь русских личных имен Петровского
М,Ианикит,,Аникита,Стар. форма имени,"-а, м. Стар. форма имени Аникита (см.).",Ианикита,Ианикитов,Ианикитова,Аникитович,Аникитовна,(для варианта целевого современного отчества)
М,Ианикит,,Аникита,Стар. форма имени,"-а, м. Стар. форма имени Аникита (см.).",Ианикита,Ианикитов,Ианикитова,Ианикитович,Ианикитовна,Словарь русских личных имен Петровского
М,Иануарий,,Януарий,Стар. форма имени,"-я, м. Стар. форма имени Януарий (см.).",Иануария,Иануариев,Иануариева,Януариевич,Януариевна,(для варианта целевого современного отчества)
М,Иануарий,,,,,,Иануарьев,Иануарьева,Иануариевич,Иануариевна,"(для вариантов преобразования ""старого"" отчества в ""новое"")"
М,Иануарий,,Януарий,Стар. форма имени,"-я, м. Стар. форма имени Януарий (см.).",Иануария,Иануариев,Иануариева,Иануариевич,Иануариевна,Словарь русских личных имен Петровского
М,Иасон,,Ясон,Стар. форма имени,"-а, м. Стар. форма имени Ясон (см.).",Иасона,Иасонов,Иасонова,Ясонович,Ясоновна,(для варианта целевого современного отчества)
М,Иасон,,Ясон,Стар. форма имени,"-а, м. Стар. форма имени Ясон (см.).",Иасона,Иасонов,Иасонова,Иасонович,Иасоновна,Словарь русских личных имен Петровского
М,Иафет,,Яфет,Стар. форма имени,"-а, м. Стар. форма имени Яфет (см.).",Иафета,Иафетов,Иафетова,Яфетович,Яфетовна,(для варианта целевого современного отчества)
М,Иафет,,Яфет,Стар. форма имени,"-а, м. Стар. форма имени Яфет (см.).",Иафета,Иафетов,Иафетова,Иафетович,Иафетовна,Словарь русских личных имен Петровского
М,Ив,Ива,,,"-а, м.; стар. Ива, -ы.",Ива,Ивов,Ивова,Ивович,Ивовна,Словарь русских личных имен Петровского
М,Ива,,"Ив, Иван, Иов, Фива",Стар.,"-ы, м. Стар. форма имени Ив (см.).",Ивы,Ивин,Ивина,Ивич,Ивична,Словарь русских личных имен Петровского
М,Иван,Иоанн,,,"-а, м.; стар. Иоанн, -а.",Ивана,Иванов,Иванова,Иванович,Ивановна,Словарь русских личных имен Петровского
Ж,Иванна,Иоанна,,Редк.,"-ы, ж. Редк.; стар. Иоанна, -ы.",Иванны,,,,,Словарь русских личных имен Петровского
М,Игнат,,Игнатий,Разг.,"-а, м. Разг. к Игнатий (см.).",Игната,Игнатов,Игнатьева,Игнатиевич,Игнатиевна,(для варианта целевого современного отчества)
М,Игнат,,Игнатий,Разг.,"-а, м. Разг. к Игнатий (см.).",Игната,Игнатов,Игнатьева,Игнатович,Игнатовна,Словарь русских личных имен Петровского
М,Игнатий,,,,,,Игнатьев,Игнатьева,Игнатиевич,Игнатиевна,"(для вариантов преобразования ""старого"" отчества в ""новое"")"
М,Игнатий,Игнат,,,"-я, м.; разг. Игнат, -а.",Игнатия,Игнатиев,Игнатиева,Игнатиевич,Игнатиевна,Словарь русских личных имен Петровского
М,Игорь,,,,"-я, м.",Игоря,Игорев,Игорева,Игоревич,Игоревна,Словарь русских личных имен Петровского
Ж,Ида,,,Заимств.,"-ы, ж. Заимств.",Иды,,,,,Словарь русских личных имен Петровского
Ж,Идея,,,Нов.,"-и, ж. Нов.",Идеи,,,,,Словарь русских личных имен Петровского
М,Иезекииль,,,Стар. редк.,"-я, м. Стар. редк.",Иезекииля,Иезекиилев,Иезекиилева,Иезекиилевич,Иезекиилевна,Словарь русских личных имен Петровского
М,Иеракс,,,Стар. редк.,"-а, м. Стар. редк.",Иеракса,Иераксов,Иераксова,Иераксович,Иераксовна,Словарь русских личных имен Петровского
М,Иеремия,,Еремей,Стар. форма имени,"-и, м. Стар. форма имени Еремей (см.).",Иеремии,Иеремиев,Иеремиева,Еремеевич,Еремеевна,(для варианта целевого современного отчества)
М,Иеремия,,Еремей,Стар. форма имени,"-и, м. Стар. форма имени Еремей (см.).",Иеремии,Иеремиев,Иеремиева,Иеремиевич,Иеремиевна,Словарь русских личных имен Петровского
М,Иерон,Ерон,,Стар. редк.,"-а, м. Стар. редк.; разг. Ерон, -а.",Иерона,Иеронов,Иеронова,Иеронович,Иероновна,Словарь русских личных имен Петровского
М,Иероним,Ероним,,Стар. редк.,"-а, м. Стар. редк.; разг. Ероним, -а.",Иеронима,Иеронимов,Иеронимова,Иеронимович,Иеронимовна,Словарь русских личных имен Петровского
М,Иерофей,,Ерофей,Стар. форма имени,"-я, м. Стар. форма имени Ерофей (см.).",Иерофея,Иерофеев,Иерофеева,Ерофеевич,Ерофеевна,(для варианта целевого современного отчества)
М,Иерофей,,Ерофей,Стар. форма имени,"-я, м. Стар. форма имени Ерофей (см.).",Иерофея,Иерофеев,Иерофеева,Иерофеевич,Иерофеевна,Словарь русских личных имен Петровского
М,Иерусалим,,Ерусалим,Стар. форма имени,"-а, м. Стар. форма имени Ерусалим (см.).",Иерусалима,Иерусалимов,Иерусалимова,Ерусалимович,Ерусалимовна,(для варианта целевого современного отчества)
М,Иерусалим,,Ерусалим,Стар. форма имени,"-а, м. Стар. форма имени Ерусалим (см.).",Иерусалима,Иерусалимов,Иерусалимова,Иерусалимович,Иерусалимовна,Словарь русских личных имен Петровского
М,Иессей,,,Стар. редк.,"-я, м. Стар. редк.",Иессея,Иессеев,Иессеева,Иессеевич,Иессеевна,Словарь русских личных имен Петровского
Ж,Изабелла,,,Заимств.,"-ы, ж. Заимств.",Изабеллы,,,,,Словарь русских личных имен Петровского
Ж,Изида,,,Заимств.,"-ы, ж. Заимств.",Изиды,,,,,Словарь русских личных имен Петровского
М,Измаил,Исмаил,,,"-а, м.; стар. Исмаил, -а.",Измаила,Измаилов,Измаилова,Измаилович,Измаиловна,Словарь русских личных имен Петровского
М,Измарагд,,,Стар. редк.,"-а, м. Стар. редк.",Измарагда,Измарагдов,Измарагдова,Измарагдович,Измарагдовна,Словарь русских личных имен Петровского
Ж,Изольда,,,Заимств.,"-ы, ж. Заимств.",Изольды,,,,,Словарь русских личных имен Петровского
М,Изосим,,Зосима,Разг.,"-а, м. Разг. к Зосима (см.).",Изосима,Изосимов,Изосимова,Зосимович,Зосимовна,(для варианта целевого современного отчества)
М,Изосим,,Зосима,Разг.,"-а, м. Разг. к Зосима (см.).",Изосима,Изосимов,Изосимова,Изосимович,Изосимовна,Словарь русских личных имен Петровского
М,Изот,Зот,,,"-а, м.; разг. Зот, -а; прост. Зотей, -я; стар. Зотик, -а.",Изота,Изотов,Изотова,Изотович,Изотовна,Словарь русских личных имен Петровского
М,Израиль,,,Стар. редк.,"-я, м. Стар. редк.",Израиля,Израилев,Израилева,Израилевич,Израилевна,Словарь русских личных имен Петровского
М,Изяслав,,,Ст.-русск. редк.,"-а, м. Ст.-русск. редк.",Изяслава,Изяславов,Изяславова,Изяславович,Изяславовна,Словарь русских личных имен Петровского
М,Иисус,,,Стар. редк.,"-а, м. Стар. редк.",Иисуса,Иисусов,Иисусова,Иисусович,Иисусовна,Словарь русских личных имен Петровского
М,Иларий,,,,,,Иларьев,Иларьева,Илариевич,Илариевна,"(для вариантов преобразования ""старого"" отчества в ""новое"")"
М,Иларий,,,,"-я, м.",Илария,Илариев,Илариева,Илариевич,Илариевна,Словарь русских личных имен Петровского
М,Иларион,Ларион,,,"-а, м.; народн. Ларион, -а; разг. Илларион, -а; прост. Ларивон, -а.",Илариона,Иларионов,Иларионова,Иларионович,Иларионовна,Словарь русских личных имен Петровского
Ж,Илария,,,,"-и, ж.",Иларии,,,,,Словарь русских личных имен Петровского
М,Илиан,,,Стар. редк.,"-а, м. Стар. редк.",Илиана,Илианов,Илианова,Илианович,Илиановна,Словарь русских личных имен Петровского
М,Илий,,,,,,Ильев,Ильева,Илиевич,Илиевна,"(для вариантов преобразования ""старого"" отчества в ""новое"")"
М,Илий,,,Стар. редк.,"-я, м. Стар. редк.",Илия,Илиев,Илиева,Илиевич,Илиевна,Словарь русских личных имен Петровского
М,Илиодор,Лиодор,,,"-а, м.; прост. Лиодор, -а.",Илиодора,Илиодоров,Илиодорова,Илиодорович,Илиодоровна,Словарь русских личных имен Петровского
М,Илия,,Илья,Стар.,"-и, м. Стар. форма имени Илья (см.).",Илии,Илиин,Илиина,Ильич,Ильинична,(для варианта целевого современного отчества)
М,Илия,,Илья,Стар.,"-и, м. Стар. форма имени Илья (см.).",Илии,Илиин,Илиина,,,Словарь русских личных имен Петровского
М,Илларион,,Иларион,Разг.,"-а, м. Разг. к Иларион (см.).",Иллариона,Илларионов,Илларионова,Иларионович,Иларионовна,(для варианта целевого современного отчества)
М,Илларион,,Иларион,Разг.,"-а, м. Разг. к Иларион (см.).",Иллариона,Илларионов,Илларионова,Илларионович,Илларионовна,Словарь русских личных имен Петровского
М,Иллирик,,,Стар. редк.,"-а, м. Стар. редк.",Иллирика,Иллириков,Иллирикова,Иллирикович,Иллириковна,Словарь русских личных имен Петровского
Ж,Ильина,,,,"-ы, ж.",Ильины,,,,,Словарь русских личных имен Петровского
М,Илья,Илия,,,"-и, м.; стар. Илия, -и.",Ильи,Ильин,Ильина,Ильич,Ильинична,Словарь русских личных имен Петровского
М,Инар,,,Заимств.,"-а, м. Заимств.",Инара,Инаров,Инарова,Инарович,Инаровна,Словарь русских личных имен Петровского
Ж,Инга,,,Заимств.,"-и, ж. Заимств.",Инги,,,,,Словарь русских личных имен Петровского
М,Индис,,,Стар. редк.,"-а, м. Стар. редк.",Индиса,Индисов,Индисова,Индисович,Индисовна,Словарь русских личных имен Петровского
Ж,Инесса,,,Заимств.,"-ы, ж. Заимств.",Инессы,,,,,Словарь русских личных имен Петровского
М,Инна,,,Стар. редк.,"-ы, м. Стар. редк.",Инны,,,,,Словарь русских личных имен Петровского
Ж,Инна,,,,"-ы, ж.",Инны,,,,,Словарь русских личных имен Петровского
М,Иннокентий,,,,,,Иннокентьев,Иннокентьева,Иннокентиевич,Иннокентиевна,"(для вариантов преобразования ""старого"" отчества в ""новое"")"
М,Иннокентий,,,,"-я, м.",Иннокентия,Иннокентиев,Иннокентиева,Иннокентиевич,Иннокентиевна,Словарь русских личных имен Петровского
М,Иоад,,,Стар. редк.,"-а, м. Стар. редк.",Иоада,Иоадов,Иоадова,Иоадович,Иоадовна,Словарь русских личных имен Петровского
М,Иоаким,,Иаким,Стар. форма имени,"-а, м. Стар. форма имени Иаким (см.).",Иоакима,Иоакимов,Иоакимова,Иакимович,Иакимовна,(для варианта целевого современного отчества)
М,Иоаким,,Иаким,Стар. форма имени,"-а, м. Стар. форма имени Иаким (см.).",Иоакима,Иоакимов,Иоакимова,Иоакимович,Иоакимовна,Словарь русских личных имен Петровского
М,Иоанн,,Иван,Стар. форма имени,"-а, м. Стар. форма имени Иван (см.).",Иоанна,Иоаннов,Иоаннова,Иванович,Ивановна,(для варианта целевого современного отчества)
М,Иоанн,,Иван,Стар. форма имени,"-а, м. Стар. форма имени Иван (см.).",Иоанна,Иоаннов,Иоаннова,Иоаннович,Иоанновна,Словарь русских личных имен Петровского
Ж,Иоанна,,Иванна,Стар.,"-ы, ж. Стар. форма имени Иванна (см.).",Иоанны,,,,,Словарь русских личных имен Петровского
М,Иоанникий,,Аникий,Стар. форма имени,"-я, м. Стар. форма имени Аникий (см.).",Иоанникия,Иоанникиев,Иоанникиева,Аникиевич,Аникиевна,(для варианта целевого современного отчества)
М,Иоанникий,,,,,,Иоанникьев,Иоанникьева,Иоанникиевич,Иоанникиевна,"(для вариантов преобразования ""старого"" отчества в ""новое"")"
М,Иоанникий,,Аникий,Стар. форма имени,"-я, м. Стар. форма имени Аникий (см.).",Иоанникия,Иоанникиев,Иоанникиева,Иоанникиевич,Иоанникиевна,Словарь русских личных имен Петровского
М,Иоасаф,,Иосаф,Стар. форма имени,"-а, м. Стар. форма имени Иосаф (см.).",Иоасафа,Иоасафов,Иоасафова,Иосафович,Иосафовна,(для варианта целевого современного отчества)
М,Иоасаф,,Иосаф,Стар. форма имени,"-а, м. Стар. форма имени Иосаф (см.).",Иоасафа,Иоасафов,Иоасафова,Иоасафович,Иоасафовна,Словарь русских личных имен Петровского
М,Иов,,,Стар. редк.,"-а, м. Стар. редк.",Иова,Иовов,Иовова,Иович,Иовна,Словарь русских личных имен Петровского
Ж,Иовилла,,,Стар. редк.,"-ы, ж. Стар. редк.",Иовиллы,,,,,Словарь русских личных имен Петровского
М,Иоиль,,,Стар. редк.,"-я, м. Стар. редк.",Иоиля,Иоилев,Иоилева,Иоилевич,Иоилевна,Словарь русских личных имен Петровского
Ж,Иола,,,Заимств.,"-ы, ж. Заимств.",Иолы,,,,,Словарь русских личных имен Петровского
Ж,Иоланта,,,Заимств.,"-ы, ж. Заимств.",Иоланты,,,,,Словарь русских личных имен Петровского
М,Ион,,Иона,Разг.,"-а, м. Разг. к Иона (см.).",Иона,Ионов,Ионова,Ионович,Ионовна,(для варианта целевого современного отчества)
М,Ион,,Иона,Разг.,"-а, м. Разг. к Иона (см.).",Иона,Ионов,Ионова,Ионович,Ионовна,Словарь русских личных имен Петровского
М,Иона,Ион,,,"-ы, м.; разг. Ион, -а; прост. Ивон, -а.",Ионы,Ионин,Ионина,Ионич,Ионична,Словарь русских личных имен Петровского
М,Иордан,,,Стар. редк.,"-а, м. Стар. редк.",Иордана,Иорданов,Иорданова,Иорданович,Иордановна,Словарь русских личных имен Петровского
М,Иосаф,Асаф,,,"-а, м.; разг. Асаф, -а и Асафий, -я; стар. Иоасаф, -а.",Иосафа,Иосафов,Иосафова,Иосафович,Иосафовна,Словарь русских личных имен Петровского
М,Иосафат,,,Стар. редк.,"-а, м. Стар. редк.",Иосафата,Иосафатов,Иосафатова,Иосафатович,Иосафатовна,Словарь русских личных имен Петровского
М,Иосип,,Иосиф,Разг.,"-а, м. Разг. к Иосиф (см.).",Иосипа,Иосипов,Иосипова,Иосифович,Иосифовна,(для варианта целевого современного отчества)
М,Иосип,,Иосиф,Разг.,"-а, м. Разг. к Иосиф (см.).",Иосипа,Иосипов,Иосипова,Иосипович,Иосиповна,Словарь русских личных имен Петровского
М,Иосиф,Осип,,,"-а, м.; народн. Осип, -а; разг. Иосип, -а; прост. Ёсип, -а.",Иосифа,Иосифов,Иосифова,Иосифович,Иосифовна,Словарь русских личных имен Петровского
М,Ипат,,Ипатий,Разг.,"-а, м. Разг. к Ипатий (см.).",Ипата,Ипатов,Ипатова,Ипатиевич,Ипатиевна,(для варианта целевого современного отчества)
М,Ипат,,Ипатий,Разг.,"-а, м. Разг. к Ипатий (см.).",Ипата,Ипатов,Ипатова,Ипатович,Ипатовна,Словарь русских личных имен Петровского
М,Ипатий,,,,,,Ипатьев,Ипатьева,Ипатиевич,Ипатиевна,"(для вариантов преобразования ""старого"" отчества в ""новое"")"
М,Ипатий,Ипат,,,"-я, м.; разг. Ипат, -а; прост. Липат, -а и Липа-/тий, -я.",Ипатия,Ипатиев,Ипатиева,Ипатиевич,Ипатиевна,Словарь русских личных имен Петровского
М,Иперехий,,,,,,Иперехьев,Иперехьева,Иперехиевич,Иперехиевна,"(для вариантов преобразования ""старого"" отчества в ""новое"")"
М,Иперехий,,,Стар. редк.,"-я, м. Стар. редк.",Иперехия,Иперехиев,Иперехиева,Иперехиевич,Иперехиевна,Словарь русских личных имен Петровского
М,Ипполит,Аполит,,,"-а, м.; прост. Аполит, -а.",Ипполита,Ипполитов,Ипполитова,Ипполитович,Ипполитовна,Словарь русских личных имен Петровского
Ж,Ипполита,,,,"-ы, ж.",Ипполиты,,,,,Словарь русских личных имен Петровского
Ж,Ираида,Ироида,,,"-ы, ж. и реже Ироида, -ы.",Ираиды,,,,,Словарь русских личных имен Петровского
М,Иракламвон,,,Стар. редк.,"-а, м. Стар. редк.",Иракламвона,Иракламвонов,Иракламвонова,Иракламвонович,Иракламвоновна,Словарь русских личных имен Петровского
М,Ираклеон,,,Стар. редк.,"-а, м. Стар. редк.",Ираклеона,Ираклеонов,Ираклеонова,Ираклеонович,Ираклеоновна,Словарь русских личных имен Петровского
М,Ираклий,,,,"-я, м.",Ираклия,Ираклиев,Ираклиева,Ираклиевич,Ираклиевна,Словарь русских личных имен Петровского
Ж,Ирина,Арина,,,"-ы, ж.; народн. Арина, -ы; прост. Орина, -ы.",Ирины,,,,,Словарь русских личных имен Петровского
М,Иринарх,Аринарх,,Стар. редк.,"-а, м. Стар. редк.; прост. Аринарх, -а.",Иринарха,Иринархов,Иринархова,Иринархович,Иринарховна,Словарь русских личных имен Петровского
М,Ириней,,,Стар. редк.,"-я, м. Стар. редк.; прост. Риней, -я.",Иринея,Иринеев,Иринеева,Иринеевич,Иринеевна,Словарь русских личных имен Петровского
М,Ириний,,,,,,Ириньев,Ириньева,Ириниевич,Ириниевна,"(для вариантов преобразования ""старого"" отчества в ""новое"")"
М,Ириний,,,Стар. редк.,"-я, м. Стар. редк.; прост. Риний, -я.",Ириния,Ириниев,Ириниева,Ириниевич,Ириниевна,Словарь русских личных имен Петровского
Ж,Ирма,,,Заимств.,"-ы, ж. Заимств.",Ирмы,,,,,Словарь русских личных имен Петровского
М,Иродион,,,Стар. редк.,"-а, м. Стар. редк.",Иродиона,Иродионов,Иродионова,Иродионович,Иродионовна,Словарь русских личных имен Петровского
Ж,Ироида,,Ираида,Вариант,"-ы, ж. См. Ираида.",Ироиды,,,,,Словарь русских личных имен Петровского
М,Исаак,Исак,,,"-а, м.; разг. Исак, -а.",Исаака,Исааков,Исаакова,Исаакович,Исааковна,Словарь русских личных имен Петровского
М,Исаакий,,,,,,Исаакьев,Исаакьева,Исаакиевич,Исаакиевна,"(для вариантов преобразования ""старого"" отчества в ""новое"")"
М,Исаакий,Исакий,,,"-я, м.; разг. Исакий, -я.",Исаакия,Исаакиев,Исаакиева,Исаакиевич,Исаакиевна,Словарь русских личных имен Петровского
М,Исавр,,,Стар. редк.,"-а, м. Стар. редк.",Исавра,Исавров,Исаврова,Исаврович,Исавровна,Словарь русских личных имен Петровского
М,Исаия,Исай,,,"-и, м.; разг. Исай, -я.",Исаии,Исаев,Исаева,Исаиевич,Исаиевна,Словарь русских личных имен Петровского
М,Исай,,Исаия,Разг.,"-я, м. Разг. к Исаия (см.).",Исая,Исаев,Исаева,Исайевич,Исайевна,(для варианта целевого современного отчества)
М,Исай,,Исаия,Разг.,"-я, м. Разг. к Исаия (см.).",Исая,Исаев,Исаева,Исаевич,Исаевна,Словарь русских личных имен Петровского
М,Исак,,Исаак,Разг.,"-а, м. Разг. к Исаак (см.).",Исака,Исаков,Исакова,Исаакович,Исааковна,(для варианта целевого современного отчества)
М,Исак,,Исаак,Разг.,"-а, м. Разг. к Исаак (см.).",Исака,Исаков,Исакова,Исакович,Исаковна,Словарь русских личных имен Петровского
М,Исакий,,Исаакий,Разг.,"-я, м. Разг. к Исаакий (см.).",Исакия,Исакиев,Исакиева,Исаакиевич,Исаакиевна,(для варианта целевого современного отчества)
М,Исакий,,,,,,Исакьев,Исакьева,Исакиевич,Исакиевна,"(для вариантов преобразования ""старого"" отчества в ""новое"")"
М,Исакий,,Исаакий,Разг.,"-я, м. Разг. к Исаакий (см.).",Исакия,Исакиев,Исакиева,Исакиевич,Исакиевна,Словарь русских личных имен Петровского
М,Исе,,,Стар. редк.,"нескл., м. Стар. редк.",Исе,Исин,Исина,Исевич,Исевна,Словарь русских личных имен Петровского
М,Исидор,Сидор,,,"-а, м.; разг. Сидор, -а.",Исидоров,Исидоров,Исидорова,Исидорович,Исидоровна,Словарь русских личных имен Петровского
Ж,Исидора,,,,"-ы, ж.",Исидоры,,,,,Словарь русских личных имен Петровского
Ж,Искра,,,Нов.,"-ы, ж. Нов.",Искры,,,,,Словарь русских личных имен Петровского
М,Исмаил,,Измаил,Стар. форма имени,"-а, м. Стар. форма имени Измаил (см.).",Исмаила,Исмаилов,Исмаилова,Измаилович,Измаиловна,(для варианта целевого современного отчества)
М,Исмаил,,Измаил,Стар. форма имени,"-а, м. Стар. форма имени Измаил (см.).",Исмаила,Исмаилов,Исмаилова,Исмаилович,Исмаиловна,Словарь русских личных имен Петровского
М,Иссахар,,,Стар. редк.,"-а, м. Стар. редк.",Иссахара,Иссахаров,Иссахарова,Иссахарович,Иссахаровна,Словарь русских личных имен Петровского
М,Истислав,,,Слав. редк.,"-а, м. Слав. редк.",Истислава,Истиславов,Истиславова,Истиславович,Истиславовна,Словарь русских личных имен Петровского
М,Иувеналий,,Ювеналий,Стар. форма имени,"-я, м. Стар. форма имени Ювеналий (см.).",Иувеналия,Иувеналиев,Иувеналиева,Ювеналиевич,Ювеналиевна,(для варианта целевого современного отчества)
М,Иувеналий,,,,,,Иувенальев,Иувенальева,Иувеналиевич,Иувеналиевна,"(для вариантов преобразования ""старого"" отчества в ""новое"")"
М,Иувеналий,,Ювеналий,Стар. форма имени,"-я, м. Стар. форма имени Ювеналий (см.).",Иувеналия,Иувеналиев,Иувеналиева,Иувеналиевич,Иувеналиевна,Словарь русских личных имен Петровского
М,Иувентин,,Ювентин,Стар. форма имени,"-а, м. Стар. форма имени Ювентин (см.).",Иувентина,Иувентинов,Иувентинова,Ювентинович,Ювентиновна,(для варианта целевого современного отчества)
М,Иувентин,,Ювентин,Стар. форма имени,"-а, м. Стар. форма имени Ювентин (см.).",Иувентина,Иувентинов,Иувентинова,Иувентинович,Иувентиновна,Словарь русских личных имен Петровского
М,Иуда,,,Стар. редк.,"-ы, м. Стар. редк.",Иуды,Иудин,Иудина,Иудич,Иудична,Словарь русских личных имен Петровского
Ж,Иудифь,,Юдифь,Стар.,"-и, ж. Стар. форма имени Юдифь (см.).",Иудифи,,,,,Словарь русских личных имен Петровского
М,Иулиан,,Юлиан,Стар. форма имени,"-а, м. Стар. форма имени Юлиан (см.).",Иулиана,Иулианов,Иулианова,Юлианович,Юлиановна,(для варианта целевого современного отчества)
М,Иулиан,,Юлиан,Стар. форма имени,"-а, м. Стар. форма имени Юлиан (см.).",Иулиана,Иулианов,Иулианова,Иулианович,Иулиановна,Словарь русских личных имен Петровского
Ж,Иулиана,,Юлиана,Стар.,"-ы, ж. Стар. форма имени Юлиана (см.).",Иулианы,,,,,Словарь русских личных имен Петровского
Ж,Иулиания,,Юлиания,Стар.,"-и, ж. Стар. форма имени Юлиания (см.).",Иулиании,,,,,Словарь русских личных имен Петровского
М,Иулий,,Юлий,Стар. форма имени,"-я, м. Стар. форма имени Юлий (см.).",Иулия,Иулиев,Иулиева,Юлиевич,Юлиевна,(для варианта целевого современного отчества)
М,Иулий,,,,,,Иульев,Иульева,Иулиевич,Иулиевна,"(для вариантов преобразования ""старого"" отчества в ""новое"")"
М,Иулий,,Юлий,Стар. форма имени,"-я, м. Стар. форма имени Юлий (см.).",Иулия,Иулиев,Иулиева,Иулиевич,Иулиевна,Словарь русских личных имен Петровского
Ж,Иулитта,Улита,,,"-ы, ж.; разг. Улита, -ы.",Иулитты,,,,,Словарь русских личных имен Петровского
Ж,Иулия,,Юлия,Стар.,"-и, ж. Стар. форма имени Юлия (см.).",Иулии,,,,,Словарь русских личных имен Петровского
М,Иуний,,Июний,Стар. форма имени,"-я, м. Стар. форма имени Июний (см.).",Иуния,Иуниев,Иуниева,Июниевич,Июниевна,(для варианта целевого современного отчества)
М,Иуний,,,,,,Иуньев,Иуньева,Иуниевич,Иуниевна,"(для вариантов преобразования ""старого"" отчества в ""новое"")"
М,Иуний,,Июний,Стар. форма имени,"-я, м. Стар. форма имени Июний (см.).",Иуния,Иуниев,Иуниева,Иуниевич,Иуниевна,Словарь русских личных имен Петровского
Ж,Иуния,,Юния,Стар.,"-и, ж. Стар. форма имени Юния (см.).",Иунии,,,,,Словарь русских личных имен Петровского
М,Иуст,,Юст,Вариант,"-а, м. См. Юст.",Иуста,Иустов,Иустова,Юстович,Юстовна,(для варианта целевого современного отчества)
М,Иуст,,Юст,Вариант,"-а, м. См. Юст.",Иуста,Иустов,Иустова,Иустович,Иустовна,Словарь русских личных имен Петровского
М,Иустин,Устин,Юстин,Стар. форма имени,"-а, м. Стар. форма имени Юстин (см.).",Иустина,Иустинов,Иустинова,Юстинович,Юстиновна,(для варианта целевого современного отчества)
М,Иустин,Устин,Юстин,Стар. форма имени,"-а, м. Стар. форма имени Юстин (см.).",Иустина,Иустинов,Иустинова,Иустинович,Иустиновна,Словарь русских личных имен Петровского
Ж,Иустина,Устина,Юстина,Стар.,"-ы, ж. Стар. форма имени Юстина (см.).",Иустины,,,,,Словарь русских личных имен Петровского
М,Иустиниан,,Юстиниан,Стар. форма имени,"-а, м. Стар. форма имени Юстиниан (см.).",Иустиниана,Иустинианов,Иустинианова,Юстинианович,Юстиниановна,(для варианта целевого современного отчества)
М,Иустиниан,,Юстиниан,Стар. форма имени,"-а, м. Стар. форма имени Юстиниан (см.).",Иустиниана,Иустинианов,Иустинианова,Иустинианович,Иустиниановна,Словарь русских личных имен Петровского
Ж,Иустинья,,Юстина,,,Иустиньи,,,,,-
Ж,Ифигения,,,Заимств.,"-и, ж. Заимств.",Ифигении,,,,,Словарь русских личных имен Петровского
М,Июль,,,Стар. редк.,"-я, м. Стар. редк.",Июля,Июлев,Июлева,Июлевич,Июлевна,Словарь русских личных имен Петровского
М,Июний,,,,,,Июньев,Июньева,Июниевич,Июниевна,"(для вариантов преобразования ""старого"" отчества в ""новое"")"
М,Июний,Иуний,,,"-я, м.; стар. Иуний, -я.",Июния,Июниев,Июниева,Июниевич,Июниевна,Словарь русских личных имен Петровского
Ж,Ия,Иа,,,"-и, ж.; стар. Иа, -и.",Ии,,,,,Словарь русских личных имен Петровского
Ж,Каздоя,,,Стар. редк.,"-и, ж. Стар. редк.",Каздои,,,,,Словарь русских личных имен Петровского
М,Казимир,,,Слав.,"-а, м. Слав.",Казимира,Казимиров,Казимирова,Казимирович,Казимировна,Словарь русских личных имен Петровского
Ж,Казимира,,,Слав.,"-ы, ж. Слав.",Казимиры,,,,,Словарь русских личных имен Петровского
М,Казьма,,Кузьма,,,Казьмы,Казьмин,Казьмина,Кузьмич,Кузьминична,-
М,Казьма,,Кузьма,,,Казьмы,Казьмин,Казьмина,Кузьмич,Кузьминична,(для варианта целевого современного отчества)
М,Кай,,,Стар. редк.,"-я, м. Стар. редк.",Кая,Каев,Каева,Каевич,Каевна,Словарь русских личных имен Петровского
Ж,Калерия,,,,"-и, ж.",Калерии,,,,,Словарь русских личных имен Петровского
Ж,Калида,,,Стар. редк.,"-ы, ж. Стар. редк.",Калиды,,,,,Словарь русских личных имен Петровского
М,Калина,,Каллиник,Разг.,"-ы, м. Разг. к Каллиник (см.).",Калины,Калинов,Калинова,Каллиникович,Каллиниковна,(для варианта целевого современного отчества)
М,Калина,,Каллиник,Разг.,"-ы, м. Разг. к Каллиник (см.).",Калины,Калинин,Калинина,Каллиникович,Каллиниковна,(для варианта целевого современного отчества)
М,Калина,,Каллиник,Разг.,"-ы, м. Разг. к Каллиник (см.).",Калины,Калинов,Калинова,Калинич,Калинична,"(для вариантов преобразования ""старого"" отчества в ""новое"")"
М,Калина,,Каллиник,Разг.,"-ы, м. Разг. к Каллиник (см.).",Калины,Калинин,Калинина,Калинич,Калинична,Словарь русских личных имен Петровского
Ж,Калиса,,,,"-ы, ж.",Калисы,,,,,Словарь русских личных имен Петровского
М,Калистрат,,Каллистрат,Разг.,"-а, м. Разг. к Каллистрат (см.).",Калистрата,Калистратов,Калистратова,Каллистратович,Каллистратовна,(для варианта целевого современного отчества)
М,Калистрат,,Каллистрат,Разг.,"-а, м. Разг. к Каллистрат (см.).",Калистрата,Калистратов,Калистратова,Калистратович,Калистратовна,Словарь русских личных имен Петровского
М,Калистратий,,Каллистрат,Разг.,"-я, м. Разг. к Каллистрат (см.).",Калистратия,Калистратиев,Калистратиева,Каллистратович,Каллистратовна,(для варианта целевого современного отчества)
М,Калистратий,,,,,,Калистратьев,Калистратьева,Калистратьевич,Калистратьевна,"(для вариантов преобразования ""старого"" отчества в ""новое"")"
М,Калистратий,,Каллистрат,Разг.,"-я, м. Разг. к Каллистрат (см.).",Калистратия,Калистратиев,Калистратиева,Калистратьевич,Калистратьевна,Словарь русских личных имен Петровского
Ж,Калисфения,,Каллисфения,Разг.,"-и, ж. Разг. к Каллисфения (см.).",Калисфении,,,,,Словарь русских личных имен Петровского
М,Каллимах,,,Стар. редк.,"-а, м. Стар. редк.",Каллимаха,Каллимахов,Каллимахова,Каллимахович,Каллимаховна,Словарь русских личных имен Петровского
М,Каллиник,Калина,,,"-а, м.; разг. Калина, -ы; прост. Каленик, -а.",Каллиника,Каллиников,Каллиникова,Каллиникович,Каллиниковна,Словарь русских личных имен Петровского
Ж,Каллиникия,,,Стар. редк.,"-и, ж. Стар. редк.; разг. Калина, -ы.",Каллиникии,,,,,Словарь русских личных имен Петровского
М,Каллиопий,,,,,,Каллиопьев,Каллиопьева,Каллиопиевич,Каллиопиевна,"(для вариантов преобразования ""старого"" отчества в ""новое"")"
М,Каллиопий,,,Стар. редк.,"-я, м. Стар. редк.",Каллиопия,Каллиопиев,Каллиопиева,Каллиопиевич,Каллиопиевна,Словарь русских личных имен Петровского
М,Каллист,,,Стар. редк.,"-а, м. Стар. редк.",Каллиста,Каллистов,Каллистова,Каллистович,Каллистовна,Словарь русских личных имен Петровского
Ж,Каллиста,,,,"-ы, ж.",Каллисты,,,,,Словарь русских личных имен Петровского
М,Каллистрат,Калистрат,,,"-а, м.; разг. Калистрат, -а и Калистратий, -я; прост. Калистар, -а и Листрат, -а.",Каллистрата,Каллистратов,Каллистратова,Каллистратович,Каллистратовна,Словарь русских личных имен Петровского
М,Каллисфен,,,Стар. редк.,"-а, м. Стар. редк.",Каллисфена,Каллисфенов,Каллисфенова,Каллисфенович,Каллисфеновна,Словарь русских личных имен Петровского
Ж,Каллисфения,Калисфения,,,"-и, ж.; разг. Калисфения, -и.",Каллисфении,,,,,Словарь русских личных имен Петровского
М,Камилл,,,Заимств.,"-а, м. Заимств.",Камилла,Камиллов,Камиллова,Камиллович,Камилловна,Словарь русских личных имен Петровского
Ж,Камилла,,,Заимств.,"-ы, ж. Заимств.",Камиллы,,,,,Словарь русских личных имен Петровского
М,Кандид,,,Стар. редк.,"-а, м. Стар. редк.",Кандида,Кандидов,Кандидова,Кандидович,Кандидовна,Словарь русских личных имен Петровского
М,Кандидий,,,,,,Кандидьев,Кандидьева,Кандидиевич,Кандидиевна,"(для вариантов преобразования ""старого"" отчества в ""новое"")"
М,Кандидий,,,Стар. редк.,"-я, м. Стар. редк.",Кандидия,Кандидиев,Кандидиева,Кандидиевич,Кандидиевна,Словарь русских личных имен Петровского
М,Кантидиан,,,Стар. редк.,"-а, м. Стар. редк.",Кантидиана,Кантидианов,Кантидианова,Кантидианович,Кантидиановна,Словарь русских личных имен Петровского
М,Кантидий,,,,,,Кантидьев,Кантидьева,Кантидиевич,Кантидиевна,"(для вариантов преобразования ""старого"" отчества в ""новое"")"
М,Кантидий,,,Стар. редк.,"-я, м. Стар. редк.",Кантидия,Кантидиев,Кантидиева,Кантидиевич,Кантидиевна,Словарь русских личных имен Петровского
М,Капик,,,Стар. редк.,"-а, м. Стар. редк.",Капика,Капиков,Капикова,Капикович,Капиковна,Словарь русских личных имен Петровского
Ж,Капитолина,,,,"-ы, ж.",Капитолины,,,,,Словарь русских личных имен Петровского
М,Капитон,,,,"-а, м.",Капитона,Капитонов,Капитонова,Капитонович,Капитоновна,Словарь русских личных имен Петровского
Ж,Карина,,,Заимств.,"-ы, ж. Заимств.",Карины,,,,,Словарь русских личных имен Петровского
М,Карион,,,Стар. редк.,"-а, м. Стар. редк.",Кариона,Карионов,Карионова,Карионович,Карионовна,Словарь русских личных имен Петровского
М,Карл,,,Заимств.,"-а, м. Заимств.",Карла,Карлов,Карлова,Карлович,Карловна,Словарь русских личных имен Петровского
Ж,Каролина,,,Заимств.,"-ы, ж. Заимств.",Каролины,,,,,Словарь русских личных имен Петровского
М,Карп,,,,"-а, м.",Карпа,Карпов,Карпова,Карпович,Карповна,Словарь русских личных имен Петровского
М,Картерий,,,,,,Картерьев,Картерьева,Картериевич,Картериевна,"(для вариантов преобразования ""старого"" отчества в ""новое"")"
М,Картерий,,,Стар. редк.,"-я, м. Стар. редк.",Картерия,Картериев,Картериева,Картериевич,Картериевна,Словарь русских личных имен Петровского
Ж,Касиния,,,Стар. редк.,"-и, ж. Стар. редк.",Касинии,,,,,Словарь русских личных имен Петровского
М,Кассиан,,Касьян,Стар. форма имени,"-а, м. Стар. форма имени Касьян (см.).",Кассиана,Кассианов,Кассианова,Касьянович,Касьяновна,(для варианта целевого современного отчества)
М,Кассиан,,Касьян,Стар. форма имени,"-а, м. Стар. форма имени Касьян (см.).",Кассиана,Кассианов,Кассианова,Кассианович,Кассиановна,Словарь русских личных имен Петровского
М,Кастор,,,Стар. редк.,"-а, м. Стар. редк.",Кастора,Касторов,Касторова,Касторович,Касторовна,Словарь русских личных имен Петровского
М,Касторий,,,,,,Касторьев,Касторьева,Касториевич,Касториевна,"(для вариантов преобразования ""старого"" отчества в ""новое"")"
М,Касторий,,,Стар. редк.,"-я, м. Стар. редк.",Кастория,Касториев,Касториева,Касториевич,Касториевна,Словарь русских личных имен Петровского
М,Кастрихий,,,,,,Кастрихьев,Кастрихьева,Кастрихиевич,Кастрихиевна,"(для вариантов преобразования ""старого"" отчества в ""новое"")"
М,Кастрихий,,,Стар. редк.,"-я, м. Стар. редк.",Кастрихия,Кастрихиев,Кастрихиева,Кастрихиевич,Кастрихиевна,Словарь русских личных имен Петровского
М,Кастул,,,Стар. редк.,"-а, м. Стар. редк.",Кастула,Кастулов,Кастулова,Кастулович,Кастуловна,Словарь русских личных имен Петровского
М,Касьян,Кассиан,,,"-а, м.; стар. Кассиан, -а.",Касьяна,Касьянов,Касьянова,Касьянович,Касьяновна,Словарь русских личных имен Петровского
Ж,Катерина,,Екатерина,Разг.,"-ы, ж. Разг. к Екатерина (см.).",Катерины,,,,,Словарь русских личных имен Петровского
М,Катун,,,Стар. редк.,"-а, м. Стар. редк.",Катуна,Катунов,Катунова,Катунович,Катуновна,Словарь русских личных имен Петровского
М,Кварт,,,Стар. редк.,"-а, м. Стар. редк.",Кварта,Квартов,Квартова,Квартович,Квартовна,Словарь русских личных имен Петровского
М,Кветан,,,Стар. редк.,"-а, м. Стар. редк.",Кветана,Кветанов,Кветанова,Кветанович,Кветановна,Словарь русских личных имен Петровского
М,Квинт,Коинт,,Стар. редк.,"-а, м. и Коинт, -а. Стар. редк.",Квинта,Квинтов,Квинтова,Квинтович,Квинтовна,Словарь русских личных имен Петровского
М,Квинтилиан,,,Стар. редк.,"-а, м. Стар. редк.",Квинтилиана,Квинтилианов,Квинтилианова,Квинтилианович,Квинтилиановна,Словарь русских личных имен Петровского
М,Келестин,,,Стар. редк.,"-а, м. Стар. редк.",Келестина,Келестинов,Келестинова,Келестинович,Келестиновна,Словарь русских личных имен Петровского
Ж,Келестина,,,Стар. редк.,"-ы, ж. Стар. редк.",Келестины,,,,,Словарь русских личных имен Петровского
М,Кельсий,,,,,,Кельсьев,Кельсьева,Кельсиевич,Кельсиевна,"(для вариантов преобразования ""старого"" отчества в ""новое"")"
М,Кельсий,,,Стар. редк.,"-я, м. Стар. редк.",Кельсия,Кельсиев,Кельсиева,Кельсиевич,Кельсиевна,Словарь русских личных имен Петровского
М,Кенсорин,,,Стар. редк.,"-а, м. Стар. редк.",Кенсорина,Кенсоринов,Кенсоринова,Кенсоринович,Кенсориновна,Словарь русских личных имен Петровского
Ж,Керкира,,,Стар. редк.,"-ы, ж. Стар. редк.",Керкиры,,,,,Словарь русских личных имен Петровского
М,Кесарий,,,Стар. редк.,"-я, м. Стар. редк.",Кесария,Кесариев,Кесариева,Кесариевич,Кесариевна,Словарь русских личных имен Петровского
М,Кесарь,,,Стар. редк.,"-я, м. Стар. редк.",Кесаря,Кесарев,Кесарева,Кесаревич,Кесаревна,Словарь русских личных имен Петровского
Ж,Кетевань,,,Стар. редк.,"-и, ж. Стар. редк.",Кетевани,,,,,Словарь русских личных имен Петровского
М,Кий,,,Ст.-русск. редк.,"-я, м. Ст.-русск. редк.",Кия,Киев,Киева,Киевич,Киевна,Словарь русских личных имен Петровского
Ж,Кикилия,,,Стар. редк.,"-и, ж. Стар. редк.",Кикилии,,,,,Словарь русских личных имен Петровского
М,Ким,,,Нов.,"-а, м. Нов.",Кима,Кимов,Кимова,Кимович,Кимовна,Словарь русских личных имен Петровского
Ж,Кима,,,Нов.,"-ы, ж. Нов.",Кимы,,,,,Словарь русских личных имен Петровского
М,Киндей,,,Стар. редк.,"-я, м. Стар. редк.; прост. Кындей, -я.",Киндея,Киндеев,Киндеева,Киндеевич,Киндеевна,Словарь русских личных имен Петровского
М,Кион,,,Стар. редк.,"-а, м. Стар. редк.",Киона,Кионов,Кионова,Кионович,Кионовна,Словарь русских личных имен Петровского
М,Киприан,Киприян,,,"-а, м.; разг. Куприян, -а.",Киприана,Киприанов,Киприанова,Киприанович,Киприановна,Словарь русских личных имен Петровского
М,Киприян,Куприян,Киприан,,,Киприяна,Киприянов,Киприянова,Киприянович,Киприяновна,-
М,Киприян,Куприян,Киприан,,,Киприяна,Киприянов,Киприянова,Киприанович,Киприановна,(для варианта целевого современного отчества)
М,Кир,,,,"-а, м.",Кира,Киров,Кирова,Кирович,Кировна,Словарь русских личных имен Петровского
Ж,Кира,,,,"-ы, ж.",Киры,,,,,Словарь русских личных имен Петровского
М,Кириак,Кирьяк,,,"-а, м.; разг. Кирьяк, -а.",Кириака,Кириаков,Кириакова,Кириакович,Кириаковна,Словарь русских личных имен Петровского
Ж,Кириакия,,,Стар. редк.,"-и, ж. Стар. редк.",Кириакии,,,,,Словарь русских личных имен Петровского
М,Кириан,Кирьян,,Стар. редк.,"-а, м. Стар. редк.; разг. Кирьян, -а.",Кириана,Кирианов,Кирианова,Кирианович,Кириановна,Словарь русских личных имен Петровского
Ж,Кириана,Кирьяна,,,"-ы, ж. Стар. редк.; разг. Кирьяна, -ы.",Кирианы,,,,,Словарь русских личных имен Петровского
Ж,Кириена,,,Стар. редк.,"-ы, ж. Стар. редк.",Кириены,,,,,Словарь русских личных имен Петровского
М,Кирик,,,Стар. редк.,"-а, м. Стар. редк.",Кирика,Кириков,Кирикова,Кирикович,Кириковна,Словарь русских личных имен Петровского
М,Кирила,,Кирилл,Разг.,"-ы, м. Разг. к Кирилл (см.).",Кирила,Кирилин,Кирилина,Кириллович,Кирилловна,(для варианта целевого современного отчества)
М,Кирила,,Кирилл,Разг.,"-ы, м. Разг. к Кирилл (см.).",Кирила,Кирилин,Кирилина,Кирилич,Кирилична,Словарь русских личных имен Петровского
М,Кирилл,Кирила,,,"-а, м.; разг. Кирила, -ы и Кирилла, -ы.",Кирилла,Кириллов,Кириллова,Кириллович,Кирилловна,Словарь русских личных имен Петровского
М,Кирилла,,Кирилл,Разг.,"-ы, м. Разг. к Кирилл (см.).",Кириллы,Кириллин,Кириллина,Кириллович,Кирилловна,(для варианта целевого современного отчества)
М,Кирилла,,Кирилл,Разг.,"-ы, м. Разг. к Кирилл (см.).",Кириллы,Кириллин,Кириллина,Кириллич,Кириллична,Словарь русских личных имен Петровского
М,Кирион,,,Стар. редк.,"-а, м. Стар. редк.",Кириона,Кирионов,Кирионова,Кирионович,Кирионовна,Словарь русских личных имен Петровского
М,Кирсан,,Хрисанф,Разг.,"-а, м. Разг. к Хрисанф (см.).",Кирсана,Кирсанов,Кирсанова,Хрисанфович,Хрисанфовна,(для варианта целевого современного отчества)
М,Кирсан,,Хрисанф,Разг.,"-а, м. Разг. к Хрисанф (см.).",Кирсана,Кирсанов,Кирсанова,Кирсанович,Кирсановна,Словарь русских личных имен Петровского
М,Кирьяк,,Кириак,Разг.,"-а, м. Разг. к Кириак (см.).",Кирьяка,Кирьяков,Кирьякова,Кириакович,Кириаковна,(для варианта целевого современного отчества)
М,Кирьяк,,Кириак,Разг.,"-а, м. Разг. к Кириак (см.).",Кирьяка,Кирьяков,Кирьякова,Кирьякович,Кирьяковна,Словарь русских личных имен Петровского
М,Кирьян,,Кириан,Разг.,"-а, м. Разг. к Кириан (см.).",Кирьяна,Кирьянов,Кирьянова,Кирианович,Кириановна,(для варианта целевого современного отчества)
М,Кирьян,,Кириан,Разг.,"-а, м. Разг. к Кириан (см.).",Кирьяна,Кирьянов,Кирьянова,Кирьянович,Кирьяновна,Словарь русских личных имен Петровского
Ж,Кирьяна,,Кириана,Разг.,"-ы, ж. Разг. к Кириана (см.).",Кирьяны,,,,,Словарь русских личных имен Петровского
М,Кифа,,,Стар. редк.,"-ы, м. Стар. редк.",Кифы,Кифин,Кифина,Кифич,Кифична,Словарь русских личных имен Петровского
М,Клавдиан,,,Стар. редк.,"-а, м. Стар. редк.",Клавдиана,Клавдианов,Клавдианова,Клавдианович,Клавдиановна,Словарь русских личных имен Петровского
М,Клавдий,,,,,,Клавдьев,Клавдьева,Клавдиевич,Клавдиевна,"(для вариантов преобразования ""старого"" отчества в ""новое"")"
М,Клавдий,Клавдей,,,"-я, м.; прост. Клавдей, -я.",Клавдия,Клавдиев,Клавдиева,Клавдиевич,Клавдиевна,Словарь русских личных имен Петровского
Ж,Клавдия,Клавдея,,,"-и, ж.; прост. Клавдея, -и.",Клавдии,,,,,Словарь русских личных имен Петровского
Ж,Клара,,,Заимств.,"-ы, ж. Заимств.",Клары,,,,,Словарь русских личных имен Петровского
Ж,Клариса,,,Заимств.,"-ы, ж. Заимств.",Кларисы,,,,,Словарь русских личных имен Петровского
Ж,Клементина,,,Заимств.,"-ы, ж. Заимств.",Клементины,,,,,Словарь русских личных имен Петровского
М,Клеоник,,,Стар. редк.,"-а, м. Стар. редк.",Клеоника,Клеоников,Клеоникова,Клеоникович,Клеониковна,Словарь русских личных имен Петровского
Ж,Клеопатра,,,,"-ы, ж.",Клеопатры,,,,,Словарь русских личных имен Петровского
М,Клим,,Климент,Разг.,"-а, м. Разг. к Климент (см.).",Клима,Климов,Климова,Климентович,Климентовна,(для варианта целевого современного отчества)
М,Клим,,Климент,Разг.,"-а, м. Разг. к Климент (см.).",Клима,Климов,Климова,Климович,Климовна,Словарь русских личных имен Петровского
М,Клим,,,,"-а, м.",Клима,Климов,Климова,Климович,Климовна,Словарь русских личных имен Петровского
М,Климент,Клим,,,"-а, м.; разг. Клим, -а и Климентий, -я.",Климента,Климентов,Кдиентова,Климентович,Климентовна,Словарь русских личных имен Петровского
М,Климентий,,Климент,Разг.,"-я, м. Разг. к Климент (см.).",Климентия,Климентиев,Климентиева,Климентович,Климентовна,(для варианта целевого современного отчества)
М,Климентий,,,,,,Климентьев,Климентьева,Климентиевич,Климентиевна,"(для вариантов преобразования ""старого"" отчества в ""новое"")"
М,Климентий,,Климент,Разг.,"-я, м. Разг. к Климент (см.).",Климентия,Климентиев,Климентиева,Климентиевич,Климентиевна,Словарь русских личных имен Петровского
М,Кодрат,,Кондратий,Стар. форма имени,"-а, м. Стар. форма имени Кондратий (см.).",Кодрата,Кодратов,Кодратова,Кондратиевич,Кондратиевна,(для варианта целевого современного отчества)
М,Кодрат,,Кондратий,Стар. форма имени,"-а, м. Стар. форма имени Кондратий (см.).",Кодрата,Кодратов,Кодратова,Кодратович,Кодратовна,Словарь русских личных имен Петровского
М,Козьма,,Кузьма,Разг.,"-ы́, м. Разг. к Кузьма (см.).",Козьмы,Козьмин,Козьмина,Кузьмич,Кузьминична,(для варианта целевого современного отчества)
М,Козьма,,Кузьма,Разг.,"-ы́, м. Разг. к Кузьма (см.).",Козьмы,Козьмин,Козьмина,Кузьмич,Кузьминична,Словарь русских личных имен Петровского
М,Коинт,,Квинт,Вариант,"-а, м. См. Квинт.",Коинта,Коинтов,Коинтова,Квинтович,Квинтовна,(для варианта целевого современного отчества)
М,Коинт,,Квинт,Вариант,"-а, м. См. Квинт.",Коинта,Коинтов,Коинтова,Коинтович,Коинтовна,Словарь русских личных имен Петровского
М,Кондрат,,Кондратий,Разг.,"-а, м. Разг. к Кондратий (см.).",Кондрата,Кондратов,Кондратова,Кондратиевич,Кондратиевна,(для варианта целевого современного отчества)
М,Кондрат,,Кондратий,Разг.,"-а, м. Разг. к Кондратий (см.).",Кондрата,Кондратов,Кондратова,Кондратович,Кондратовна,Словарь русских личных имен Петровского
М,Кондратий,,,,,,Кондратьев,Кондратьева,Кондратьевич,Кондратьевна,"(для вариантов преобразования ""старого"" отчества в ""новое"")"
М,Кондратий,Кондрат,,,"-я, м.; разг. Кондрат, -а; стар. Кодрат, -а.",Кондратия,Кондратиев,Кондратиева,Кондратьевич,Кондратьевна,Словарь русских личных имен Петровского
М,Конкордий,,,,,,Конкордьев,Конкордьева,Конкордиевич,Конкордиевна,"(для вариантов преобразования ""старого"" отчества в ""новое"")"
М,Конкордий,,,,"-я, м.",Конкордия,Конкордиев,Конкордиева,Конкордиевич,Конкордиевна,Словарь русских личных имен Петровского
Ж,Конкордия,,,,"-и, ж.",Конкордии,,,,,Словарь русских личных имен Петровского
М,Конон,,,,"-а, м.",Конона,Кононов,Кононова,Кононович,Кононовна,Словарь русских личных имен Петровского
М,Константин,,,,"-а, м.",Константина,Константинов,Константинова,Константинович,Константиновна,Словарь русских личных имен Петровского
Ж,Констанция,,,,"-и, ж.",Констанции,,,,,Словарь русских личных имен Петровского
М,Корней,,Корнилий,Разг.,"-я, м. Разг. к Корнилий (см.).",Корнея,Корнеев,Корнеева,Корнилиевич,Корнилиевна,(для варианта целевого современного отчества)
М,Корней,,Корнилий,Разг.,"-я, м. Разг. к Корнилий (см.).",Корнея,Корнеев,Корнеева,Корнеевич,Корнеевна,Словарь русских личных имен Петровского
М,Корнелий,,,,,,Корнельев,Корнельева,Корнелиевич,Корнелиевна,"(для вариантов преобразования ""старого"" отчества в ""новое"")"
М,Корнелий,,,Заимств.,"-я, м. Заимств.",Корнелия,Корнелиев,Корнелиева,Корнелиевич,Корнелиевна,Словарь русских личных имен Петровского
Ж,Корнелия,,,Заимств.,"-и, ж. Заимств.",Корнелии,,,,,Словарь русских личных имен Петровского
М,Корнил,,Корнилий,Разг.,"-а, м. Разг. к Корнилий (см.).",Корнила,Корнилов,Корнилова,Корнилиевич,Корнилиевна,(для варианта целевого современного отчества)
М,Корнил,,Корнилий,Разг.,"-а, м. Разг. к Корнилий (см.).",Корнила,Корнилов,Корнилова,Корнилович,Корниловна,Словарь русских личных имен Петровского
М,Корнила,,Корнилий,Разг.,"-ы, м. Разг. к Корнилий (см.).",Корнилы,Корнилин,Корнилина,Корнилиевич,Корнилиевна,(для варианта целевого современного отчества)
М,Корнила,,Корнилий,Разг.,"-ы, м. Разг. к Корнилий (см.).",Корнилы,Корнилин,Корнилина,Корнилыч,Корниловна,Словарь русских личных имен Петровского
М,Корнилий,,,,,,Корнильев,Корнильева,Корнилиевич,Корнилиевна,"(для вариантов преобразования ""старого"" отчества в ""новое"")"
М,Корнилий,Корней,,,"-я, м.; разг. Корней, -я, Корнил, -а и Корнила, -ы.",Корнилия,Корнилиев,Корнилиева,Корнилиевич,Корнилиевна,Словарь русских личных имен Петровского
М,Коронат,,,Стар. редк.,"-а, м. Стар. редк.",Короната,Коронатов,Коронатова,Коронатович,Коронатовна,Словарь русских личных имен Петровского
М,Косма,,Кузьма,Стар.,"-ы́, м. Стар. форма имени Кузьма (см.).",Космы,Космин,Космина,Кузьмич,Кузьминична,(для варианта целевого современного отчества)
М,Косма,,Кузьма,Стар.,"-ы́, м. Стар. форма имени Кузьма (см.).",Космы,Космин,Космина,Космич,Косминична,Словарь русских личных имен Петровского
М,Косьма,,Кузьма,Стар.,"-ы́, м. Стар. разг. форма имени Кузьма (см.).",Косьмы,Косьмин,Косьмина,Кузьмич,Кузьминична,(для варианта целевого современного отчества)
М,Косьма,,Кузьма,Стар.,"-ы́, м. Стар. разг. форма имени Кузьма (см.).",Косьмы,Косьмин,Косьмина,Косьмич,Косьминична,Словарь русских личных имен Петровского
Ж,Красарма,,,Нов.,"-ы, ж. Нов.",Красармы,,,,,Словарь русских личных имен Петровского
Ж,Красномира,,,Нов.,"-ы, ж. Нов.",Красномиры,,,,,Словарь русских личных имен Петровского
М,Краснослав,,,Нов.,"-а, м. Нов.",Краснослава,Краснославов,Краснославова,Краснославович,Краснославовна,Словарь русских личных имен Петровского
М,Крискент,,,Стар. редк.,"-а, м. Стар. редк.",Крискента,Крискентов,Крискентова,Крискентович,Крискентовна,Словарь русских личных имен Петровского
М,Крискентиан,,,Стар. редк.,"-а, м. Стар. редк.",Крискентиана,Крискентианов,Крискентианова,Крискентианович,Крискентиановна,Словарь русских личных имен Петровского
Ж,Крискентия,,,Стар. редк.,"-и, ж. Стар. редк.",Крискентии,,,,,Словарь русских личных имен Петровского
М,Крисп,,,Стар. редк.,"-а, м. Стар. редк.",Криспа,Криспов,Криспова,Криспович,Крисповна,Словарь русских личных имен Петровского
Ж,Кристина,,Христина,Разг.,"-ы, ж. Разг. к Христина (см.).",Кристины,,,,,Словарь русских личных имен Петровского
М,Кронид,,,Кроний,"-а, м.; разг. Кроний, -я.",Кронида,Кронидов,Кронидова,Кронидович,Кронидовна,Словарь русских личных имен Петровского
М,Кроний,,Кронид,Разг.,"-я, м. Разг. к Кронид (см.).",Крония,Крониев,Крониева,Кронидович,Кронидовна,(для варианта целевого современного отчества)
М,Кроний,,,,,,Кроньев,Кроньева,Крониевич,Крониевна,"(для вариантов преобразования ""старого"" отчества в ""новое"")"
М,Кроний,,Кронид,Разг.,"-я, м. Разг. к Кронид (см.).",Крония,Крониев,Крониева,Крониевич,Крониевна,Словарь русских личных имен Петровского
М,Ксанф,,,Стар. редк.,"-а, м. Стар. редк.",Ксанфа,Ксанфов,Ксанфова,Ксанфович,Ксанфовна,Словарь русских личных имен Петровского
М,Ксанфий,,,,,,Ксанфьев,Ксанфьева,Ксанфиевич,Ксанфиевна,"(для вариантов преобразования ""старого"" отчества в ""новое"")"
М,Ксанфий,,,Стар. редк.,"-я, м. Стар. редк.",Ксанфия,Ксанфиев,Ксанфиева,Ксанфиевич,Ксанфиевна,Словарь русских личных имен Петровского
Ж,Ксанфиппа,,,Стар. редк.,"-ы, ж. Стар. редк.",Ксанфиппы,,,,,Словарь русских личных имен Петровского
Ж,Ксения,Аксинья,,,"-и, ж.; народн. Аксинья, -и; разг. Ксенья, -и.",Ксении,,,,,Словарь русских личных имен Петровского
М,Ксенофонт,,,,"-а, м.",Ксенофонта,Ксенофонтов,Ксенофонтова,Ксенофонтович,Ксенофонтовна,Словарь русских личных имен Петровского
Ж,Ксенья,,Ксения,Разг.,"-и, ж. Разг. к Ксения 1 (см.).",Ксеньи,,,,,Словарь русских личных имен Петровского
М,Куарт,,,Стар. редк.,"-а, м. Стар. редк.",Куарта,Куартов,Куартова,Куартович,Куартовна,Словарь русских личных имен Петровского
М,Кузьма,Козьма,,,"-ы, м.; разг. Козьма, -ы; стар. разг. Косьма, -ы; стар. Косма, -ы.",Кузьмы,Кузьмин,Кузьмина,Кузьмич,Кузьминична,Словарь русских личных имен Петровского
М,Кукша,,,Ст.-русск. редк.,"-и, м. Ст.-русск. редк.",Кукши,Кукшин,Кукшина,Кукшич,Кукшична,Словарь русских личных имен Петровского
Ж,Купава,,,Ст.-русск. редк.,"-ы, ж. Ст.-русск. редк.",Купавы,,,,,Словарь русских личных имен Петровского
М,Куприян,,Киприан,Разг.,"-а, м. Разг. к Киприан (см.).",Куприяна,Куприянов,Куприянова,Киприанович,Киприановна,(для варианта целевого современного отчества)
М,Куприян,,Киприан,Разг.,"-а, м. Разг. к Киприан (см.).",Куприяна,Куприянов,Куприянова,Куприянович,Куприяновна,Словарь русских личных имен Петровского
М,Кутоний,,,,,,Кутоньев,Кутоньева,Кутониевич,Кутониевна,"(для вариантов преобразования ""старого"" отчества в ""новое"")"
М,Кутоний,,,Стар. редк.,"-я, м. Стар. редк.",Кутония,Кутониев,Кутониева,Кутониевич,Кутониевна,Словарь русских личных имен Петровского
М,Лавр,Лавра,,,"-а, м.; прост. Лавра, -ы.",Лавра,Лавров,Лаврова,Лаврович,Лавровна,Словарь русских личных имен Петровского
Ж,Лавра,,,,"-ы, ж.",Лавры,,,,,Словарь русских личных имен Петровского
М,Лаврен,,Лаврентий,Разг.,"-а, м. Разг. к Лаврентий (см.).",Лаврена,Лавренов,Лавренова,Лаврентиевич,Лаврентиевна,(для варианта целевого современного отчества)
М,Лаврен,,Лаврентий,Разг.,"-а, м. Разг. к Лаврентий (см.).",Лаврена,Лавренов,Лавренова,Лавренович,Лавреновна,Словарь русских личных имен Петровского
М,Лаврентий,,,,,,Лаврентиев,Лаврентиева,Лаврентиевич,Лаврентиевна,"(для вариантов преобразования ""старого"" отчества в ""новое"")"
М,Лаврентий,Лаврен,,,"-я, м.; разг. Лаврен, -а.",Лаврентия,Лаврентьев,Лаврентьева,Лаврентиевич,Лаврентиевна,Словарь русских личных имен Петровского
Ж,Лада,,,Ст.-русск.,"-ы, ж. Ст.-русск.",Лады,,,,,Словарь русских личных имен Петровского
М,Ладимир,,,Слав.,"-а, м. Слав.",Ладимира,Ладимиров,Ладимирова,Ладимирович,Ладимировна,Словарь русских личных имен Петровского
М,Ладислав,,,Слав.,"-а, м. Слав.",Ладислава,Ладиславов,Ладиславова,Ладиславович,Ладиславовна,Словарь русских личных имен Петровского
М,Лазарь,,,,"-я, м.",Лазаря,Лазарев,Лазарева,Лазаревич,Лазаревна,Словарь русских личных имен Петровского
М,Лампад,,,Стар. редк.,"-а, м. Стар. редк.",Лампада,Лампадов,Лампадова,Лампадович,Лампадовна,Словарь русских личных имен Петровского
М,Лаодикий,,,,,,Лаодикьев,Лаодикьева,Лаодикиевич,Лаодикиевна,"(для вариантов преобразования ""старого"" отчества в ""новое"")"
М,Лаодикий,,,Стар. редк.,"-я, м. Стар. редк.",Лаодикия,Лаодикиев,Лаодикиева,Лаодикиевич,Лаодикиевна,Словарь русских личных имен Петровского
М,Ларг,,,Стар. редк.,"-а, м. Стар. редк.",Ларга,Ларгов,Ларгова,Ларгович,Ларговна,Словарь русских личных имен Петровского
М,Ларгий,,,Стар. редк.,"-я, м. Стар. редк.",Ларгия,Ларгиев,Ларгиева,Ларгиевич,Ларгиевна,Словарь русских личных имен Петровского
М,Ларион,,Илларион,Народн. форма имени,"-а, м. Народн. форма имени Иларион (см.).",Лариона,Ларионов,Ларионова,Илларионович,Илларионовна,(для варианта целевого современного отчества)
М,Ларион,,Илларион,Народн. форма имени,"-а, м. Народн. форма имени Иларион (см.).",Лариона,Ларионов,Ларионова,Ларионович,Ларионовна,Словарь русских личных имен Петровского
Ж,Лариса,Ларисса,,,"-ы, ж. и реже Ларисса, -ы.",Ларисы,,,,,Словарь русских личных имен Петровского
Ж,Ларисса,,Лариса,Вариант,"-ы, ж. См. Лариса.",Лариссы,,,,,Словарь русских личных имен Петровского
Ж,Лаура,,,Заимств.,"-ы, ж. Заимств.",Лауры,,,,,Словарь русских личных имен Петровского
М,Леандр,,,Стар. редк.,"-а, м. Стар. редк.",Леандра,Леандров,Леандрова,Леандрович,Леандровна,Словарь русских личных имен Петровского
М,Лев,,,,"Льва, м.",Льва,Львов,Львова,Львович,Львовна,Словарь русских личных имен Петровского
М,Левкий,,,,,,Левкьев,Левкьева,Левкиевич,Левкиевна,"(для вариантов преобразования ""старого"" отчества в ""новое"")"
М,Левкий,,,Стар. редк.,"-я, м. Стар. редк.",Левкия,Левкиев,Левкиева,Левкиевич,Левкиевна,Словарь русских личных имен Петровского
Ж,Леда,,,Заимств.,"-ы, ж. Заимств.",Леды,,,,,Словарь русских личных имен Петровского
М,Лель,,,Ст.-русск.,"-я, м. Ст.-русск.",Леля,Лелев,Лелева,Лелевич,Лелевна,Словарь русских личных имен Петровского
Ж,Лемира,,,Нов.,"-ы, ж. Нов.",Лемиры,,,,,Словарь русских личных имен Петровского
М,Ленин,,,Нов.,"-а, м. Нов.",Ленина,Ленинов,Ленинова,Ленинович,Лениновна,Словарь русских личных имен Петровского
Ж,Ленина,,,Нов.,"-ы, ж. Нов.",Ленины,,,,,Словарь русских личных имен Петровского
Ж,Леокадия,,,Заимств.,"-и, ж. Заимств.",Леокадии,,,,,Словарь русских личных имен Петровского
М,Леон,,Леонтий,Разг.,"-а, м. Разг. к Леонтий (см.).",Леона,Леонов,Леонова,Леонтиевич,Леонтиевна,(для варианта целевого современного отчества)
М,Леон,,Леонтий,Разг.,"-а, м. Разг. к Леонтий (см.).",Леона,Леонов,Леонова,Леонович,Леоновна,Словарь русских личных имен Петровского
М,Леон,Левон,,,"-а, м.; прост. Левон, -а.",Леона,Леонов,Леонова,Леонович,Леоновна,Словарь русских личных имен Петровского
М,Леонард,,,Заимств.,"-а, м. Заимств.",Леонарда,Леонардов,Леонардова,Леонардович,Леонардовна,Словарь русских личных имен Петровского
М,Леонид,,,,"-а, м.",Леонида,Леонидов,Леонидова,Леонидович,Леонидовна,Словарь русских личных имен Петровского
Ж,Леонида,,,,"-ы, ж.",Леониды,,,,,Словарь русских личных имен Петровского
Ж,Леонилла,,,,"-ы, ж.",Леониллы,,,,,Словарь русских личных имен Петровского
Ж,Леонина,,,,"-ы, ж.",Леонины,,,,,Словарь русских личных имен Петровского
Ж,Леония,,,Стар. редк.,"-и, ж. Стар. редк.",Леонии,,,,,Словарь русских личных имен Петровского
М,Леонт,,,Стар. редк.,"-а, м. Стар. редк.",Леонта,Леонтов,Леонтова,Леонтович,Леонтовна,Словарь русских личных имен Петровского
М,Леонтий,,,,,,Леонтьев,Леонтьева,Леонтиевич,Леонтиевна,"(для вариантов преобразования ""старого"" отчества в ""новое"")"
М,Леонтий,Леон,,,"-я, м.; разг. Леон 2, -а; прост. Левонтий, -я.",Леонтия,Леонтиев,Леонтиева,Леонтиевич,Леонтиевна,Словарь русских личных имен Петровского
Ж,Леонтина,,,,"-ы, ж.",Леонтины,,,,,Словарь русских личных имен Петровского
Ж,Леонтия,,,,"-и, ж.",Леонтии,,,,,Словарь русских личных имен Петровского
Ж,Лея,,,,"-и, ж.",Леи,,,,,Словарь русских личных имен Петровского
Ж,Лиана,,,Заимств.,"-ы, ж. Заимств.",Лианы,,,,,Словарь русских личных имен Петровского
М,Либерат,,,Стар. редк.,"-а, м. Стар. редк.",Либерата,Либератов,Либератова,Либератович,Либератовна,Словарь русских личных имен Петровского
М,Ливаний,,,,,,Ливаньев,Ливаньева,Ливаниевич,Ливаниевна,"(для вариантов преобразования ""старого"" отчества в ""новое"")"
М,Ливаний,,,Стар. редк.,"-я, м. Стар. редк.",Ливания,Ливаниев,Ливаниева,Ливаниевич,Ливаниевна,Словарь русских личных имен Петровского
М,Ливерий,,,,,,Ливерьев,Ливерьева,Ливериевич,Ливериевна,"(для вариантов преобразования ""старого"" отчества в ""новое"")"
М,Ливерий,,,,"-я, м.",Ливерия,Ливериев,Ливериева,Ливериевич,Ливериевна,Словарь русских личных имен Петровского
М,Ливий,,,,,,Ливьев,Ливьева,Ливиевич,Ливиевна,"(для вариантов преобразования ""старого"" отчества в ""новое"")"
М,Ливий,,,,"-я, м.",Ливия,Ливиев,Ливиева,Ливиевич,Ливиевна,Словарь русских личных имен Петровского
Ж,Ливия,,,,"-и, ж.",Ливии,,,,,Словарь русских личных имен Петровского
Ж,Лидия,,,,"-и, ж.",Лидии,,,,,Словарь русских личных имен Петровского
Ж,Лизавета,,Елизавета,Разг.,"-ы, ж. Разг. к Елизавета (см.).",Лизаветы,,,,,Словарь русских личных имен Петровского
М,Ликарион,,,Стар. редк.,"-а, м. Стар. редк.",Ликариона,Ликарионов,Ликарионова,Ликарионович,Ликарионовна,Словарь русских личных имен Петровского
Ж,Ликонида,,Еликонида,Разг.,"-ы, ж. Разг. к Еликонида (см.).",Ликониды,,,,,Словарь русских личных имен Петровского
Ж,Лилиана,,,Заимств.,"-ы, ж. Заимств.",Лилианы,,,,,Словарь русских личных имен Петровского
Ж,Лилия,,,Нов.,"-и, ж. Нов.",Лилии,,,,,Словарь русских личных имен Петровского
М,Лимней,Лимний,,,"-я, м.; стар. Лимний, -я.",Лимнея,Лимнеев,Лимнеева,Лимнеевич,Лимнеевна,Словарь русских личных имен Петровского
М,Лимний,,Лимней,Стар. форма имени,"-я, м. Стар. форма имени Лимней (см.).",Лимния,Лимниев,Лимниева,Лимнеевич,Лимнеевна,(для варианта целевого современного отчества)
М,Лимний,,,,,,Лимньев,Лимньева,Лимниевич,Лимниевна,"(для вариантов преобразования ""старого"" отчества в ""новое"")"
М,Лимний,,Лимней,Стар. форма имени,"-я, м. Стар. форма имени Лимней (см.).",Лимния,Лимниев,Лимниева,Лимниевич,Лимниевна,Словарь русских личных имен Петровского
М,Лин,,,,"-а, м.",Лина,Линов,Линова,Линович,Линовна,Словарь русских личных имен Петровского
Ж,Лина,,,,"-ы, ж.",Лины,,,,,Словарь русских личных имен Петровского
Ж,Лира,,,Нов.,"-ы, ж. Нов.",Лиры,,,,,Словарь русских личных имен Петровского
М,Лисимах,,,Стар. редк.,"-а, м. Стар. редк.",Лисимаха,Лисимахов,Лисимахова,Лисимахович,Лисимаховна,Словарь русских личных имен Петровского
Ж,Лия,,,,"-и, ж.",Лии,,,,,Словарь русских личных имен Петровского
М,Логвин,,Лонгин,Разг.,"-а, м. Разг. к Лонгин (см.).",Логвина,Логвинов,Логвинова,Лонгинович,Лонгиновна,(для варианта целевого современного отчества)
М,Логвин,,Лонгин,Разг.,"-а, м. Разг. к Лонгин (см.).",Логвина,Логвинов,Логвинова,Логвинович,Логвиновна,Словарь русских личных имен Петровского
М,Логгин,,Лонгин,Вариант,"-а, м. См. Лонгин.",Логгина,Логгинов,Логгинова,Лонгинович,Лонгиновна,(для варианта целевого современного отчества)
М,Логгин,,Лонгин,Вариант,"-а, м. См. Лонгин.",Логгина,Логгинов,Логгинова,Логгинович,Логгиновна,Словарь русских личных имен Петровского
М,Логин,,Лонгин,Разг.,"-а, м. Разг. к Лонгин (см.).",Логина,Логинов,Логинова,Лонгинович,Лонгиновна,(для варианта целевого современного отчества)
М,Логин,,Лонгин,Разг.,"-а, м. Разг. к Лонгин (см.).",Логина,Логинов,Логинова,Логинович,Логиновна,Словарь русских личных имен Петровского
М,Лолий,,,,,,Лольев,Лольева,Лолиевич,Лолиевна,"(для вариантов преобразования ""старого"" отчества в ""новое"")"
М,Лолий,,,Стар. редк.,"-я, м. Стар. редк.",Лолия,Лолиев,Лолиева,Лолиевич,Лолиевна,Словарь русских личных имен Петровского
Ж,Лолия,,,,"-и, ж.",Лолии,,,,,Словарь русских личных имен Петровского
Ж,Лолла,,,,"-ы, ж.",Лоллы,,,,,Словарь русских личных имен Петровского
М,Лоллий,,,,,,Лолльев,Лолльева,Лоллиевич,Лоллиевна,"(для вариантов преобразования ""старого"" отчества в ""новое"")"
М,Лоллий,,,Стар. редк.,"-я, м. Стар. редк.",Лоллия,Лоллиев,Лоллиева,Лоллиевич,Лоллиевна,Словарь русских личных имен Петровского
М,Лонгин,Логгин,,,"-а, м. и реже Логгин, -а; разг. Логвин, -а и Логин, -а.",Лонгина,Лонгинов,Лонгинова,Лонгинович,Лонгиновна,Словарь русских личных имен Петровского
Ж,Лонгина,,,,"-ы, ж.",Лонгины,,,,,Словарь русских личных имен Петровского
М,Лоргий,,,,,,Лоргьев,Лоргьева,Лоргиевич,Лоргиевна,"(для вариантов преобразования ""старого"" отчества в ""новое"")"
М,Лоргий,,,Стар. редк.,"-я, м. Стар. редк.",Лоргия,Лоргиев,Лоргиева,Лоргиевич,Лоргиевна,Словарь русских личных имен Петровского
М,Лот,,,Стар. редк.,"-а, м. Стар. редк.",Лота,Лотов,Лотова,Лотович,Лотовна,Словарь русских личных имен Петровского
Ж,Лота,,,Стар. редк.,"-ы, ж. Стар. редк.",Лоты,,,,,Словарь русских личных имен Петровского
М,Луарсаб,,,Стар. редк.,"-а, м. Стар. редк.",Луарсаба,Луарсабов,Луарсабова,Луарсабович,Луарсабовна,Словарь русских личных имен Петровского
Ж,Луиза,,,Заимств.,"-ы, ж. Заимств.",Луизы,,,,,Словарь русских личных имен Петровского
М,Лука,,,,"-и, м.",Луки,Лукин,Лукина,Лукич,Лукинична,Словарь русских личных имен Петровского
Ж,Лукерья,,Гликерия,Народн.,"-и, ж. Народн. форма имени Гликерия (см.).",Лукерьи,,,,,Словарь русских личных имен Петровского
М,Лукиан,,Лукьян,Стар. форма имени,"-а, м. Стар. форма имени Лукьян (см.).",Лукиана,Лукианов,Лукианова,Лукьянович,Лукьяновна,(для варианта целевого современного отчества)
М,Лукиан,,Лукьян,Стар. форма имени,"-а, м. Стар. форма имени Лукьян (см.).",Лукиана,Лукианов,Лукианова,Лукьянович,Лукьяновна,Словарь русских личных имен Петровского
Ж,Лукиана,,,Стар. редк.,"-ы, ж. Стар. редк.",Лукианы,,,,,Словарь русских личных имен Петровского
М,Лукий,,,,,,Лукьев,Лукьева,Лукиевич,Лукиевна,"(для вариантов преобразования ""старого"" отчества в ""новое"")"
М,Лукий,,,Стар. редк.,"-я, м. Стар. редк.",Лукия,Лукиев,Лукиева,Лукиевич,Лукиевна,Словарь русских личных имен Петровского
М,Лукиллиан,,,Стар. редк.,"-а, м. Стар. редк.",Лукиллиана,Лукиллианов,Лукиллианова,Лукиллианович,Лукиллиановна,Словарь русских личных имен Петровского
Ж,Лукина,,,Стар. редк.,"-ы, ж. Стар. редк.",Лукины,,,,,Словарь русских личных имен Петровского
Ж,Лукия,,,Стар. редк.,"-и, ж. Стар. редк.",Лукии,,,,,Словарь русских личных имен Петровского
Ж,Лукреция,,,Заимств.,"-и, ж. Заимств.",Лукреции,,,,,Словарь русских личных имен Петровского
М,Лукьян,Лукан,,,"-а, м.; прост. Лукан, -а; стар. Лукиан, -а.",Лукьяна,Лукьянов,Лукьянова,Лукьянович,Лукьяновна,Словарь русских личных имен Петровского
М,Луп,Лупан,,,"-а, м.; прост. Лупан, -а.",Лупа,Луппов,Луппова,Лупович,Луповна,Словарь русских личных имен Петровского
М,Лучезар,,,Слав.,"-а, м. Слав.",Лучезара,Лучезаров,Лучезарова,Лучезарович,Лучезаровна,Словарь русских личных имен Петровского
Ж,Любава,,,Ст.-русск.,"-ы, ж. Ст.-русск.",Любавы,,,,,Словарь русских личных имен Петровского
М,Любим,,,Ст.-русск.,"-а, м. Ст.-русск.",Любима,Любимов,Любимова,Любимович,Любимовна,Словарь русских личных имен Петровского
Ж,Любовь,,,Слав.,"-ови, ж. Слав.",Любови,,,,,Словарь русских личных имен Петровского
Ж,Любомила,,,Слав.,"-ы, ж. Слав.",Любомилы,,,,,Словарь русских личных имен Петровского
М,Любомир,,,Слав.,"-а, м. Слав.",Любомира,Любомиров,Любомирова,Любомирович,Любомировна,Словарь русских личных имен Петровского
Ж,Любомира,,,Слав.,"-ы, ж. Слав.",Любомиры,,,,,Словарь русских личных имен Петровского
М,Людмил,,,Слав.,"-а, м. Слав.",Людмила,Людмилов,Людмилова,Людмилович,Людмиловна,Словарь русских личных имен Петровского
Ж,Людмила,,,Слав.,"-ы, ж. Слав.",Людмилы,,,,,Словарь русских личных имен Петровского
Ж,Люцея,,Люция 1,Стар.,"-и, ж. Стар. форма имени Люция 1 (см.).",Люцеи,,,,,Словарь русских личных имен Петровского
М,Люциан,,,Заимств.,"-а, м. Заимств.",Люциана,Люцианов,Люцианова,Люцианович,Люциановна,Словарь русских личных имен Петровского
М,Люций,,,Стар. редк.,"-я, м. Стар. редк.",Люция,Люциев,Люциева,Люциевич,Люциевна,Словарь русских личных имен Петровского
Ж,Люцина,,,,"-ы, ж.",Люцины,,,,,Словарь русских личных имен Петровского
Ж,Люция,Люцея,,,"-и, ж.; стар. Люцея, -и.",Люции,,,,,Словарь русских личных имен Петровского
М,Мавр,,,Стар. редк.,"-а, м. Стар. редк.",Мавра,Мавров,Маврова,Маврович,Мавровна,Словарь русских личных имен Петровского
Ж,Мавра,,,,"-ы, ж.",Мавры,,,,,Словарь русских личных имен Петровского
М,Маврикий,,,,,,Маврикьев,Маврикьева,Маврикиевич,Маврикиевна,"(для вариантов преобразования ""старого"" отчества в ""новое"")"
М,Маврикий,,,,"-я, м.",Маврикия,Маврикиев,Маврикиева,Маврикиевич,Маврикиевна,Словарь русских личных имен Петровского
М,Мавродий,,,,,,Мавродьев,Мавродьева,Мавродиевич,Мавродиевна,"(для вариантов преобразования ""старого"" отчества в ""новое"")"
М,Мавродий,,,Стар. редк.,"-я, м. Стар. редк.",Мавродия,Мавродиев,Мавродиева,Мавродиевич,Мавродиевна,Словарь русских личных имен Петровского
М,Мавсима,,,Стар. редк.,"-ы, м. Стар. редк.",Мавсимы,Мавсимин,Мавсимина,Мавсимич,Мавсимична,Словарь русских личных имен Петровского
Ж,Магда,,Магдалина,Разг.,"-ы, ж. Разг. к Магдалина (см.).",Магды,,,,,Словарь русских личных имен Петровского
Ж,Магдалина,Магда,,,"-ы, ж.; разг. Магда, -ы.",Магдалины,,,,,Словарь русских личных имен Петровского
М,Магистриан,,,Стар. редк.,"-а, м. Стар. редк.",Магистриана,Магистрианов,Магистрианова,Магистрианович,Магистриановна,Словарь русских личных имен Петровского
М,Магн,,,Стар. редк.,"-а, м. Стар. редк.",Магна,Магнов,Магнова,Магнович,Магновна,Словарь русских личных имен Петровского
Ж,Магна,,,Стар. редк.,"-ы, ж. Стар. редк.",Магны,,,,,Словарь русских личных имен Петровского
М,Магрин,,,Стар. редк.,"-а, м. Стар. редк.",Магрина,Магринов,Магринова,Магринович,Магриновна,Словарь русских личных имен Петровского
Ж,Маина,,,Нов.,"-ы, ж. Нов.",Маины,,,,,Словарь русских личных имен Петровского
Ж,Маиса,,Анимаиса,Разг.,"-ы, ж. Разг. к Анимаиса (см.).",Маисы,,,,,Словарь русских личных имен Петровского
М,Май,,,Нов.,"-я, м. Нов.",Мая,Маев,Маева,Маевич,Маевна,Словарь русских личных имен Петровского
М,Майор,,,Стар. редк.,"-а, м. Стар. редк.",Майора,Майоров,Майорова,Майорович,Майоровна,Словарь русских личных имен Петровского
Ж,Майя,,,Заимств.,"-и, ж. Заимств.",Майи,,,,,Словарь русских личных имен Петровского
М,Макар,Макарий,,,"-а, м.; стар. Макарий, -я.",Макара,Макаров,Макарова,Макарович,Макаровна,Словарь русских личных имен Петровского
М,Макарий,,Макар,Стар. форма имени,"-я, м. Стар. форма имени Макар (см.).",Макария,Макариев,Макариева,Макарович,Макаровна,(для варианта целевого современного отчества)
М,Макарий,,,,,,Макарьев,Макарьева,Макариевич,Макариевна,"(для вариантов преобразования ""старого"" отчества в ""новое"")"
М,Макарий,,Макар,Стар. форма имени,"-я, м. Стар. форма имени Макар (см.).",Макария,Макариев,Макариева,Макариевич,Макариевна,Словарь русских личных имен Петровского
М,Македон,,,Стар. редк.,"-а, м. Стар. редк.",Македона,Македонов,Македонова,Македонович,Македоновна,Словарь русских личных имен Петровского
М,Македоний,,,,,,Македоньев,Македоньева,Македониевич,Македониевна,"(для вариантов преобразования ""старого"" отчества в ""новое"")"
М,Македоний,,,Стар. редк.,"-я, м. Стар. редк.",Македония,Македониев,Македониева,Македониевич,Македониевна,Словарь русских личных имен Петровского
Ж,Макрида,,Макрина,Разг.,"-ы, ж. Разг. к Макрина (см.).",Макриды,,,,,Словарь русских личных имен Петровского
Ж,Макрина,Макрида,,,"-ы, ж.; разг. Макрида, -ы.",Макрины,,,,,Словарь русских личных имен Петровского
М,Макровий,,,,,,Макровьев,Макровьева,Макровиевич,Макровиевна,"(для вариантов преобразования ""старого"" отчества в ""новое"")"
М,Макровий,,,Стар. редк.,"-я, м. Стар. редк.",Макровия,Макровиев,Макровиева,Макровиевич,Макровиевна,Словарь русских личных имен Петровского
М,Макс,,Максим,Разг.,"-а, м. Разг. к Максим (см.).",Макса,Максов,Максова,Максимович,Максимовна,(для варианта целевого современного отчества)
М,Макс,,Максим,Разг.,"-а, м. Разг. к Максим (см.).",Макса,Максов,Максова,Максович,Максовна,Словарь русских личных имен Петровского
М,Максентий,,,,,,Максентьев,Максентьева,Максентиевич,Максентиевна,"(для вариантов преобразования ""старого"" отчества в ""новое"")"
М,Максентий,,,Стар. редк.,"-я, м. Стар. редк.",Максентия,Максентиев,Максентиева,Максентиевич,Максентиевна,Словарь русских личных имен Петровского
М,Максиан,,,Стар. редк.,"-а, м. Стар. редк.",Максиана,Максианов,Максианова,Максианович,Максиановна,Словарь русских личных имен Петровского
М,Максим,Макс,,,"-а, м.; разг. Макс, -а.",Максима,Максимов,Максимова,Максимович,Максимовна,Словарь русских личных имен Петровского
Ж,Максима,,,Стар. редк.,"-ы, ж. Стар. редк.",Максимы,,,,,Словарь русских личных имен Петровского
М,Максимиан,,,,"-а, м.",Максимиана,Максимианов,Максимианова,Максимианович,Максимиановна,Словарь русских личных имен Петровского
М,Максимилиан,Максимильян,,,"-а, м.; разг. Максимильян, -а.",Максимилиана,Максимилианов,Максимилианова,Максимилианович,Максимилиановна,Словарь русских личных имен Петровского
М,Максимильян,,Максимилиан,Разг.,"-а, м. Разг. к Максимилиан (см.).",Максимильяна,Максимильянов,Максимильянова,Максимилианович,Максимилиановна,(для варианта целевого современного отчества)
М,Максимильян,,Максимилиан,Разг.,"-а, м. Разг. к Максимилиан (см.).",Максимильяна,Максимильянов,Максимильянова,Максимильянович,Максимильяновна,Словарь русских личных имен Петровского
М,Мал,,,Стар. редк.,"-а, м. Стар. редк.",Мала,Малов,Малова,Малович,Маловна,Словарь русских личных имен Петровского
Ж,Малания,,Мелания,Народн.,"-и, ж. Народн. форма имени Мелания (см.).",Малании,,,,,Словарь русских личных имен Петровского
Ж,Маланья,,Мелания,Народн.,"-и, ж. Народн. форма имени Мелания (см.).",Маланьи,,,,,Словарь русских личных имен Петровского
М,Малахий,,,,,,Малахьев,Малахьева,Малахиевич,Малахиевна,"(для вариантов преобразования ""старого"" отчества в ""новое"")"
М,Малахий,Малафей,,,"-я, м.; прост. Малафей, -я и Малахей, -я; стар. Малахия, -и.",Малахия,Малахиев,Малахиева,Малахиевич,Малахиевна,Словарь русских личных имен Петровского
М,Малахия,,Малахий,Стар. форма имени,"-и, м. Стар. форма имени Малахий (см.).",Малахии,Малахин,Малахина,Малахиевич,Малахиевна,(для варианта целевого современного отчества)
М,Малахия,,Малахий,Стар. форма имени,"-и, м. Стар. форма имени Малахий (см.).",Малахии,Малахин,Малахина,Малахиевич,Малахиевна,Словарь русских личных имен Петровского
М,Малей,,,Стар. редк.,"-я, м. Стар. редк.",Малея,Малеев,Малеева,Малеевич,Малеевна,Словарь русских личных имен Петровского
Ж,Малина,,,Стар. редк.,"-ы, ж. Стар. редк.",Малины,,,,,Словарь русских личных имен Петровского
М,Малх,,,Стар. редк.,"-а, м. Стар. редк.",Малха,Малхов,Малхова,Малхович,Малховна,Словарь русских личных имен Петровского
Ж,Мальвина,,,Заимств.,"-ы, ж. Заимств.",Мальвины,,,,,Словарь русских личных имен Петровского
М,Мамант,,,Стар. редк.,"-а, м. Стар. редк.",Маманта,Мамантов,Мамантова,Мамантович,Мамантовна,Словарь русских личных имен Петровского
Ж,Мамелфа,Амелфа,,,"-ы, ж.; прост. Амелфа, -ы; стар. Мамелх- ва, -ы.",Мамелфы,,,,,Словарь русских личных имен Петровского
Ж,Мамелхва,,Мамелфа,Стар.,"-ы, ж. Стар. форма имени Мамелфа (см.).",Мамелхвы,,,,,Словарь русских личных имен Петровского
М,Маммий,,,,,,Маммьев,Маммьева,Маммиевич,Маммиевна,"(для вариантов преобразования ""старого"" отчества в ""новое"")"
М,Маммий,,,Стар. редк.,"-я, м. Стар. редк.",Маммия,Маммиев,Маммиева,Маммиевич,Маммиевна,Словарь русских личных имен Петровского
Ж,Манефа,Манефия,,,"-ы, ж.; разг. Манефия, -и.",Манефи,,,,,Словарь русских личных имен Петровского
Ж,Манефия,,Манефа,Разг.,"-и, ж. Разг. к Манефа (см.).",Манефии,,,,,Словарь русских личных имен Петровского
М,Мануил,Мануйла,,,"-а, м.; разг. Мануйла, -ы; стар. разг. Мануйло, -ы.",Мануила,Мануилов,Мануилова,Мануилович,Мануиловна,Словарь русских личных имен Петровского
М,Мануйла,,Мануил,Разг.,"-ы, м. Разг. к Мануил (см.).",Мануйлы,Мануйлин,Мануйлина,Мануилович,Мануиловна,(для варианта целевого современного отчества)
М,Мануйла,,Мануил,Разг.,"-ы, м. Разг. к Мануил (см.).",Мануйлы,Мануйлин,Мануйлина,Мануйлович,Мануйловна,Словарь русских личных имен Петровского
М,Мануйло,,Мануил,Стар. разг. форма имени,"-ы, м. Стар. разг. форма имени Мануил (см.).",Мануйлы,Мануйлин,Мануйлина,Мануилович,Мануиловна,(для варианта целевого современного отчества)
М,Мануйло,,Мануил,Стар. разг. форма имени,"-ы, м. Стар. разг. форма имени Мануил (см.).",Мануйлы,Мануйлин,Мануйлина,Мануйлович,Мануйловна,Словарь русских личных имен Петровского
М,Мар,,,Стар. редк.,"-а, м. Стар. редк.",Мара,Маров,Марова,Марович,Маровна,Словарь русских личных имен Петровского
Ж,Маргарита,Рита,,,"-ы, ж.; разг. Рита, -ы.",Маргариты,,,,,Словарь русских личных имен Петровского
М,Мардар,,Мардарий,Разг.,"-а, м. Разг. к Мардарий (см.).",Мардара,Мардаров,Мардарова,Мардариевич,Мардариевна,(для варианта целевого современного отчества)
М,Мардар,,Мардарий,Разг.,"-а, м. Разг. к Мардарий (см.).",Мардара,Мардаров,Мардарова,Мардарович,Мардаровна,Словарь русских личных имен Петровского
М,Мардарий,,,,,,Мардарьев,Мардарьева,Мардариевич,Мардариевна,"(для вариантов преобразования ""старого"" отчества в ""новое"")"
М,Мардарий,,,Стар. редк.,"-я, м. Стар. редк.; разг. Мардар, -а.",Мардария,Мардариев,Мардариева,Мардариевич,Мардариевна,Словарь русских личных имен Петровского
М,Мардоний,,,,,,Мардоньев,Мардоньева,Мардониевич,Мардониевна,"(для вариантов преобразования ""старого"" отчества в ""новое"")"
М,Мардоний,,,Стар. редк.,"-я, м. Стар. редк.",Мардония,Мардониев,Мардониева,Мардониевич,Мардониевна,Словарь русских личных имен Петровского
М,Марес,Маресий,,,"-а, м.; разг. Маресий, -я.",Мареса,Маресов,Маресова,Маресович,Маресовна,Словарь русских личных имен Петровского
М,Маресий,,Марес,Разг.,"-я, м. Разг. к Марес (см.).",Маресия,Маресиев,Маресиева,Маресович,Маресовна,(для варианта целевого современного отчества)
М,Маресий,,Марес,Разг.,"-я, м. Разг. к Марес (см.).",Маресия,Маресиев,Маресиева,Маресьевич,Маресьевна,Словарь русских личных имен Петровского
М,Мариав,,,Стар. редк.,"-а, м. Стар. редк.",Мариава,Мариавов,Мариавова,Мариавович,Мариавовна,Словарь русских личных имен Петровского
Ж,Мариам,,,Стар. редк.,"нескл., ж. Стар. редк.; разг. Марьям, нескл.",Мариам,,,,,Словарь русских личных имен Петровского
Ж,Мариамна,Маримьяна,,,"-ы, ж.; разг. Маримьяна, -ы.",Мариамны,,,,,Словарь русских личных имен Петровского
Ж,Мариамна,Маремьяна,,,,Мариамны,,,,,
М,Мариан,Марьян,,,"-а, м.; разг. Марьян, -а.",Мариана,Марианов,Марианова,Марианович,Мариановна,Словарь русских личных имен Петровского
Ж,Мариана,,,,"-ы, ж.",Марианы,,,,,Словарь русских личных имен Петровского
Ж,Марианна,Марьяна,,,"-ы, ж.; разг. Марьяна, -ы.",Марианны,,,,,Словарь русских личных имен Петровского
М,Марий,,,,,,Марьев,Марьева,Мариевич,Мариевна,"(для вариантов преобразования ""старого"" отчества в ""новое"")"
М,Марий,Марей,,,"-я, м.; прост. Марей, -я.",Мария,Мариев,Мариева,Мариевич,Мариевна,Словарь русских личных имен Петровского
Ж,Маримьяна,,Мариамна,Разг.,"-ы, ж. Разг. к Мариамна (см.).",Маримьяны,,,,,Словарь русских личных имен Петровского
М,Марин,,,Стар. редк.,"-а, м. Стар. редк.",Марина,Маринов,Маринова,Маринович,Мариновна,Словарь русских личных имен Петровского
Ж,Марина,,,,"-ы, ж.",Марины,,,,,Словарь русских личных имен Петровского
Ж,Марионелла,,Марионилла,Разг.,"-ы, ж. Разг. к Марионилла (см.).",Марионеллы,,,,,Словарь русских личных имен Петровского
Ж,Марионилла,Марионелла,,,"-ы, ж.; разг. Марионелла, -ы.",Мариониллы,,,,,Словарь русских личных имен Петровского
Ж,Мария,Марья,,,"-и, ж.; разг. Марья, -и; прост. Марея, -и.",Марии,,,,,Словарь русских личных имен Петровского
М,Марк,,,,"-а, м.",Марка,Марков,Маркова,Маркович,Марковна,Словарь русских личных имен Петровского
Ж,Марка,,,Стар. редк.,"-и, ж. Стар. редк.",Марки,,,,,Словарь русских личных имен Петровского
М,Маркей,,,Стар. редк.,"-я, м. Стар. редк.",Маркея,Маркеев,Маркеева,Маркеевич,Маркеевна,Словарь русских личных имен Петровского
М,Маркел,,Маркелл,Разг.,"-а, м. Разг. к Маркелл (см.).",Маркела,Маркелов,Маркелова,Маркеллович,Маркелловна,(для варианта целевого современного отчества)
М,Маркел,,Маркелл,Разг.,"-а, м. Разг. к Маркелл (см.).",Маркела,Маркелов,Маркелова,Маркелович,Маркеловна,Словарь русских личных имен Петровского
М,Маркелл,Маркел,,,"-а, м.; разг. Маркел, -а.",Маркелла,Маркеллов,Маркеллова,Маркеллович,Маркелловна,Словарь русских личных имен Петровского
М,Маркеллин,,,Стар. редк.,"-а, м. Стар. редк.",Маркеллина,Маркеллинов,Маркеллинова,Маркеллинович,Маркеллиновна,Словарь русских личных имен Петровского
Ж,Маркеллина,,,Стар. редк.,"-ы, ж. Стар. редк.",Маркеллины,,,,,Словарь русских личных имен Петровского
М,Маркиан,Маркиян,,,"-а, м.; разг. Маркиян, -а.",Маркиана,Маркианов,Маркианова,Маркианович,Маркиановна,Словарь русских личных имен Петровского
М,Маркий,,,,,,Маркьев,Маркьева,Маркиевич,Маркиевна,"(для вариантов преобразования ""старого"" отчества в ""новое"")"
М,Маркий,,,Стар. редк.,"-я, м. Стар. редк.",Маркия,Маркиев,Маркиева,Маркиевич,Маркиевна,Словарь русских личных имен Петровского
М,Маркиян,,Маркиан,Разг.,"-а, м. Разг. к Маркиан (см.).",Маркияна,Маркиянов,Маркиянова,Маркианович,Маркиановна,(для варианта целевого современного отчества)
М,Маркиян,,Маркиан,Разг.,"-а, м. Разг. к Маркиан (см.).",Маркияна,Маркиянов,Маркиянова,Маркиянович,Маркияновна,Словарь русских личных имен Петровского
М,Марлен,,,Нов.,"-а, м. Нов.",Марлена,Марленов,Марленова,Марленович,Марленовна,Словарь русских личных имен Петровского
Ж,Марлена,,,Нов.,"-ы, ж. Нов.",Марлены,,,,,Словарь русских личных имен Петровского
М,Марон,,,Стар. редк.,"-а, м. Стар. редк.",Марона,Маронов,Маронова,Маронович,Мароновна,Словарь русских личных имен Петровского
М,Марсалий,,,,,,Марсальев,Марсальева,Марсалиевич,Марсалиевна,"(для вариантов преобразования ""старого"" отчества в ""новое"")"
М,Марсалий,,,Стар. редк.,"-я, м. Стар. редк.",Марсалия,Марсалиев,Марсалиева,Марсалиевич,Марсалиевна,Словарь русских личных имен Петровского
М,Март,,,,"-а, м.",Марта,Мартов,Мартова,Мартович,Мартовна,Словарь русских личных имен Петровского
Ж,Марта,,,Заимств.,"-ы, ж. Заимств.",Марты,,,,,Словарь русских личных имен Петровского
М,Мартемьян,Мартимьян,Мартиниан,,"-а, м.; разг. Мартьян, -а; прост. Мартимьян, -а.",Мартемьяна,Мартемьянов,Мартемьянова,Мартинианович,Мартинианович,(для варианта целевого современного отчества)
М,Мартемьян,Мартимьян,Мартиниан,,"-а, м.; разг. Мартьян, -а; прост. Мартимьян, -а.",Мартемьяна,Мартемьянов,Мартемьянова,Мартемьянович,Мартемьяновна,(для варианта целевого современного отчества)
М,Мартемьян,Мартимьян,Мартиниан,,"-а, м.; разг. Мартьян, -а; прост. Мартимьян, -а.",Мартемьяна,Мартемьянов,Мартемьянова,Мартинианович,Мартиниановна,(для варианта целевого современного отчества)
М,Мартемьян,Мартимьян,Мартиниан,,"-а, м.; разг. Мартьян, -а; прост. Мартимьян, -а.",Мартемьяна,Мартемьянов,Мартемьянова,Мартемьянович,Мартемьяновна,
М,Мартиан,,,Стар. редк.,"-а, м. Стар. редк.",Мартиана,Мартианов,Мартианова,Мартианович,Мартиановна,Словарь русских личных имен Петровского
М,Мартимьян,Мартемьян,Мартиниан,,"-а, м.; разг. Мартьян, -а; прост. Мартимьян, -а.",Мартимьяна,Мартимьянов,Мартимьянова,Мартимьянович,Мартимьяновна,(для варианта целевого современного отчества)
М,Мартимьян,Мартемьян,Мартиниан,,"-а, м.; разг. Мартьян, -а; прост. Мартимьян, -а.",Мартимьяна,Мартимьянов,Мартимьянова,Мартимьянович,Мартимьяновна,
М,Мартин,Мартын,,,"-а, м.; разг. Мартын, -а.",Мартина,Мартинов,Мартинова,Мартинович,Мартиновна,Словарь русских личных имен Петровского
Ж,Мартина,,,,"-ы, ж.",Мартины,,,,,Словарь русских личных имен Петровского
М,Мартиниан,Мартьян,,,"-а, м.; разг. Мартьян, -а; прост. Мартимьян, -а.",Мартиниана,Мартинианов,Мартинианова,Мартинианович,Мартиниановна,Словарь русских личных имен Петровского
Ж,Мартиниана,,,,"-ы, ж.",Мартинианы,,,,,Словарь русских личных имен Петровского
М,Мартирий,,,,,,Мартирьев,Мартирьева,Мартириевич,Мартириевна,"(для вариантов преобразования ""старого"" отчества в ""новое"")"
М,Мартирий,,,Стар. редк.,"-я, м. Стар. редк.",Мартирия,Мартириев,Мартириева,Мартириевич,Мартириевна,Словарь русских личных имен Петровского
М,Мартын,,Мартин,Разг.,"-а, м. Разг. к Мартин (см.).",Мартына,Мартынов,Мартынова,Мартинович,Мартиновна,(для варианта целевого современного отчества)
М,Мартын,,Мартин,Разг.,"-а, м. Разг. к Мартин (см.).",Мартына,Мартынов,Мартынова,Мартынович,Мартыновна,Словарь русских личных имен Петровского
М,Мартьян,,Мартиниан,Разг.,"-а, м. Разг. к Мартиниан (см.).",Мартьяна,Мартьянов,Мартьянова,Мартинианович,Мартиниановна,(для варианта целевого современного отчества)
М,Мартьян,,Мартиниан,Разг.,"-а, м. Разг. к Мартиниан (см.).",Мартьяна,Мартьянов,Мартьянова,Мартьянович,Мартьяновна,Словарь русских личных имен Петровского
М,Маруф,,,Стар. редк.,"-а, м. Стар. редк.",Маруфа,Маруфов,Маруфова,Маруфович,Маруфовна,Словарь русских личных имен Петровского
Ж,Марфа,,,,"-ы, ж.",Марфы,,,,,Словарь русских личных имен Петровского
Ж,Марцеллина,,,,"-ы, ж.",Марцеллины,,,,,Словарь русских личных имен Петровского
Ж,Марья,,Мария,Разг.,"-и, ж. Разг. к Мария (см.).",Марьи,,,,,Словарь русских личных имен Петровского
М,Марьян,,Мариан,Разг.,"-а, м. Разг. к Мариан (см.).",Марьяна,Марьянов,Марьянова,Марианович,Мариановна,(для варианта целевого современного отчества)
М,Марьян,,Мариан,Разг.,"-а, м. Разг. к Мариан (см.).",Марьяна,Марьянов,Марьянова,Марьянович,Марьяновна,Словарь русских личных имен Петровского
Ж,Марьяна,,Марианна,Разг.,"-ы, ж. Разг. к Марианна (см.).",Марьяны,,,,,Словарь русских личных имен Петровского
Ж,Мастридия,,,Стар. редк.,"-и, ж. Стар. редк.",Мастридии,,,,,Словарь русских личных имен Петровского
М,Масут,,,Стар. редк.,"-а, м. Стар. редк.",Масута,Масутов,Масутова,Масутович,Масутовна,Словарь русских личных имен Петровского
М,Матвей,Матфей,,,"-я, м.; стар. Матфей, -я и Матфий, -я.",Матвея,Матвеев,Матвеева,Матвеевич,Матвеевна,Словарь русских личных имен Петровского
Ж,Матильда,,,Заимств.,"-ы, ж. Заимств.",Матильды,,,,,Словарь русских личных имен Петровского
Ж,Матрена,Матрёна,Матрона,Народн.,"-ы, ж. Народн. форма имени Матрона (см.).",Матрены,,,,,Словарь русских личных имен Петровского
Ж,Матрона,Матрена,,,"-ы, ж.; народн. Матрёна, -ы.",Матроны,,,,,Словарь русских личных имен Петровского
М,Матфей,,Матвей,Стар. форма имени,"-я, м. Стар. форма имени Матвей (см.).",Матфея,Матфеев,Матфеева,Матвеевич,Матвеевна,(для варианта целевого современного отчества)
М,Матфей,,Матвей,Стар. форма имени,"-я, м. Стар. форма имени Матвей (см.).",Матфея,Матфеев,Матфеева,Матфеевич,Матфеевна,Словарь русских личных имен Петровского
М,Матфий,,Матвей,Стар. форма имени,"-я, м. Стар. форма имени Матвей (см.).",Матфия,Матфиев,Матфиева,Матвеевич,Матвеевна,(для варианта целевого современного отчества)
М,Матфий,,Матвей,Стар. форма имени,"-я, м. Стар. форма имени Матвей (см.).",Матфия,Матфиев,Матфиева,Матфиевич,Матфиевна,Словарь русских личных имен Петровского
Ж,Мая,,,Нов.,"-и, ж. Нов.",Маи,,,,,Словарь русских личных имен Петровского
М,Медимн,,,Стар. редк.,"-а, м. Стар. редк.",Медимна,Медимнов,Медимнова,Медимнович,Медимновна,Словарь русских личных имен Петровского
Ж,Мелания,Малания,,,"-и, ж.; народн. Малания, -и и Маланья, -и; разг. Меланья, -и.",Мелании,,,,,Словарь русских личных имен Петровского
Ж,Меланья,,Мелания,Разг.,"-и, ж. Разг. к Мелания (см.).",Меланьи,,,,,Словарь русских личных имен Петровского
М,Мелентий,,Мелетий,Разг.,"-я, м. Разг. к Мелетий (см.).",Мелентия,Мелентиев,Мелентиева,Мелетиевич,Мелетиевна,(для варианта целевого современного отчества)
М,Мелентий,,,,,,Мелентьев,Мелентьева,Мелентиевич,Мелентиевна,"(для вариантов преобразования ""старого"" отчества в ""новое"")"
М,Мелентий,,Мелетий,Разг.,"-я, м. Разг. к Мелетий (см.).",Мелентия,Мелентиев,Мелентиева,Мелентиевич,Мелентиевна,Словарь русских личных имен Петровского
М,Мелетий,,,,,,Мелетьев,Мелетьева,Мелетиевич,Мелетиевна,"(для вариантов преобразования ""старого"" отчества в ""новое"")"
М,Мелетий,Мелентий,,,"-я, м.; разг. Мелентий, -я.",Мелетия,Мелетиев,Мелетиева,Мелетиевич,Мелетиевна,Словарь русских личных имен Петровского
М,Мелиссен,,,Стар. редк.,"-а, м. Стар. редк.",Мелиссена,Мелиссенов,Мелиссенова,Мелиссенович,Мелиссеновна,Словарь русских личных имен Петровского
Ж,Мелитина,,,,"-ы, ж.",Мелитины,,,,,Словарь русских личных имен Петровского
М,Мелитон,,,Стар. редк.,"-а, м. Стар. редк.",Мелитона,Мелитонов,Мелитонова,Мелитонович,Мелитоновна,Словарь русских личных имен Петровского
М,Мелхиор,,,Стар. редк.,"-а, м. Стар. редк.",Мелхиора,Мелхиоров,Мелхиорова,Мелхиорович,Мелхиоровна,Словарь русских личных имен Петровского
М,Мемнон,,,Стар. редк.,"-а, м. Стар. редк.",Мемнона,Мемнонов,Мемнонова,Мемнонович,Мемноновна,Словарь русских личных имен Петровского
М,Менандр,,,Стар. редк.,"-а, м. Стар. редк.",Менандра,Менандров,Менандрова,Менандрович,Менандровна,Словарь русских личных имен Петровского
М,Меней,,,Стар. редк.,"-я, м. Стар. редк.",Менея,Менеев,Менеева,Менеевич,Менеевна,Словарь русских личных имен Петровского
М,Менелай,,,Стар. редк.,"-я, м. Стар. редк.",Менелая,Менелаев,Менелаева,Менелаевич,Менелаевна,Словарь русских личных имен Петровского
М,Менигн,,,Стар. редк.,"-а, м. Стар. редк.",Менигна,Менигнов,Менигнова,Менигнович,Менигновна,Словарь русских личных имен Петровского
М,Меркул,,Меркурий,Разг.,"-а, м. Разг. к Меркурий (см.).",Меркула,Меркулов,Меркулова,Меркуриевич,Меркуриевна,(для варианта целевого современного отчества)
М,Меркул,,Меркурий,Разг.,"-а, м. Разг. к Меркурий (см.).",Меркула,Меркулов,Меркулова,Меркулович,Меркуловна,Словарь русских личных имен Петровского
М,Меркурий,,,,,,Меркурьев,Меркурьева,Меркуриевич,Меркуриевна,"(для вариантов преобразования ""старого"" отчества в ""новое"")"
М,Меркурий,Меркул,,,"-я, м.; разг. Меркул, -а.",Меркурия,Меркуриев,Меркуриева,Меркуриевич,Меркуриевна,Словарь русских личных имен Петровского
Ж,Меркурия,,,Стар. редк.,"-и, ж. Стар. редк.",Меркурии,,,,,Словарь русских личных имен Петровского
Ж,Мерона,,,Стар. редк.,"-ы, ж. Стар. редк.",Мероны,,,,,Словарь русских личных имен Петровского
М,Мертий,,,,,,Мертьев,Мертьева,Мертиевич,Мертиевна,"(для вариантов преобразования ""старого"" отчества в ""новое"")"
М,Мертий,,,Стар. редк.,"-я, м. Стар. редк.",Мертия,Мертиев,Мертиева,Мертиевич,Мертиевна,Словарь русских личных имен Петровского
М,Мефодий,,,,,,Мефодьев,Мефодьева,Мефодиевич,Мефодиевна,"(для вариантов преобразования ""старого"" отчества в ""новое"")"
М,Мефодий,Нефед,,,"-я, м.; народн. Нефёд, -а.",Мефодия,Мефодиев,Мефодиева,Мефодиевич,Мефодиевна,Словарь русских личных имен Петровского
М,Мечислав,,,Слав.,"-а, м. Слав.",Мечислава,Мечиславов,Мечиславова,Мечиславович,Мечиславовна,Словарь русских личных имен Петровского
М,Мигдоний,,,,,,Мигдоньев,Мигдоньева,Мигдониевич,Мигдониевна,"(для вариантов преобразования ""старого"" отчества в ""новое"")"
М,Мигдоний,,,Стар. редк.,"-я, м. Стар. редк.",Мигдония,Мигдониев,Мигдониева,Мигдониевич,Мигдониевна,Словарь русских личных имен Петровского
М,Милан,,,Слав. редк.,"-а, м. Слав. редк.",Милана,Миланов,Миланова,Миланович,Милановна,Словарь русских личных имен Петровского
Ж,Милана,,,Слав. редк.,"-ы, ж. Слав. редк.",Миланы,,,,,Словарь русских личных имен Петровского
М,Милен,,,Слав. редк.,"-а, м. Слав. редк.",Милена,Миленов,Миленова,Миленович,Миленовна,Словарь русских личных имен Петровского
Ж,Милена,,,Слав. редк.,"-ы, ж. Слав. редк.",Милены,,,,,Словарь русских личных имен Петровского
М,Милетий,,,,,,Милетьев,Милетьева,Милетиевич,Милетиевна,"(для вариантов преобразования ""старого"" отчества в ""новое"")"
М,Милетий,,,Стар. редк.,"-я, м. Стар. редк.",Милетия,Милетиев,Милетиева,Милетиевич,Милетиевна,Словарь русских личных имен Петровского
М,Милий,,,,,,Мильев,Мильева,Милиевич,Милиевна,"(для вариантов преобразования ""старого"" отчества в ""новое"")"
М,Милий,,,,"-я, м.",Милия,Милиев,Милиева,Милиевич,Милиевна,Словарь русских личных имен Петровского
Ж,Милица,,,Слав.,"-ы, ж. Слав.",Милицы,,,,,Словарь русских личных имен Петровского
Ж,Милия,Милья,,,"-и, ж.",Милии,,,,,Словарь русских личных имен Петровского
М,Милован,,,Слав. редк.,"-а, м. Слав. редк.",Милована,Милованов,Милованова,Милованович,Миловановна,Словарь русских личных имен Петровского
М,Милонег,,,Ст.-русск. редк.,"-а, м. Ст.-русск. редк.",Милонега,Милонегов,Милонегова,Милонегович,Милонеговна,Словарь русских личных имен Петровского
М,Милорад,,,Слав. редк.,"-а, м. Слав. редк.",Милорада,Милорадов,Милорадова,Милорадович,Милорадовна,Словарь русских личных имен Петровского
М,Милослав,,,Слав. редк.,"-а, м. Слав. редк.",Милослава,Милославов,Милославова,Милославович,Милославовна,Словарь русских личных имен Петровского
Ж,Милослава,,,Слав. редк.,"-ы, ж. Слав. редк.",Милославы,,,,,Словарь русских личных имен Петровского
М,Милютин,,,Слав. редк.,"-а, м. Слав. редк.",Милютина,Милютинов,Милютинова,Милютинович,Милютиновна,Словарь русских личных имен Петровского
Ж,Милютина,,,Слав. редк.,"-ы, ж. Слав. редк.",Милютины,,,,,Словарь русских личных имен Петровского
М,Мина,Минай,,,"-ы, м.; разг. Минай, -я.",Мины,Минин,Минина,Минич,Минична,Словарь русских личных имен Петровского
М,Минай,,Мина,Разг.,"-я, м. Разг. к Мина (см.).",Миная,Минаев,Минаева,Минич,Минична,(для варианта целевого современного отчества)
М,Минай,,Мина,Разг.,"-я, м. Разг. к Мина (см.).",Миная,Минаев,Минаева,Минаевич,Минаевна,Словарь русских личных имен Петровского
М,Миней,,,Стар. редк.,"-я, м. Стар. редк.",Минея,Минеев,Минеева,Минеевич,Минеевна,Словарь русских личных имен Петровского
М,Минеон,,,Стар. редк.,"-а, м. Стар. редк.",Минеона,Минеонов,Минеонова,Минеонович,Минеоновна,Словарь русских личных имен Петровского
Ж,Минодора,Милодора,,,"-ы, ж.; прост. Милодора, -ы.",Минодоры,,,,,Словарь русских личных имен Петровского
М,Минсифей,,,Стар. редк.,"-я, м. Стар. редк.",Минсифея,Минсифеев,Минсифеева,Минсифеевич,Минсифеевна,Словарь русских личных имен Петровского
М,Мир,,,Слав. редк.,"-а, м. Слав. редк.",Мира,Миров,Мирова,Мирович,Мировна,Словарь русских личных имен Петровского
Ж,Мира,,,Слав. редк.,"-ы, ж. Слав. редк.",Миры,,,,,Словарь русских личных имен Петровского
М,Миракс,,,Стар. редк.,"-а, м. Стар. редк.",Миракса,Мираксов,Мираксова,Мираксович,Мираксовна,Словарь русских личных имен Петровского
М,Миролюб,,,Слав. редк.,"-а, м. Слав. редк.",Миролюба,Миролюбов,Миролюбова,Миролюбович,Миролюбовна,Словарь русских личных имен Петровского
М,Мирон,,,,"-а, м.",Мирона,Миронов,Миронова,Миронович,Мироновна,Словарь русских личных имен Петровского
Ж,Миропия,,,,"-и, ж.",Миропии,,,,,Словарь русских личных имен Петровского
М,Мирослав,,,Слав. редк.,"-а, м. Слав. редк.",Мирослава,Мирославов,Мирославова,Мирославович,Мирославовна,Словарь русских личных имен Петровского
Ж,Мирослава,,,Слав.,"-ы, ж. Слав.",Мирославы,,,,,Словарь русских личных имен Петровского
Ж,Мирра,,,Заимств.,"-ы, ж. Заимств.",Мирры,,,,,Словарь русских личных имен Петровского
М,Мисаил,,,Стар. редк.,"-а, м. Стар. редк.",Мисаила,Мисаилов,Мисаилова,Мисаилович,Мисаиловна,Словарь русских личных имен Петровского
М,Митрий,,Дмитрий,Разг.,"-я, м. Разг. к Дмитрий (см.).",Митрия,Митриев,Митриева,Дмитриевич,Дмитриевна,(для варианта целевого современного отчества)
М,Митрий,,Дмитрий,Разг.,"-я, м. Разг. к Дмитрий (см.).",Митрия,Митриев,Митриева,Митриевич,Митриевна,Словарь русских личных имен Петровского
М,Митродор,,,Стар. редк.,"-а, м. Стар. редк.",Митродора,Митродоров,Митродорова,Митродорович,Митродоровна,Словарь русских личных имен Петровского
Ж,Митродора,,,Стар. редк.,"-ы, ж. Стар. редк.",Митродоры,,,,,Словарь русских личных имен Петровского
М,Митрофан,Митрофаний,,,"-а, м.; разг. Митрофаний, -я.",Митрофана,Митрофанов,Митрофанова,Митрофанович,Митрофановна,Словарь русских личных имен Петровского
М,Митрофаний,,Митрофан,Разг.,"-я, м. Разг. к Митрофан (см.).",Митрофания,Митрофаниев,Митрофаниева,Митрофанович,Митрофановна,(для варианта целевого современного отчества)
М,Митрофаний,,,,,,Митрофаньев,Митрофаньева,Митрофаниевич,Митрофаниевна,"(для вариантов преобразования ""старого"" отчества в ""новое"")"
М,Митрофаний,,Митрофан,Разг.,"-я, м. Разг. к Митрофан (см.).",Митрофания,Митрофаниев,Митрофаниева,Митрофаниевич,Митрофаниевна,Словарь русских личных имен Петровского
М,Михаил,Михайла,,,"-а, м.; разг. Михайла, -ы; стар. разг. Михайло, -ы.",Михаила,Михайлов,Михайлова,Михайлович,Михайловна,Словарь русских личных имен Петровского
М,Михайла,,Михаил,Разг.,"-ы, м. Разг. к Михаил (см.).",Михайлы,Михайлин,Михайлина,Михаилович,Михаиловна,(для варианта целевого современного отчества)
М,Михайла,,Михаил,Разг.,"-ы, м. Разг. к Михаил (см.).",Михайлы,Михайлин,Михайлина,Михайлович,Михайловна,Словарь русских личных имен Петровского
Ж,Михайлина,,,,"-ы, ж.",Михайлины,,,,,Словарь русских личных имен Петровского
М,Михайло,,Михаил,Стар. разг. форма имени,"-ы, м. Стар. разг. форма имени Михаил (см.).",Михайлы,Михайлин,Михайлина,Михаилович,Михаиловна,(для варианта целевого современного отчества)
М,Михайло,,Михаил,Стар. разг. форма имени,"-ы, м. Стар. разг. форма имени Михаил (см.).",Михайлы,Михайлин,Михайлина,Михайлович,Михайловна,Словарь русских личных имен Петровского
М,Михей,,,,"-я, м.",Михея,Михеев,Михеева,Михеевич,Михеевна,Словарь русских личных имен Петровского
М,Модест,,,,"-а, м.",Модеста,Модестов,Модестова,Модестович,Модестовна,Словарь русских личных имен Петровского
Ж,Модеста,,,Стар. редк.,"-ы, ж. Стар. редк.",Модесты,,,,,Словарь русских личных имен Петровского
Ж,Моика,Моико,,Редк.,"-и, ж. Редк.; стар. Моико, -и.",Моики,,,,,Словарь русских личных имен Петровского
Ж,Моико,,Моика,Стар.,"-и, ж. Стар. форма имени Моика (см.).",Моики,,,,,Словарь русских личных имен Петровского
М,Моисей,Мосей,,,"-я, м.; прост. Мосей 2, -я.",Моисея,Моисеев,Моисеева,Моисеевич,Моисеевна,Словарь русских личных имен Петровского
М,Мокей,Мокий,,,"-я, м.; стар. Мокий, -я.",Мокея,Мокеев,Мокеева,Мокеевич,Мокеевна,Словарь русских личных имен Петровского
М,Мокий,,Мокей,Стар. форма имени,"-я, м. Стар. форма имени Мокей (см.).",Мокия,Мокиев,Мокиева,Мокеевич,Мокеевна,(для варианта целевого современного отчества)
М,Мокий,,,,,,Мокьев,Мокьева,Мокиевич,Мокиевна,"(для вариантов преобразования ""старого"" отчества в ""новое"")"
М,Мокий,,Мокей,Стар. форма имени,"-я, м. Стар. форма имени Мокей (см.).",Мокия,Мокиев,Мокиева,Мокиевич,Мокиевна,Словарь русских личных имен Петровского
Ж,Моника,,,Заимств.,"-и, ж. Заимств.",Моники,,,,,Словарь русских личных имен Петровского
М,Мосей,,,Стар. редк.,"-я, м. Стар. редк.",Мосея,Мосеев,Мосеева,Мосеевич,Мосеевна,Словарь русских личных имен Петровского
М,Мстислав,,,Слав.,"-а, м. Слав.",Мстислава,Мстиславов,Мстиславова,Мстиславович,Мстиславовна,Словарь русских личных имен Петровского
Ж,Мстислава,,,Слав.,"-ы, ж. Слав.",Мстиславы,,,,,Словарь русских личных имен Петровского
Ж,Муза,,,,"-ы, ж.",Музы,,,,,Словарь русских личных имен Петровского
М,Мукиан,,,Стар. редк.,"-а, м. Стар. редк.",Мукиана,Мукианов,Мукианова,Мукианович,Мукиановна,Словарь русских личных имен Петровского
Ж,Мулиера,,,Стар. редк.,"-ы, ж. Стар. редк.",Мулиеры,,,,,Словарь русских личных имен Петровского
М,Навкратий,,,,,,Навкратьев,Навкратьева,Навкратиевич,Навкратиевна,"(для вариантов преобразования ""старого"" отчества в ""новое"")"
М,Навкратий,,,Стар. редк.,"-я, м. Стар. редк.",Навкратия,Навкратиев,Навкратиева,Навкратиевич,Навкратиевна,Словарь русских личных имен Петровского
Ж,Нада,,,Стар. редк.,"-ы, ж. Стар. редк.",Нады,,,,,Словарь русских личных имен Петровского
Ж,Надежда,,,Слав.,"-ы, ж. Слав.",Надежды,,,,,Словарь русских личных имен Петровского
М,Назар,Назарий,,,"-а, м.; стар. Назарий, -я.",Назара,Назаров,Назарова,Назарович,Назаровна,Словарь русских личных имен Петровского
М,Назарий,,Назар,Стар. форма имени,"-я, м. Стар. форма имени Назар (см.).",Назария,Назариев,Назариева,Назарович,Назаровна,(для варианта целевого современного отчества)
М,Назарий,,,,,,Назарьев,Назарьева,Назариевич,Назариевна,"(для вариантов преобразования ""старого"" отчества в ""новое"")"
М,Назарий,,Назар,Стар. форма имени,"-я, м. Стар. форма имени Назар (см.).",Назария,Назариев,Назариева,Назариевич,Назариевна,Словарь русских личных имен Петровского
М,Наль,,,Заимств.,"-я, м. Заимств.",Наля,Налев,Налева,Налевич,Налевна,Словарь русских личных имен Петровского
Ж,Нана,,,,"-ы, ж.",Наны,,,,,Словарь русских личных имен Петровского
М,Наполеон,,,,"-а, м.",Наполеона,Наполеонов,Наполеонова,Наполеонович,Наполеоновна,Словарь русских личных имен Петровского
М,Наркисс,,,,"-а, м.",Наркисса,Наркиссов,Наркиссова,Наркиссович,Наркиссовна,Словарь русских личных имен Петровского
Ж,Наркисса,,,,"-ы, ж.",Наркиссы,,,,,Словарь русских личных имен Петровского
М,Нарс,,,Стар. редк.,"-а, м. Стар. редк.",Нарса,Нарсов,Нарсова,Нарсович,Нарсовна,Словарь русских личных имен Петровского
М,Нарцисс,,,Нов.,"-а, м. Нов.",Нарцисса,Нарциссов,Нарциссова,Нарциссович,Нарциссовна,Словарь русских личных имен Петровского
М,Настас,,Анастасий,Разг.,"-а, м. Разг. к Анастасий (см.).",Настаса,Настасов,Настасова,Анастасиевич,Анастасиевна,(для варианта целевого современного отчества)
М,Настас,,Анастасий,Разг.,"-а, м. Разг. к Анастасий (см.).",Настаса,Настасов,Настасова,Настасович,Настасовна,Словарь русских личных имен Петровского
М,Настасий,,Анастасий,Разг.,"-я, м. Разг. к Анастасий (см.).",Настасия,Настасиев,Настасиева,Анастасиевич,Анастасиевна,(для варианта целевого современного отчества)
М,Настасий,,,,,,Настасьев,Настасьева,Настасиевич,Настасиевна,"(для вариантов преобразования ""старого"" отчества в ""новое"")"
М,Настасий,,Анастасий,Разг.,"-я, м. Разг. к Анастасий (см.).",Настасия,Настасиев,Настасиева,Настасиевич,Настасиевна,Словарь русских личных имен Петровского
Ж,Настасия,,Анастасия,Разг.,"-и, ж. Разг. к Анастасия (см.).",Настасии,,,,,Словарь русских личных имен Петровского
Ж,Настасья,,Анастасия,Разг.,"-и, ж. Разг. к Анастасия (см.).",Настасьи,,,,,Словарь русских личных имен Петровского
М,Наталий,,,,,,Натальев,Натальева,Наталиевич,Наталиевна,"(для вариантов преобразования ""старого"" отчества в ""новое"")"
М,Наталий,,,Стар. редк.,"-я, м. Стар. редк.",Наталия,Наталиев,Наталиева,Наталиевич,Наталиевна,Словарь русских личных имен Петровского
Ж,Наталия,Наталья,,,"-и, ж.; разг. Наталья, -и.",Наталии,,,,,Словарь русских личных имен Петровского
Ж,Наталья,,,Разг.,"-и, ж. Разг. к Наталия (см.).",Натальи,,,,,Словарь русских личных имен Петровского
М,Натан,,,Заимств.,"-а, м. Заимств.",Натана,Натанов,Натанова,Натанович,Натановна,Словарь русских личных имен Петровского
М,Наум,,,,"-а, м.",Наума,Наумов,Наумова,Наумович,Наумовна,Словарь русских личных имен Петровского
М,Нафан,,,Стар. редк.,"-а, м. Стар. редк.",Нафана,Нафанов,Нафанова,Нафанович,Нафановна,Словарь русских личных имен Петровского
М,Нафанаил,,,,"-а, м.",Нафанаила,Нафанаилов,Нафанаилова,Нафанаилович,Нафанаиловна,Словарь русских личных имен Петровского
М,Неемия,,,Стар. редк.,"-и, м. Стар. редк.",Неемии,Неемин,Неемина,Неемиич,Неемиична,Словарь русских личных имен Петровского
М,Нектарий,,,,,,Нектарьев,Нектарьева,Нектариевич,Нектариевна,"(для вариантов преобразования ""старого"" отчества в ""новое"")"
М,Нектарий,,,Стар. редк.,"-я, м. Стар. редк.",Нектария,Нектариев,Нектариева,Нектариевич,Нектариевна,Словарь русских личных имен Петровского
Ж,Ненила,,Неонилла,Разг.,"-ы, ж. Разг. к Неонилла (см.).",Ненилы,,,,,Словарь русских личных имен Петровского
М,Неон,,,Стар. редк.,"-а, м. Стар. редк.",Неона,Неонов,Неонова,Неонович,Неоновна,Словарь русских личных имен Петровского
Ж,Неонила,,Неонилла,Разг.,"-ы, ж. Разг. к Неонилла (см.).",Неонилы,,,,,Словарь русских личных имен Петровского
Ж,Неонилла,Неонила,,,"-ы, ж.; разг. Неонила, -ы и Ненила, -ы; прост. Неолина, -ы.",Неониллы,,,,,Словарь русских личных имен Петровского
М,Неофит,,,Стар. редк.,"-а, м. Стар. редк.",Неофита,Неофитов,Неофитова,Неофитович,Неофитовна,Словарь русских личных имен Петровского
М,Нестер,,Нестор,Разг.,"-а, м. Разг. к Нестор (см.).",Нестера,Нестеров,Нестерова,Несторович,Несторовна,(для варианта целевого современного отчества)
М,Нестер,,Нестор,Разг.,"-а, м. Разг. к Нестор (см.).",Нестера,Нестеров,Нестерова,Нестерович,Нестеровна,Словарь русских личных имен Петровского
М,Нестор,Нестер,,,"-а, м.; разг. Нестер 2, -а.",Нестора,Несторов,Несторова,Несторович,Несторовна,Словарь русских личных имен Петровского
М,Нефёд,Нефед,Мефодий,Народн. форма имени,"-а, м. Народн. форма имени Мефодий (см.).",Нефёда,Нефёдов,Нефёдова,Мефодиевич,Мефодиевна,(для варианта целевого современного отчества)
М,Нефёд,Нефед,Мефодий,Народн. форма имени,"-а, м. Народн. форма имени Мефодий (см.).",Нефеда,Нефедов,Нефедова,Мефодиевич,Мефодиевна,(для варианта целевого современного отчества)
М,Нефёд,Нефед,Мефодий,Народн. форма имени,"-а, м. Народн. форма имени Мефодий (см.).",Нефеда,Нефедов,Нефедова,Нефедович,Нефедовна,(для вариантов е/ё в отчествах)
М,Нефёд,Нефед,Мефодий,Народн. форма имени,"-а, м. Народн. форма имени Мефодий (см.).",Нефёда,Нефёдов,Нефёдова,Нефёдович,Нефёдовна,Словарь русских личных имен Петровского
М,Нигер,,,Стар. редк.,"-а, м. Стар. редк.",Нигера,Нигеров,Нигерова,Нигерович,Нигеровна,Словарь русских личных имен Петровского
Ж,Нида,,,Стар. редк.,"-ы, ж. Стар. редк.",Ниды,,,,,Словарь русских личных имен Петровского
Ж,Ника,,,,"-и, ж.",Ники,,,,,Словарь русских личных имен Петровского
М,Никандр,Никандра,,,"-а, м.; прост. Никандра, -ы.",Никандра,Никандров,Никандрова,Никандрович,Никандровна,Словарь русских личных имен Петровского
М,Никанор,,,,"-а, м.",Никанора,Никаноров,Никанорова,Никанорович,Никаноровна,Словарь русских личных имен Петровского
М,Никий,,,Стар. редк.,"-я, м. Стар. редк.",Никия,Никиев,Никиева,Никиевич,Никиевна,Словарь русских личных имен Петровского
М,Никита,,,,,Никиты,Никитов,Никитова,Никитич,Никитична,-
М,Никита,Никитий,,,"-ы, м.; разг. Никитий, -я; прост. Микита, -ы.",Никиты,Никитин,Никитина,Никитич,Никитична,Словарь русских личных имен Петровского
М,Никитий,,Никита,Разг.,"-я, м. Разг. к Никита 1 (см.).",Никития,Никитиев,Никитиева,Никитич,Никитична,(для варианта целевого современного отчества)
М,Никитий,,,,,,Никитьев,Никитьева,Никитьевич,Никитьевна,"(для вариантов преобразования ""старого"" отчества в ""новое"")"
М,Никитий,,Никита,Разг.,"-я, м. Разг. к Никита 1 (см.).",Никития,Никитиев,Никитиева,Никитьевич,Никитьевна,Словарь русских личных имен Петровского
М,Никифор,Микифор,,,"-а, м.; прост. Микифор, -а.",Никифора,Никифоров,Никифорова,Никифорович,Никифоровна,Словарь русских личных имен Петровского
М,Никодим,,,,"-а, м.",Никодима,Никодимов,Никодимова,Никодимович,Никодимовна,Словарь русских личных имен Петровского
М,Никола,,Николай,Народн. форма имени,"-ы, м. Народн. форма имени Николай (см.).",Николы,Николин,Николина,Николаевич,Николаевна,(для варианта целевого современного отчества)
М,Никола,,Николай,Народн. форма имени,"-ы, м. Народн. форма имени Николай (см.).",Николы,Николин,Николина,Николич,Николична,Словарь русских личных имен Петровского
М,Никола,,,Стар. редк.,"-ы, м. Стар. редк.",Николы,Николин,Николина,Николич,Николична,Словарь русских личных имен Петровского
М,Николай,Никола,,,"-я, м.; народн. Никола 2, -ы; прост. Миколай, -я и Микола, -ы.",Николая,Николаев,Николаева,Николаевич,Николаевна,Словарь русских личных имен Петровского
М,Никон,,,,"-а, м.",Никона,Никонов,Никонова,Никонович,Никоновна,Словарь русских личных имен Петровского
М,Никонор,,Никанор,,,Никонора,Никоноров,Никонорова,Никанорович,Никаноровна,
М,Никострат,,,Стар. редк.,"-а, м. Стар. редк.",Никострата,Никостратов,Никостратова,Никостратович,Никостратовна,Словарь русских личных имен Петровского
М,Никтополион,,,Стар. редк.,"-а, м. Стар. редк.",Никтополиона,Никтополионов,Никтополионова,Никтополионович,Никтополионовна,Словарь русских личных имен Петровского
М,Нил,,,,"-а, м.",Нила,Нилов,Нилова,Нилович,Ниловна,Словарь русских личных имен Петровского
Ж,Нила,,,,"-ы, ж.",Нилы,,,,,Словарь русских личных имен Петровского
Ж,Нимфа,,,,"-ы, ж.",Нимфы,,,,,Словарь русских личных имен Петровского
Ж,Нимфодора,,,Стар. редк.,"-ы, ж. Стар. редк.",Нимфодоры,,,,,Словарь русских личных имен Петровского
Ж,Нина,,,,"-ы, ж.",Нины,,,,,Словарь русских личных имен Петровского
Ж,Нинель,,,Нов.,"-и, ж. Нов.",Нинели,,,,,Словарь русских личных имен Петровского
М,Нирей,,,Стар. редк.,"-я, м. Стар. редк.",Нирея,Ниреев,Ниреева,Ниреевич,Ниреевна,Словарь русских личных имен Петровского
М,Нирс,Нирса,,Редк.,"-а, м. Редк.; стар. Нирса, -ы.",Нирса,Нирсов,Нирсова,Нирсович,Нирсовна,Словарь русских личных имен Петровского
М,Нирса,,Нирс,Стар. форма имени,"-ы, м. Стар. форма имени Нирс (см.).",Нирсы,Нирсин,Нирсина,Нирсович,Нирсовна,(для варианта целевого современного отчества)
М,Нирса,,Нирс,Стар. форма имени,"-ы, м. Стар. форма имени Нирс (см.).",Нирсы,Нирсин,Нирсина,Нирсович,Нирсовна,Словарь русских личных имен Петровского
М,Нит,,,Стар. редк.,"-а, м. Стар. редк.",Нита,Нитов,Нитова,Нитович,Нитовна,Словарь русских личных имен Петровского
М,Нифонт,Нифантий,,,"-а, м.; прост. Нифантий, -я.",Нифонта,Нифонтов,Нифонтова,Нифонтович,Нифонтовна,Словарь русских личных имен Петровского
Ж,Новелла,,,,"-ы, ж.",Новеллы,,,,,Словарь русских личных имен Петровского
М,Новомир,,,Нов.,"-а, м. Нов.",Новомира,Новомиров,Новомирова,Новомирович,Новомировна,Словарь русских личных имен Петровского
М,Ной,,,Стар. редк.,"-я, м. Стар. редк.",Ноя,Ноев,Ноева,Ноевич,Ноевна,Словарь русских личных имен Петровского
М,Нонн,,,Стар. редк.,"-а, м. Стар. редк.",Нонна,Ноннов,Ноннова,Ноннович,Нонновна,Словарь русских личных имен Петровского
Ж,Нонна,,,,"-ы, ж.",Нонны,,,,,Словарь русских личных имен Петровского
Ж,Ноябрина,,,Нов.,"-ы, ж. Нов.",Ноябрины,,,,,Словарь русских личных имен Петровского
Ж,Нунехия,,,Стар. редк.,"-и, ж. Стар. редк.",Нунехии,,,,,Словарь русских личных имен Петровского
М,Океан,,,Стар. редк.,"-а, м. Стар. редк.",Океана,Океанов,Океанова,Океанович,Океановна,Словарь русских личных имен Петровского
Ж,Оксана,,,,"-ы, ж.",Оксаны,,,,,Словарь русских личных имен Петровского
М,Октавиан,,,Заимств.,"-а, м. Заимств.",Октавиана,Октавианов,Октавианова,Октавианович,Октавиановна,Словарь русских личных имен Петровского
М,Октавий,,,,,,Октавьев,Октавьева,Октавиевич,Октавиевна,"(для вариантов преобразования ""старого"" отчества в ""новое"")"
М,Октавий,,,Стар. редк.,"-я, м. Стар. редк.",Октавия,Октавиев,Октавиева,Октавиевич,Октавиевна,Словарь русских личных имен Петровского
Ж,Октавия,,,Стар. редк.,"-и, ж. Стар. редк.",Октавии,,,,,Словарь русских личных имен Петровского
М,Октябрин,,,Нов.,"-а, м. Нов.",Октябрина,Октябринов,Октябринова,Октябринович,Октябриновна,Словарь русских личных имен Петровского
Ж,Октябрина,,,Нов.,"-ы, ж. Нов.",Октябрины,,,,,Словарь русских личных имен Петровского
М,Олвиан,,Ольвиан,Стар. форма имени,"-а, м. Стар. форма имени Ольвиан (см.).",Олвиана,Олвианов,Олвианова,Ольвианович,Ольвиановна,(для варианта целевого современного отчества)
М,Олвиан,,Ольвиан,Стар. форма имени,"-а, м. Стар. форма имени Ольвиан (см.).",Олвиана,Олвианов,Олвианова,Олвианович,Олвиановна,Словарь русских личных имен Петровского
Ж,Олда,,Ольда,Стар.,"-ы, ж. Стар. форма имени Ольда (см.).",Олды,,,,,Словарь русских личных имен Петровского
Ж,Олдама,,,Стар. редк.,"-ы, ж. Стар. редк.",Олдамы,,,,,Словарь русских личных имен Петровского
М,Олег,,,,"-а, м.",Олега,Олегов,Олегова,Олегович,Олеговна,Словарь русских личных имен Петровского
М,Олимп,,,Стар. редк.,"-а, м. Стар. редк.",Олимпа,Олимпов,Олимпова,Олимпович,Олимповна,Словарь русских личных имен Петровского
М,Олимпан,,,Стар. редк.,"-а, м. Стар. редк.",Олимпана,Олимпанов,Олимпанова,Олимпанович,Олимпановна,Словарь русских личных имен Петровского
М,Олимпиад,,,Стар. редк.,"-а, м. Стар. редк.",Олимпиада,Олимпиадов,Олимпиадова,Олимпиадович,Олимпиадовна,Словарь русских личных имен Петровского
Ж,Олимпиада,Липиада,,,"-ы, ж.; прост. Липиада, -ы.",Олимпиады,,,,,Словарь русских личных имен Петровского
М,Олимпиан,,,Стар. редк.,"-а, м. Стар. редк.",Олимпиана,Олимпианов,Олимпианова,Олимпианович,Олимпиановна,Словарь русских личных имен Петровского
М,Олимпий,,,,,,Олимпьев,Олимпьева,Олимпиевич,Олимпиевна,"(для вариантов преобразования ""старого"" отчества в ""новое"")"
М,Олимпий,,,,"-я, м.",Олимпия,Олимпиев,Олимпиева,Олимпиевич,Олимпиевна,Словарь русских личных имен Петровского
Ж,Олимпиодора,,,Стар. редк.,"-ы, ж. Стар. редк.",Олимпиодоры,,,,,Словарь русских личных имен Петровского
Ж,Олимпия,,,,"-и, ж.",Олимпии,,,,,Словарь русских личных имен Петровского
М,Ольвиан,Олвиан,,Редк.,"-а, м. Редк.; стар. Олвиан, -а.",Ольвиана,Ольвианов,Ольвианова,Ольвианович,Ольвиановна,Словарь русских личных имен Петровского
Ж,Ольга,,,,"-и, ж.",Ольги,,,,,Словарь русских личных имен Петровского
Ж,Ольда,Олда,,Редк.,"-ы, ж. Редк.; стар. Олда, -ы.",Ольды,,,,,Словарь русских личных имен Петровского
М,Онисий,,,,,,Онисьев,Онисьева,Онисиевич,Онисиевна,"(для вариантов преобразования ""старого"" отчества в ""новое"")"
М,Онисий,,,Стар. редк.,"-я, м. Стар. редк.",Онисия,Онисиев,Онисиева,Онисиевич,Онисиевна,Словарь русских личных имен Петровского
М,Онисим,Анисим,,,"-а, м.; разг. Анисим, -а и Анис 2, -а.",Онисима,Онисимов,Онисимова,Онисимович,Онисимовна,Словарь русских личных имен Петровского
М,Онисифор,Нисифор,,Стар. редк.,"-а, м. Стар. редк.; прост. Нисифор, -а и Анцифер, -а.",Онисифора,Онисифоров,Онисифорова,Онисифорович,Онисифоровна,Словарь русских личных имен Петровского
М,Онуфрий,Ануфрий,,,"-я, м.; разг. Ануфрий, -я.",Онуфрия,Онуфриев,Онуфриева,Онуфриевич,Онуфриевна,Словарь русских личных имен Петровского
М,Ор,,,Стар. редк.,"-а, м. Стар. редк.",Ора,Оров,Орова,Орович,Оровна,Словарь русских личных имен Петровского
М,Орентий,,,,,,Орентьев,Орентьева,Орентиевич,Орентиевна,"(для вариантов преобразования ""старого"" отчества в ""новое"")"
М,Орентий,,,Стар. редк.,"-я, м. Стар. редк.",Орентия,Орентиев,Орентиева,Орентиевич,Орентиевна,Словарь русских личных имен Петровского
М,Орест,,,,-а. м.,Ореста,Орестов,Орестова,Орестович,Орестовна,Словарь русских личных имен Петровского
М,Орион,,,Стар. редк.,"-а, м. Стар. редк.",Ориона,Орионов,Орионова,Орионович,Орионовна,Словарь русских личных имен Петровского
М,Осип,,Иосиф,Народн.,"-а, м. Народн. форма имени Иосиф (см.).",Осипа,Осипов,Осипова,Иосифович,Иосифовна,(для варианта целевого современного отчества)
М,Осип,,Иосиф,Народн.,"-а, м. Народн. форма имени Иосиф (см.).",Осипа,Осипов,Осипова,Осипович,Осиповна,Словарь русских личных имен Петровского
М,Осия,,,Стар. редк.,"-и, м. Стар. редк.",Осии,Осин,Осина,Осиевич,Осиевна,Словарь русских личных имен Петровского
М,Остап,,,,"-а, м.",Остапа,Остапов,Остапова,Остапович,Остаповна,Словарь русских личных имен Петровского
М,Острихий,,,,,,Острихьев,Острихьева,Острихиевич,Острихиевна,"(для вариантов преобразования ""старого"" отчества в ""новое"")"
М,Острихий,,,Стар. редк.,"-я, м. Стар. редк.",Острихия,Острихиев,Острихиева,Острихиевич,Острихиевна,Словарь русских личных имен Петровского
М,Остромир,,,Ст.-русск. редк.,"-а, м. Ст.-русск. редк.",Остромира,Остромиров,Остромирова,Остромирович,Остромировна,Словарь русских личных имен Петровского
М,Павел,,,,"-вла, м.",Павла,Павлов,Павлова,Павлович,Павловна,Словарь русских личных имен Петровского
Ж,Павла,,,,"-ы, ж.",Павлы,,,,,Словарь русских личных имен Петровского
М,Павлин,,,,"-а, м.",Павлина,Павлинов,Павлинова,Павлинович,Павлиновна,Словарь русских личных имен Петровского
Ж,Павлина,Павла,,,"-ы, ж.; разг. Павла 2, -ы.",Павлины,,,,,Словарь русских личных имен Петровского
М,Павсикакий,,,,,,Павсикакьев,Павсикакьева,Павсикакиевич,Павсикакиевна,"(для вариантов преобразования ""старого"" отчества в ""новое"")"
М,Павсикакий,,,Стар. редк.,"-я, м. Стар. редк.",Павсикакия,Павсикакиев,Павсикакиева,Павсикакиевич,Павсикакиевна,Словарь русских личных имен Петровского
М,Павсилип,,,Стар. редк.,"-а, м. Стар. редк.",Павсилипа,Павсилипов,Павсилипова,Павсилипович,Павсилиповна,Словарь русских личных имен Петровского
М,Паисий,,,,,,Паисьев,Паисьева,Паисиевич,Паисиевна,"(для вариантов преобразования ""старого"" отчества в ""новое"")"
М,Паисий,,,Стар. редк.,"-я, м. Стар. редк.",Паисия,Паисиев,Паисиева,Паисиевич,Паисиевна,Словарь русских личных имен Петровского
Ж,Паисия,,,Редк.,"-и, ж. Редк.",Паисии,,,,,Словарь русских личных имен Петровского
М,Пактовий,,,,,,Пактовьев,Пактовьева,Пактовиевич,Пактовиевна,"(для вариантов преобразования ""старого"" отчества в ""новое"")"
М,Пактовий,,,Стар. редк.,"-я, м. Стар. редк.",Пактовия,Пактовиев,Пактовиева,Пактовиевич,Пактовиевна,Словарь русских личных имен Петровского
М,Паламон,Палемон,,Стар. редк.,"-а, м. и Палемон, -а. Стар. редк.",Паламона,Паламонов,Паламонова,Паламонович,Паламоновна,Словарь русских личных имен Петровского
М,Палатин,,,Стар. редк.,"-а, м. Стар. редк.",Палатина,Палатинов,Палатинова,Палатинович,Палатиновна,Словарь русских личных имен Петровского
М,Палемон,,Паламон,Вариант,"-а, м. См. Паламон.",Палемона,Палемонов,Палемонова,Паламонович,Паламоновна,(для варианта целевого современного отчества)
М,Палемон,,Паламон,Вариант,"-а, м. См. Паламон.",Палемона,Палемонов,Палемонова,Палемонович,Палемоновна,Словарь русских личных имен Петровского
Ж,Паллада,,,Стар. редк.,"-ы, ж. Стар. редк.",Паллады,,,,,Словарь русских личных имен Петровского
М,Палладий,,,,,,Палладьев,Палладьева,Палладиевич,Палладиевна,"(для вариантов преобразования ""старого"" отчества в ""новое"")"
М,Палладий,,,,"-я, м.",Палладия,Палладиев,Палладиева,Палладиевич,Палладиевна,Словарь русских личных имен Петровского
Ж,Палладия,,,Стар. редк.,"-и, ж. Стар. редк.",Палладии,,,,,Словарь русских личных имен Петровского
Ж,Пальмира,,,Заимств.,"-ы, ж. Заимств.",Пальмиры,,,,,Словарь русских личных имен Петровского
М,Памфалон,,,Стар. редк.,"-а, м. Стар. редк.",Памфалона,Памфалонов,Памфалонова,Памфалонович,Памфалоновна,Словарь русских личных имен Петровского
М,Памфамир,,,Стар. редк.,"-а, м. Стар. редк.",Памфамира,Памфамиров,Памфамирова,Памфамирович,Памфамировна,Словарь русских личных имен Петровского
М,Памфил,Панфил,,,"-а, м.; разг. Панфил, -а и Памфилий, -я; прост. Панфилий, -я.",Памфила,Памфилов,Памфилова,Памфилович,Памфиловна,Словарь русских личных имен Петровского
М,Памфилий,,Памфил,Разг.,"-я, м. Разг. к Памфил (см.).",Памфилия,Памфилиев,Памфилиева,Памфилович,Памфиловна,(для варианта целевого современного отчества)
М,Памфилий,,,,,,Памфильев,Памфильева,Памфильевич,Памфильевна,"(для вариантов преобразования ""старого"" отчества в ""новое"")"
М,Памфилий,,Памфил,Разг.,"-я, м. Разг. к Памфил (см.).",Памфилия,Памфилиев,Памфилиева,Памфильевич,Памфильевна,Словарь русских личных имен Петровского
М,Панкрат,,Панкратий,Вариант,"-а, м. См. Панкратий.",Панкрата,Панкратов,Панкратова,Панкратиевич,Панкратиевна,(для варианта целевого современного отчества)
М,Панкрат,,Панкратий,Вариант,"-а, м. См. Панкратий.",Панкрата,Панкратов,Панкратова,Панкратович,Панкратовна,Словарь русских личных имен Петровского
М,Панкратий,,,,,,Панкратьев,Панкратьева,Панкратиевич,Панкратиевна,"(для вариантов преобразования ""старого"" отчества в ""новое"")"
М,Панкратий,Панкрат,,,"-я, м. и реже Панкрат, -а.",Панкратия,Панкратиев,Панкратиева,Панкратиевич,Панкратиевна,Словарь русских личных имен Петровского
М,Пансофий,,,,,,Пансофьев,Пансофьева,Пансофиевич,Пансофиевна,"(для вариантов преобразования ""старого"" отчества в ""новое"")"
М,Пансофий,,,Стар. редк.,"-я, м. Стар. редк.",Пансофия,Пансофиев,Пансофиева,Пансофиевич,Пансофиевна,Словарь русских личных имен Петровского
М,Пантелеимон,Пантелей,,,"-а, м.; народн. Пантелей, -я; разг. Пантелеймон, -а; прост. Пантелимон, -а.",Пантелеимона,Пантелеимонов,Пантелеимонова,Пантелеимович,Пантелеимовна,Словарь русских личных имен Петровского
М,Пантелей,,Пантелеимон,Народн. форма имени,"-я, м. Народн. форма имени Пантелеимон (см.).",Пантелея,Пантелеев,Пантелеева,Пантелеимонович,Пантелеимоновна,(для варианта целевого современного отчества)
М,Пантелей,,Пантелеимон,Народн. форма имени,"-я, м. Народн. форма имени Пантелеимон (см.).",Пантелея,Пантелеев,Пантелеева,Пантелеевич,Пантелеевна,Словарь русских личных имен Петровского
М,Пантелеймон,,Пантелеимон,Разг.,"-а, м. Разг. к Пантелеимон (см.).",Пантелеймона,Пантелеймона,Пантелеймонов,Пантелеимонович,Пантелеимоновна,(для варианта целевого современного отчества)
М,Пантелеймон,,Пантелеимон,Разг.,"-а, м. Разг. к Пантелеимон (см.).",Пантелеймона,Пантелеймона,Пантелеймонов,Пантелеймонова,Пантелеймоновна,Словарь русских личных имен Петровского
М,Панфил,,Памфил,Разг.,"-а, м. Разг. к Памфил (см.).",Панфила,Панфилов,Панфилова,Памфилович,Памфиловна,(для варианта целевого современного отчества)
М,Панфил,,Памфил,Разг.,"-а, м. Разг. к Памфил (см.).",Панфила,Панфилов,Панфилова,Панфилович,Панфиловна,Словарь русских личных имен Петровского
М,Панхарий,,,,,,Панхарьев,Панхарьева,Панхариевич,Панхариевна,"(для вариантов преобразования ""старого"" отчества в ""новое"")"
М,Панхарий,,,Стар. редк.,"-я, м. Стар. редк.",Панхария,Панхариев,Панхариева,Панхариевич,Панхариевна,Словарь русских личных имен Петровского
М,Папа,,,Стар. редк.,"-ы, м. Стар. редк.",Папы,Папин,Папина,Папич,Папична,Словарь русских личных имен Петровского
М,Папий,,,,,,Папьев,Папьева,Папиевич,Папиевна,"(для вариантов преобразования ""старого"" отчества в ""новое"")"
М,Папий,,,Стар. редк.,"-я, м. Стар. редк.",Папия,Папиев,Папиева,Папиевич,Папиевна,Словарь русских личных имен Петровского
М,Папила,,,Стар. редк.,"-ы, м. Стар. редк.",Папилы,Папилин,Папилина,Папилич,Папилична,Словарь русских личных имен Петровского
М,Парамон,,,,"-а, м.",Парамона,Парамонов,Парамонова,Парамонович,Парамоновна,Словарь русских личных имен Петровского
Ж,Параскева,,Прасковья,Стар.,"-ы, ж. Стар. форма имени Прасковья (см.).",Параскевы,,,,,Словарь русских личных имен Петровского
Ж,Парасковья,,Прасковья,Разг.,"-и, ж. Разг. к Прасковья (см.).",Парасковьи,,,,,Словарь русских личных имен Петровского
М,Пард,,,Стар. редк.,"-а, м. Стар. редк.",Парда,Пардов,Пардова,Пардович,Пардовна,Словарь русских личных имен Петровского
М,Паригорий,,,,,,Паригорьев,Паригорьева,Паригориевич,Паригориевна,"(для вариантов преобразования ""старого"" отчества в ""новое"")"
М,Паригорий,,,Стар. редк.,"-я, м. Стар. редк.",Паригория,Паригориев,Паригориева,Паригориевич,Паригориевна,Словарь русских личных имен Петровского
М,Пармен,Пармён,,,"-а, м.; разг. Пармён, -а.",Пармена,Парменов,Парменова,Парменович,Парменовна,Словарь русских личных имен Петровского
М,Пармений,,,,,,Парменьев,Парменьева,Пармениевич,Пармениевна,"(для вариантов преобразования ""старого"" отчества в ""новое"")"
М,Пармений,,,Стар. редк.,"-я, м. Стар. редк.",Пармения,Пармениев,Пармениева,Пармениевич,Пармениевна,Словарь русских личных имен Петровского
М,Парод,,,Стар. редк.,"-а, м. Стар. редк.",Парода,Пародов,Пародова,Пародович,Пародовна,Словарь русских личных имен Петровского
М,Парфен,,Парфён,Стар. форма имени,"-а, м. Стар. форма имени Парфён 1 (см.).",Парфена,Парфенов,Парфенова,Парфёнович,Парфёновна,(для варианта целевого современного отчества)
М,Парфен,,Парфён,Стар. форма имени,"-а, м. Стар. форма имени Парфён 1 (см.).",Парфена,Парфенов,Парфенова,Парфенович,Парфеновна,Словарь русских личных имен Петровского
М,Парфений,Парфён,,,,Парфения,Парфенов,Парфенова,Парфеньевич,Парфеньевна,"(для вариантов преобразования ""старого"" отчества в ""новое"")"
М,Парфений,Парфентий,,,"-я, м. разг. Парфён 2, -а; прост. Парфентий 2, -я.",Парфения,Парфенов,Парфенова,Парфениевич,Парфениевна,Словарь русских личных имен Петровского
М,Пасикрат,,,Стар. редк.,"-а, м. Стар. редк.",Пасикрата,Пасикратов,Пасикратова,Пасикратович,Пасикратовна,Словарь русских личных имен Петровского
М,Пассарион,,,Стар. редк.,"-а, м. Стар. редк.",Пассариона,Пассарионов,Пассарионова,Пассарионович,Пассарионовна,Словарь русских личных имен Петровского
М,Патапий,,Потап,Стар. форма имени,"-я, м. Стар. форма имени Потап (см.).",Патапия,Патапиев,Патапиева,Потапович,Потаповна,(для варианта целевого современного отчества)
М,Патапий,,,,,,Патапьев,Патапьева,Патапиевич,Патапиевна,"(для вариантов преобразования ""старого"" отчества в ""новое"")"
М,Патапий,,Потап,Стар. форма имени,"-я, м. Стар. форма имени Потап (см.).",Патапия,Патапиев,Патапиева,Патапиевич,Патапиевна,Словарь русских личных имен Петровского
М,Патермуфий,,,,,,Патермуфьев,Патермуфьева,Патермуфиевич,Патермуфиевна,"(для вариантов преобразования ""старого"" отчества в ""новое"")"
М,Патермуфий,,,Стар. редк.,"-я, м. Стар. редк.",Патермуфия,Патермуфиев,Патермуфиева,Патермуфиевич,Патермуфиевна,Словарь русских личных имен Петровского
М,Патрикей,,Патрикий,Разг.,"-я, м. Разг. к Патрикий (см.).",Патрикея,Патрикеев,Патрикеева,Патрикиевич,Патрикиевна,(для варианта целевого современного отчества)
М,Патрикей,,Патрикий,Разг.,"-я, м. Разг. к Патрикий (см.).",Патрикея,Патрикеев,Патрикеева,Патрикеевич,Патрикеевна,Словарь русских личных имен Петровского
Ж,Патрикея,,Патрикия,Разг.,"-и, ж. Разг. к Патрикия (см.).",Патрикеи,,,,,Словарь русских личных имен Петровского
М,Патрикий,Патрикей,,,"-я, м.; разг. Патрикей, -я.",Патрикия,Патрикиев,Патрикиева,Патрикиевич,Патрикиевна,Словарь русских личных имен Петровского
Ж,Патрикия,Патрикея,,,"-и, ж.; разг. Патрикея, -и.",Патрикии,,,,,Словарь русских личных имен Петровского
М,Патров,,,Стар. редк.,"-а, м. Стар. редк.",Патрова,Патровов,Патровова,Патровович,Патрововна,Словарь русских личных имен Петровского
М,Патрокл,,,Стар. редк.,"-а, м. Стар. редк.",Патрокла,Патроклов,Патроклова,Патроклович,Патрокловна,Словарь русских личных имен Петровского
М,Пафнутий,,,,,,Пафнутьев,Пафнутьева,Пафнутиевич,Пафнутиевна,"(для вариантов преобразования ""старого"" отчества в ""новое"")"
М,Пафнутий,Панфутий,,,"-я, м.; прост. Панфутий, -я.",Пафнутия,Пафнутиев,Пафнутиева,Пафнутиевич,Пафнутиевна,Словарь русских личных имен Петровского
М,Пахом,Пахомий,,,"-а, м.; стар. Пахомий, -я.",Пахома,Пахомов,Пахомова,Пахомович,Пахомовна,Словарь русских личных имен Петровского
М,Пахомий,,Пахом,Стар. форма имени,"-я, м. Стар. форма имени Пахом (см.).",Пахомия,Пахомиев,Пахомиева,Пахомович,Пахомовна,(для варианта целевого современного отчества)
М,Пахомий,,,,,,Пахомьев,Пахомьева,Пахомиевич,Пахомиевна,"(для вариантов преобразования ""старого"" отчества в ""новое"")"
М,Пахомий,,Пахом,Стар. форма имени,"-я, м. Стар. форма имени Пахом (см.).",Пахомия,Пахомиев,Пахомиева,Пахомиевич,Пахомиевна,Словарь русских личных имен Петровского
М,Пегас,,Пигасий,Разг.,"-а, м. Разг. к Пигасий (см.).",Пегаса,Пегасов,Пегасова,Пигасиевич,Пигасиевна,(для варианта целевого современного отчества)
М,Пегас,,Пигасий,Разг.,"-а, м. Разг. к Пигасий (см.).",Пегаса,Пегасов,Пегасова,Пегасович,Пегасовна,Словарь русских личных имен Петровского
М,Пелагей,Палагей,,,"-я, м.; прост. Палагей, -я; стар. Пелагий, -я.",Пелагея,Пелагеев,Пелагеева,Пелагеевич,Пелагеевна,Словарь русских личных имен Петровского
Ж,Пелагея,Палагея,,,"-и, ж.; прост. Палагея, -и; стар. Пелагия, -и.",Пелагеи,,,,,Словарь русских личных имен Петровского
М,Пелагий,,Пелагей,Стар. форма имени,"-я, м. Стар. форма имени Пелагей (см.).",Пелагия,Пелагиев,Пелагиева,Пелагеевич,Пелагеевна,(для варианта целевого современного отчества)
М,Пелагий,,,,,,Пелагьев,Пелагьева,Пелагиевич,Пелагиевна,"(для вариантов преобразования ""старого"" отчества в ""новое"")"
М,Пелагий,,Пелагей,Стар. форма имени,"-я, м. Стар. форма имени Пелагей (см.).",Пелагия,Пелагиев,Пелагиева,Пелагиевич,Пелагиевна,Словарь русских личных имен Петровского
Ж,Пелагия,,Пелагея,Стар.,"-и, ж. Стар. форма имени Пелагея (см.).",Пелагии,,,,,Словарь русских личных имен Петровского
М,Пелей,,,Стар. редк.,"-я, м. Стар. редк.",Пелея,Пелеев,Пелеева,Пелеевич,Пелеевна,Словарь русских личных имен Петровского
М,Пелий,,,,,,Пельев,Пельева,Пелиевич,Пелиевна,"(для вариантов преобразования ""старого"" отчества в ""новое"")"
М,Пелий,,,Стар. редк.,"-я, м. Стар. редк.",Пелия,Пелиев,Пелиева,Пелиевич,Пелиевна,Словарь русских личных имен Петровского
М,Пеон,,,Стар. редк.,"-а, м. Стар. редк.",Пеона,Пеонов,Пеонова,Пеонович,Пеоновна,Словарь русских личных имен Петровского
М,Перегрин,,,Стар. редк.,"-а, м. Стар. редк.",Перегрина,Перегринов,Перегринова,Перегринович,Перегриновна,Словарь русских личных имен Петровского
Ж,Перегрина,,,Стар. редк.,"-ы, ж. Стар. редк.",Перегрины,,,,,Словарь русских личных имен Петровского
М,Пересвет,,,Ст.-русск.,"-а, м. Ст.-русск.",Пересвета,Пересветов,Пересветова,Пересветович,Пересветовна,Словарь русских личных имен Петровского
М,Перпетуй,,,Стар. редк.,"-я, м. Стар. редк.",Перпетуя,Перпетуев,Перпетуева,Перпетуевич,Перпетуевна,Словарь русских личных имен Петровского
Ж,Перпетуя,,,Стар. редк.,"-и, ж. Стар. редк.",Перпетуи,,,,,Словарь русских личных имен Петровского
М,Перфил,Порфир,,Прост.,"-а, м. Прост. к Порфирий (см.).",Перфила,Перфилов,Перфилова,Перфилович,Перфиловна,Словарь русских личных имен Петровского
М,Петр,Пётр,,Стар. форма имени,"-а, м. Стар. форма имени Пётр (см.).",Петра,Петров,Петрова,Петрович,Петровна,Словарь русских личных имен Петровского
Ж,Петра,,,,"-ы, ж.",Петры,,,,,Словарь русских личных имен Петровского
Ж,Петрина,,,,"-ы, ж.",Петрины,,,,,Словарь русских личных имен Петровского
М,Петроний,,,,,,Петроньев,Петроньева,Петрониевич,Петрониевна,"(для вариантов преобразования ""старого"" отчества в ""новое"")"
М,Петроний,,,Стар. редк.,"-я, м. Стар. редк.",Петрония,Петрониев,Петрониева,Петрониевич,Петрониевна,Словарь русских личных имен Петровского
Ж,Петронилла,,,Стар. редк.,"-ы, ж. Стар. редк.",Петрониллы,,,,,Словарь русских личных имен Петровского
Ж,Петрония,,,Стар. редк.,"-и, ж. Стар. редк.",Петронии,,,,,Словарь русских личных имен Петровского
Ж,Пиама,,,Стар. редк.,"-ы, ж. Стар. редк.",Пиамы,,,,,Словарь русских личных имен Петровского
М,Пигасий,,,,,,Пигасьев,Пигасьева,Пигасиевич,Пигасиевна,"(для вариантов преобразования ""старого"" отчества в ""новое"")"
М,Пигасий,,,Стар. редк.,"-я, м. Стар. редк.; разг. Пегас, -а.",Пигасия,Пигасиев,Пигасиева,Пигасиевич,Пигасиевна,Словарь русских личных имен Петровского
М,Пимен,,,,"-а, м.",Пимена,Пименов,Пименова,Пименович,Пименовна,Словарь русских личных имен Петровского
М,Пинна,,,Стар. редк.,"-ы, м. Стар. редк.",Пинны,Пиннин,Пиннина,Пиннич,Пиннична,Словарь русских личных имен Петровского
М,Пиннуфрий,,,Стар. редк.,"-я, м. Стар. редк.",Пиннуфрия,Пиннуфриев,Пиннуфриева,Пиннуфриевич,Пиннуфриевна,Словарь русских личных имен Петровского
М,Пион,,,Стар. редк.,"-а, м. Стар. редк.",Пиона,Пионов,Пионова,Пионович,Пионовна,Словарь русских личных имен Петровского
М,Пионий,,,Стар. редк.,"-я, м. Стар. редк.",Пиония,Пиониев,Пиониева,Пиониевич,Пиониевна,Словарь русских личных имен Петровского
М,Пиор,,,Стар. редк.,"-а, м. Стар. редк.",Пиора,Пиоров,Пиорова,Пиорович,Пиоровна,Словарь русских личных имен Петровского
М,Пирр,,,Стар. редк.,"-а, м. Стар. редк.",Пирра,Пирров,Пиррова,Пиррович,Пирровна,Словарь русских личных имен Петровского
М,Пист,,,Стар. редк.,"-а, м. Стар. редк.",Писта,Пистов,Пистова,Пистович,Пистовна,Словарь русских личных имен Петровского
М,Питирим,,,Стар. редк.,"-а, м. Стар. редк.",Питирима,Питиримов,Питиримова,Питиримович,Питиримовна,Словарь русских личных имен Петровского
М,Питирун,,,Стар. редк.,"-а, м. Стар. редк.",Питируна,Питирунов,Питирунова,Питирунович,Питируновна,Словарь русских личных имен Петровского
Ж,Плакилла,Плакида,,Стар. редк.,"-ы, ж. Стар. редк.; прост. Плакида, -ы.",Плакиллы,,,,,Словарь русских личных имен Петровского
М,Платон,,,,"-а, м.",Платона,Платонов,Платонова,Платонович,Платоновна,Словарь русских личных имен Петровского
Ж,Платонида,,,,"-ы, ж.",Платониды,,,,,Словарь русских личных имен Петровского
М,Плутарх,,,Стар. редк.,"-а, м. Стар. редк.",Плутарха,Плутархов,Плутархова,Плутархович,Плутарховна,Словарь русских личных имен Петровского
Ж,Победа,,,Нов.,"-ы, ж. Нов.",Победы,,,,,Словарь русских личных имен Петровского
Ж,Полактия,,,Стар. редк.,"-и, ж. Стар. редк.",Полактии,,,,,Словарь русских личных имен Петровского
М,Полиевкт,Полуэкт,,,"-а, м.; народн. Полуэкт, -а; разг. Полиект, -а; прост. Полуект, -а.",Полиевкта,Полиевктов,Полиевктова,Полиевктович,Полиевктовна,Словарь русских личных имен Петровского
М,Полиект,,Полиевкт,Разг.,"-а, м. Разг. к Полиевкт (см.).",Полиекта,Полиектов,Полиектова,Полиевктович,Полиевктовна,(для варианта целевого современного отчества)
М,Полиект,,Полиевкт,Разг.,"-а, м. Разг. к Полиевкт (см.).",Полиекта,Полиектов,Полиектова,Полиектович,Полиектовна,Словарь русских личных имен Петровского
М,Полиен,,,,"-а, м.",Полиена,Полиенов,Полиенова,Полиенович,Полиеновна,Словарь русских личных имен Петровского
М,Поликарп,Поликарпий,,,"-а, м.; разг. Поликарпий, -я.",Поликарпа,Поликарпов,Поликарпова,Поликарпович,Поликарповна,Словарь русских личных имен Петровского
М,Поликарпий,,Поликарп,Разг.,"-я, м. Разг. к Поликарп (см.).",Поликарпия,Поликарпиев,Поликарпиева,Поликарпович,Поликарповна,(для варианта целевого современного отчества)
М,Поликарпий,,,,,,Поликарпьев,Поликарпьева,Поликарпиевич,Поликарпиевна,"(для вариантов преобразования ""старого"" отчества в ""новое"")"
М,Поликарпий,,Поликарп,Разг.,"-я, м. Разг. к Поликарп (см.).",Поликарпия,Поликарпиев,Поликарпиева,Поликарпиевич,Поликарпиевна,Словарь русских личных имен Петровского
Ж,Поликсена,,Поликсения,Разг.,"-ы, ж. Разг. к Поликсения (см.).",Поликсены,,,,,Словарь русских личных имен Петровского
Ж,Поликсения,Поликсена,,,"-и, ж.; разг. Поликсена, -ы и Ксения 2, -и.",Поликсении,,,,,Словарь русских личных имен Петровского
Ж,Полина,Аполлинария,,Разг. форма имени,"-ы, ж. Разг. форма имени Аполлинария (см.), ставшая документальной.",Полины,,,,,Словарь русских личных имен Петровского
М,Полиодор,,,Стар. редк.,"-а, м. Стар. редк.",Полиодора,Полиодоров,Полиодорова,Полиодорович,Полиодоровна,Словарь русских личных имен Петровского
М,Полихроний,,,,,,Полихроньев,Полихроньева,Полихрониевич,Полихрониевна,"(для вариантов преобразования ""старого"" отчества в ""новое"")"
М,Полихроний,,,Стар. редк.,"-я, м. Стар. редк.",Полихрония,Полихрониев,Полихрониева,Полихрониевич,Полихрониевна,Словарь русских личных имен Петровского
М,Полувий,,,,,,Полувьев,Полувьева,Полувиевич,Полувиевна,"(для вариантов преобразования ""старого"" отчества в ""новое"")"
М,Полувий,,,Стар. редк.,"-я, м. Стар. редк.",Полувия,Полувиев,Полувиева,Полувиевич,Полувиевна,Словарь русских личных имен Петровского
М,Полуэкт,,Полиевкт,Народн. форма имени,"-а, м. Народн. форма имени Полиевкт (см.).",Полуэкта,Полуэктов,Полуэктова,Полиевктович,Полиевктовна,(для варианта целевого современного отчества)
М,Полуэкт,,Полиевкт,Народн. форма имени,"-а, м. Народн. форма имени Полиевкт (см.).",Полуэкта,Полуэктов,Полуэктова,Полуэктович,Полуэктовна,Словарь русских личных имен Петровского
М,Помпей,,,Стар. редк.,"-я, м. Стар. редк.",Помпея,Помпеев,Помпеева,Помпеевич,Помпеевна,Словарь русских личных имен Петровского
М,Помпий,,,Стар. редк.,"-я, м. Стар. редк.",Помпия,Помпиев,Помпиева,Помпиевич,Помпиевна,Словарь русских личных имен Петровского
М,Понтий,,,,,,Понтьев,Понтьева,Понтиевич,Понтиевна,"(для вариантов преобразования ""старого"" отчества в ""новое"")"
М,Понтий,,,Стар. редк.,"-я, м. Стар. редк.",Понтия,Понтиев,Понтиева,Понтиевич,Понтиевна,Словарь русских личных имен Петровского
М,Поплий,,,Стар. редк.,"-я, м. Стар. редк.",Поплия,Поплиев,Поплиева,Поплиевич,Поплиевна,Словарь русских личных имен Петровского
Ж,Поплия,,,Стар. редк.,"-и, ж. Стар. редк.",Поплии,,,,,Словарь русских личных имен Петровского
М,Порфир,,Порфирий,Разг.,"-а, м. Разг. к Порфирий (см.).",Порфира,Порфиров,Порфирова,Порфириевич,Порфириевна,(для варианта целевого современного отчества)
М,Порфир,,Порфирий,Разг.,"-а, м. Разг. к Порфирий (см.).",Порфира,Порфиров,Порфирова,Порфирович,Порфировна,Словарь русских личных имен Петровского
М,Порфирий,,,,,,Порфирьев,Порфирьева,Порфирьевич,Порфирьевна,"(для вариантов преобразования ""старого"" отчества в ""новое"")"
М,Порфирий,Порфир,,,"-я, м.; разг. Порфир, -а; прост. Перфил, -а и Перфилий, -я.",Порфирия,Порфириев,Порфириева,Порфирьевич,Порфирьевна,Словарь русских личных имен Петровского
М,Потамий,,,,,,Потамьев,Потамьева,Потамиевич,Потамиевна,"(для вариантов преобразования ""старого"" отчества в ""новое"")"
М,Потамий,,,Стар. редк.,"-я, м. Стар. редк.",Потамия,Потамиев,Потамиева,Потамиевич,Потамиевна,Словарь русских личных имен Петровского
М,Потап,Патапий,,,"-а, м.; стар. Патапий, -я.",Потапа,Потапов,Потапова,Потапович,Потаповна,Словарь русских личных имен Петровского
М,Потит,,,Стар. редк.,"-а, м. Стар. редк.",Потита,Потитов,Потитова,Потитович,Потитовна,Словарь русских личных имен Петровского
Ж,Прасковья,Параскева,,,"-и, ж.; разг. Парасковья, -и; прост. Парасковея, -и и Прасковея, -и; стар. Параскева, -ы.",Прасковьи,,,,,Словарь русских личных имен Петровского
М,Преп,,,Стар. редк.,"-а, м. Стар. редк.",Препа,Препов,Препова,Препович,Преповна,Словарь русских личных имен Петровского
Ж,Препедигна,,,Стар. редк.,"-ы, ж. Стар. редк.",Препедигны,,,,,Словарь русских личных имен Петровского
М,Прилидиан,,,Стар. редк.,"-а, м. Стар. редк.",Прилидиана,Прилидианов,Прилидианова,Прилидианович,Прилидиановна,Словарь русских личных имен Петровского
М,Принкипс,,,Стар. редк.,"-а, м. Стар. редк.",Принкипса,Принкипсов,Принкипсова,Принкипсович,Принкипсовна,Словарь русских личных имен Петровского
М,Приск,,,Стар. редк.,"-а, м. Стар. редк.",Приска,Присков,Прискова,Прискович,Присковна,Словарь русских личных имен Петровского
Ж,Прискилла,,,Стар. редк.,"-ы, ж. Стар. редк.",Прискиллы,,,,,Словарь русских личных имен Петровского
М,Пров,,,,"-а, м.",Прова,Провов,Провова,Прович,Провна,Словарь русских личных имен Петровского
М,Провий,,,Стар. редк.,"-я, м. Стар. редк.",Провия,Провиев,Провиева,Провиевич,Провиевна,Словарь русских личных имен Петровского
М,Прокесс,,,Стар. редк.,"-а, м. Стар. редк.",Прокесса,Прокессов,Прокессова,Прокессович,Прокессовна,Словарь русских личных имен Петровского
М,Прокл,,,,"-а, м.",Прокла,Проклов,Проклова,Проклович,Прокловна,Словарь русских личных имен Петровского
М,Прокоп,,Прокопий,Разг.,"-а, м. Разг. к Прокопий (см.).",Прокопа,Прокопов,Прокопова,Прокопиевич,Прокопиевна,(для варианта целевого современного отчества)
М,Прокоп,,Прокопий,Разг.,"-а, м. Разг. к Прокопий (см.).",Прокопа,Прокопов,Прокопова,Прокопович,Прокоповна,Словарь русских личных имен Петровского
М,Прокопий,,,,,,Прокопьев,Прокопьева,Прокопиевич,Прокопиевна,"(для вариантов преобразования ""старого"" отчества в ""новое"")"
М,Прокопий,Прокоп,,,"-я, м.; разг. Прокоп, -а и Прокофий, -я.",Прокопия,Прокопиев,Прокопиева,Прокопиевич,Прокопиевна,Словарь русских личных имен Петровского
М,Прокофий,,Прокопий,Разг.,"-я, м. Разг. к Прокопий (см.).",Прокофия,Прокопиев,Прокопиева,Прокопиевич,Прокопиевна,(для варианта целевого современного отчества)
М,Прокофий,,,,,,Прокофьев,Прокофьева,Прокофьевич,Прокофьевна,"(для вариантов преобразования ""старого"" отчества в ""новое"")"
М,Прокофий,,Прокопий,Разг.,"-я, м. Разг. к Прокопий (см.).",Прокофия,Прокопиев,Прокопиева,Прокофьевич,Прокофьевна,Словарь русских личных имен Петровского
М,Прокул,,,Стар. редк.,"-а, м. Стар. редк.",Прокула,Прокулов,Прокулова,Прокулович,Прокуловна,Словарь русских личных имен Петровского
М,Просдок,,,Стар. редк.,"-а, м. Стар. редк.",Просдока,Просдоков,Просдокова,Просдокович,Просдоковна,Словарь русских личных имен Петровского
Ж,Просдока,,,Стар. редк.,"-и, ж. Стар. редк.",Просдоки,,,,,Словарь русских личных имен Петровского
Ж,Проскудия,,,Стар. редк.,"-и, ж. Стар. редк.",Проскудии,,,,,Словарь русских личных имен Петровского
М,Прот,,,Стар. редк.,"-а, м. Стар. редк.",Прота,Протов,Протова,Протович,Протовна,Словарь русских личных имен Петровского
М,Протас,,Протасий,Разг.,"-а, м. Разг. к Протасий (см.).",Протаса,Протасов,Протасова,Протасиевич,Протасиевна,(для варианта целевого современного отчества)
М,Протас,,Протасий,Разг.,"-а, м. Разг. к Протасий (см.).",Протаса,Протасов,Протасова,Протасович,Протасовна,Словарь русских личных имен Петровского
М,Протасий,,,,,,Протасьев,Протасьева,Протасиевич,Протасиевна,"(для вариантов преобразования ""старого"" отчества в ""новое"")"
М,Протасий,Протас,,,"-я, м.; разг. Протас, -а.",Протасия,Протасиев,Протасиева,Протасиевич,Протасиевна,Словарь русских личных имен Петровского
М,Протерий,,,,,,Протерьев,Протерьева,Протериевич,Протериевна,"(для вариантов преобразования ""старого"" отчества в ""новое"")"
М,Протерий,,,Стар. редк.,"-я, м. Стар. редк.",Протерия,Протериев,Протериева,Протериевич,Протериевна,Словарь русских личных имен Петровского
М,Протоген,,,Стар. редк.,"-а, м. Стар. редк.",Протогена,Протогенов,Протогенова,Протогенович,Протогеновна,Словарь русских личных имен Петровского
М,Протолеон,,,Стар. редк.,"-а, м. Стар. редк.",Протолеона,Протолеонов,Протолеонова,Протолеонович,Протолеоновна,Словарь русских личных имен Петровского
М,Прохор,,,,"-а, м.",Прохора,Прохоров,Прохорова,Прохорович,Прохоровна,Словарь русских личных имен Петровского
М,Псой,,,Стар. редк.,"-я, м. Стар. редк.",Псоя,Псоев,Псоева,Псоевич,Псоевна,Словарь русских личных имен Петровского
М,Птоломей,,,Стар. редк.,"-я, м. Стар. редк.",Птоломея,Птоломеев,Птоломеева,Птоломеевич,Птоломеевна,Словарь русских личных имен Петровского
М,Публий,,,Стар. редк.,"-я, м. Стар. редк.",Публия,Публиев,Публиева,Публиевич,Публиевна,Словарь русских личных имен Петровского
М,Пуд,,,,"-а, м.",Пуда,Пудов,Пудова,Пудович,Пудовна,Словарь русских личных имен Петровского
Ж,Пульхерия,,,,"-и, ж.",Пульхерии,,,,,Словарь русских личных имен Петровского
М,Пуплий,,,Стар. редк.,"-я, м. Стар. редк.",Пуплия,Пуплиев,Пуплиева,Пуплиевич,Пуплиевна,Словарь русских личных имен Петровского
М,Равула,,,Стар. редк.,"-ы, м. Стар. редк.",Равулы,Равулин,Равулина,Равулич,Равулична,Словарь русских личных имен Петровского
Ж,Рада,,,Слав.,"-ы, ж. Слав.",Рады,,,,,Словарь русских личных имен Петровского
М,Радий,,,,,,Радьев,Радьева,Радиевич,Радиевна,"(для вариантов преобразования ""старого"" отчества в ""новое"")"
М,Радий,,,Нов.,"-я, м. Нов.",Радия,Радиев,Радиева,Радиевич,Радиевна,Словарь русских личных имен Петровского
М,Радим,,,Слав. редк.,"-а, м. Слав. редк.",Радима,Радимов,Радимова,Радимович,Радимовна,Словарь русских личных имен Петровского
М,Радимир,,,Слав. редк.,"-а, м. Слав. редк.",Радимира,Радимиров,Радимирова,Радимирович,Радимировна,Словарь русских личных имен Петровского
М,Радислав,,,Слав. редк.,"-а, м. Слав. редк.",Радислава,Радиславов,Радиславова,Радиславович,Радиславовна,Словарь русских личных имен Петровского
Ж,Радислава,,,Слав. редк.,"-ы, ж. Слав. редк.",Радиславы,,,,,Словарь русских личных имен Петровского
Ж,Радмила,,,Слав. редк.,"-ы, ж. Слав. редк.",Радмилы,,,,,Словарь русских личных имен Петровского
М,Радомир,,,Слав. редк.,"-а, м. Слав. редк.",Радомира,Радомиров,Радомирова,Радомирович,Радомировна,Словарь русских личных имен Петровского
Ж,Радомира,,,Слав. редк.,"-ы, ж. Слав. редк.",Радомиры,,,,,Словарь русских личных имен Петровского
Ж,Радость,,,Слав. редк.,"-и, ж. Слав. редк.",Радости,,,,,Словарь русских личных имен Петровского
М,Ражден,,,Стар. редк.,"-а, м. Стар. редк.",Раждена,Ражденов,Ражденова,Ражденович,Ражденовна,Словарь русских личных имен Петровского
М,Разумник,,,Слав. редк.,"-а, м. Слав. редк.",Разумника,Разумников,Разумникова,Разумникович,Разумниковна,Словарь русских личных имен Петровского
Ж,Раиса,Раисья,,,"-ы, ж.; прост. Раисья, -и.",Раиси,,,,,Словарь русских личных имен Петровского
М,Ратибор,,,Слав. редк.,"-а, м. Слав. редк.",Ратибора,Ратиборов,Ратиборова,Ратиборович,Ратиборовна,Словарь русских личных имен Петровского
М,Ратмир,,,Слав. редк.,"-а, м. Слав. редк.",Ратмира,Ратмиров,Ратмирова,Ратмирович,Ратмировна,Словарь русских личных имен Петровского
М,Рафаил,Рафил,,,"-а, м.; разг. Рафил, -а.",Рафаила,Рафаилов,Рафаилова,Рафаилович,Рафаиловна,Словарь русских личных имен Петровского
Ж,Рафаила,,,Редк.,"-ы, ж. Редк.",Рафаилы,,,,,Словарь русских личных имен Петровского
М,Рафил,,Рафаил,Разг.,"-а, м. Разг. к Рафаил (см.).",Рафила,Рафилов,Рафилова,Рафаилович,Рафаиловна,(для варианта целевого современного отчества)
М,Рафил,,Рафаил,Разг.,"-а, м. Разг. к Рафаил (см.).",Рафила,Рафилов,Рафилова,Рафилович,Рафиловна,Словарь русских личных имен Петровского
Ж,Рахиль,,,Стар. редк.,"-и, ж. Стар. редк.",Рахили,,,,,Словарь русских личных имен Петровского
М,Реас,,,Стар. редк.,"-а, м. Стар. редк.",Реаса,Реасов,Реасова,Реасович,Реасовна,Словарь русских личных имен Петровского
М,Рев,,,Нов.,"-а, м. Нов.",Рева,Ревов,Ревова,Ревович,Ревовна,Словарь русских личных имен Петровского
Ж,Рева,,,Нов.,"-ы, ж. Нов.",Ревы,,,,,Словарь русских личных имен Петровского
Ж,Ревекка,,,Стар. редк.,"-и, ж. Стар. редк.",Ревекки,,,,,Словарь русских личных имен Петровского
М,Ревмир,,,Нов.,"-а, м. Нов.",Ревмира,Ревмиров,Ревмирова,Ревмирович,Ревмировна,Словарь русских личных имен Петровского
Ж,Ревмира,,,Нов.,"-ы, ж. Нов.",Ревмиры,,,,,Словарь русских личных имен Петровского
М,Ревокат,,,Стар. редк.,"-а, м. Стар. редк.",Ревоката,Ревокатов,Ревокатова,Ревокатович,Ревокатовна,Словарь русских личных имен Петровского
Ж,Регина,,,,"-ы, ж.",Регины,,,,,Словарь русских личных имен Петровского
М,Рем,,,Заимств.,"-а, м. Заимств.",Рема,Ремов,Ремова,Ремович,Ремовна,Словарь русских личных имен Петровского
Ж,Рема,,,Нов.,"-ы, ж. Нов.",Ремы,,,,,Словарь русских личных имен Петровского
М,Ренат,,,Заимств.,"-а, м. Заимств.",Рената,Ренатов,Ренатова,Ренатович,Ренатовна,Словарь русских личных имен Петровского
Ж,Рената,,,Заимств.,"-ы, ж. Заимств.",Ренаты,,,,,Словарь русских личных имен Петровского
М,Рикс,,,,"-а, м.",Рикса,Риксов,Риксова,Риксович,Риксовна,Словарь русских личных имен Петровского
М,Рим,,,Стар. редк.,"-а, м. Стар. редк.",Рима,Римов,Римова,Римович,Римовна,Словарь русских личных имен Петровского
М,Римма,,,Стар. редк.,"-ы, м. Стар. редк.",Риммы,Риммин,Риммина,Риммич,Риммична,Словарь русских личных имен Петровского
Ж,Рипсимия,,,Стар. редк.,"-и, ж. Стар. редк.",Рипсимии,,,,,Словарь русских личных имен Петровского
Ж,Рита,,Маргарита,Разг.,"-ы, ж. Разг. к Маргарита (см.).",Риты,,,,,Словарь русских личных имен Петровского
М,Роберт,,,Заимств.,"-а, м. Заимств.",Роберта,Робертов,Робертова,Робертович,Робертовна,Словарь русских личных имен Петровского
М,Рогволод,,,Редк.,"-а, м. Редк.",Рогволода,Рогволодов,Рогволодова,Рогволодович,Рогволодовна,Словарь русских личных имен Петровского
Ж,Рогнеда,,,,"-ы, ж.",Рогнеды,,,,,Словарь русских личных имен Петровского
М,Родион,Родивон,,,"-а, м.; прост. Родивон, -а.",Родиона,Родионов,Родионова,Родионович,Родионовна,Словарь русских личных имен Петровского
М,Родислав,,,Слав. редк.,"-а, м. Слав. редк.",Родислава,Родиславов,Родиславова,Родиславович,Родиславовна,Словарь русских личных имен Петровского
М,Родопиан,,,Стар. редк.,"-а, м. Стар. редк.",Родопиана,Родопианов,Родопианова,Родопианович,Родопиановна,Словарь русских личных имен Петровского
Ж,Роза,,,Заимств.,"-ы, ж. Заимств.",Розы,,,,,Словарь русских личных имен Петровского
Ж,Розалия,,,Заимств.,"-и, ж. Заимств.",Розалии,,,,,Словарь русских личных имен Петровского
Ж,Роксана,,,Заимств.,"-ы, ж. Заимств.",Роксаны,,,,,Словарь русских личных имен Петровского
М,Роман,,,,"-а, м.",Романа,Романов,Романова,Романович,Романовна,Словарь русских личных имен Петровского
Ж,Романа,,,Стар. редк.,"-ы, ж. Стар. редк.",Романы,,,,,Словарь русских личных имен Петровского
М,Ромил,,,Стар. редк.,"-а, м. Стар. редк.",Ромила,Ромилов,Ромилова,Ромилович,Ромиловна,Словарь русских личных имен Петровского
М,Ромодан,,,Ст.-русск. редк.,"-а, м. Ст.-русск. редк.",Ромодана,Ромоданов,Ромоданова,Ромоданович,Ромодановна,Словарь русских личных имен Петровского
М,Ромул,,,Стар. редк.,"-а, м. Стар. редк.",Ромула,Ромулов,Ромулова,Ромулович,Ромуловна,Словарь русских личных имен Петровского
М,Ростислав,,,Слав.,"-а, м. Слав.",Ростислава,Ростиславов,Ростиславова,Ростиславович,Ростиславовна,Словарь русских личных имен Петровского
Ж,Ростислава,,,Слав. редк.,"-ы, ж. Слав. редк.",Ростиславы,,,,,Словарь русских личных имен Петровского
М,Рубен,,Рубентий,Разг.,"-а, м. Разг. к Рубентий (см.).",Рубена,Рубенов,Рубенова,Рубентиевич,Рубентиевна,(для варианта целевого современного отчества)
М,Рубен,,Рубентий,Разг.,"-а, м. Разг. к Рубентий (см.).",Рубена,Рубенов,Рубенова,Рубенович,Рубеновна,Словарь русских личных имен Петровского
М,Рубентий,,,,,,Рубентьев,Рубентьева,Рубентиевич,Рубентиевна,"(для вариантов преобразования ""старого"" отчества в ""новое"")"
М,Рубентий,Рубен,,,"-я, м.; разг. Рубен, -а.",Рубентия,Рубентиев,Рубентиева,Рубентиевич,Рубентиевна,Словарь русских личных имен Петровского
М,Рувим,Рувин,,Стар. редк.,"-а, м. Стар. редк.; разг. Рувин, -а.",Рувима,Рувимов,Рувимова,Рувимович,Рувимовна,Словарь русских личных имен Петровского
М,Рувин,,Рувим,Разг.,"-а, м. Разг. к Рувим (см.).",Рувина,Рувинов,Рувинова,Рувимович,Рувимовна,(для варианта целевого современного отчества)
М,Рувин,,Рувим,Разг.,"-а, м. Разг. к Рувим (см.).",Рувина,Рувинов,Рувинова,Рувинович,Рувиновна,Словарь русских личных имен Петровского
М,Руслан,,,,"-а, м.",Руслана,Русланов,Русланова,Русланович,Руслановна,Словарь русских личных имен Петровского
Ж,Руслана,,,,"-ы, ж.",Русланы,,,,,Словарь русских личных имен Петровского
М,Рустик,,,Стар. редк.,"-а, м. Стар. редк.",Рустика,Рустиков,Рустикова,Рустикович,Рустиковна,Словарь русских личных имен Петровского
М,Руф,,,Стар. редк.,"-а, м. Стар. редк.",Руфа,Руфов,Руфова,Руфович,Руфовна,Словарь русских личных имен Петровского
М,Руфим,,Руфин,Разг.,"-а, м. Разг. к Руфин (см.).",Руфима,Руфимов,Руфимова,Руфинович,Руфиновна,(для варианта целевого современного отчества)
М,Руфим,,Руфин,Разг.,"-а, м. Разг. к Руфин (см.).",Руфима,Руфимов,Руфимова,Руфимович,Руфимовна,Словарь русских личных имен Петровского
Ж,Руфима,,Руфина,Разг.,"-ы, ж. Разг. к Руфина (см.).",Руфимы,,,,,Словарь русских личных имен Петровского
М,Руфин,Руфим,,,"-а, м.; разг. Руфим, -а.",Руфина,Руфинов,Руфинова,Руфинович,Руфиновна,Словарь русских личных имен Петровского
Ж,Руфина,Руфима,,,"-ы, ж.; разг. Руфима, -ы.",Руфины,,,,,Словарь русских личных имен Петровского
М,Руфиниан,,,Стар. редк.,"-а, м. Стар. редк.",Руфиниана,Руфинианов,Руфинианова,Руфинианович,Руфиниановна,Словарь русских личных имен Петровского
Ж,Руфиниана,,,Стар. редк.,"-ы, ж. Стар. редк.",Руфинианы,,,,,Словарь русских личных имен Петровского
Ж,Руфа,,Руфь,,"-и, ж.",Руфи,,,,,Словарь русских личных имен Петровского
М,Рюрик,,,,"-а, м.",Рюрика,Рюриков,Рюрикова,Рюрикович,Рюриковна,Словарь русских личных имен Петровского
Ж,Сабина,,,Заимств.,"-ы, ж. Заимств.",Сабины,,,,,Словарь русских личных имен Петровского
М,Савастьян,,Севастьян,Разг.,"-а, м. Разг. к Севастьян (см.).",Савастьяна,Савастьянов,Савастьянова,Севастьянович,Севастьяновна,(для варианта целевого современного отчества)
М,Савастьян,,Севастьян,Разг.,"-а, м. Разг. к Севастьян (см.).",Савастьяна,Савастьянов,Савастьянова,Савастьянович,Савастьяновна,Словарь русских личных имен Петровского
М,Савва,,,,"-ы, м.",Саввы,Саввин,Саввина,Саввич,Саввична,Словарь русских личных имен Петровского
М,Савватей,,Савватий,Разг.,"-я, м. Разг. к Савватий (см.).",Савватея,Савватеев,Савватеева,Савватиевич,Савватиевна,(для варианта целевого современного отчества)
М,Савватей,,Савватий,Разг.,"-я, м. Разг. к Савватий (см.).",Савватея,Савватеев,Савватеева,Савватеевич,Савватеевна,Словарь русских личных имен Петровского
М,Савватей,,,,-я.,Савватея,Савватеев,Савватеева,Савватеевич,Савватеевна,Словарь русских личных имен Петровского
М,Савватий,,,,,,Савватьев,Савватьева,Савватиевич,Савватиевна,"(для вариантов преобразования ""старого"" отчества в ""новое"")"
М,Савватий,,,Стар. редк.,"-я, м. Стар. редк.; разг.",Савватия,Савватиев,Савватиева,Савватиевич,Савватиевна,Словарь русских личных имен Петровского
Ж,Савватия,,,Стар. редк.,"-и, ж. Стар. редк.",Савватии,,,,,Словарь русских личных имен Петровского
М,Савел,,Савелий,Стар. форма имени,"-а, м. Стар. форма имени Савелий (см.).",Савела,Савелов,Савелова,Савелиевич,Савелиевна,(для варианта целевого современного отчества)
М,Савел,,Савелий,Стар. форма имени,"-а, м. Стар. форма имени Савелий (см.).",Савела,Савелов,Савелова,Савелович,Савеловна,Словарь русских личных имен Петровского
М,Савёл,Савел,Савелий,Стар. форма имени,"-а, м. Стар. форма имени Савелий (см.).",Савёла,Савёлов,Савёлова,Савелиевич,Савелиевна,(для варианта целевого современного отчества)
М,Савёл,Савел,Савелий,Стар. форма имени,"-а, м. Стар. форма имени Савелий (см.).",Савела,Савелов,Савелова,Савелиевич,Савелиевна,(для варианта целевого современного отчества)
М,Савёл,Савел,Савелий,Стар. форма имени,"-а, м. Стар. форма имени Савелий (см.).",Савела,Савелов,Савелова,Савелович,Савеловна,(для вариантов е/ё в отчествах)
М,Савёл,Савел,Савелий,Стар. форма имени,"-а, м. Стар. форма имени Савелий (см.).",Савёла,Савёлов,Савёлова,Савелович,Савеловна,Словарь русских личных имен Петровского
М,Савелий,,,,,,Савельев,Савельева,Савелиевич,Савелиевна,"(для вариантов преобразования ""старого"" отчества в ""новое"")"
М,Савелий,Савел,,,"-я, м.; народн. Савёл, -а; стар. Савел, -а.",Савелия,Савелиев,Савелиева,Савелиевич,Савелиевна,Словарь русских личных имен Петровского
Ж,Савелла,,,Редк.,"-ы, ж. Редк.",Савеллы,,,,,Словарь русских личных имен Петровского
М,Саверий,,,,,,Саверьев,Саверьева,Савериевич,Савериевна,"(для вариантов преобразования ""старого"" отчества в ""новое"")"
М,Саверий,,,Стар. редк.,"-я, м. Стар. редк.",Саверия,Савериев,Савериева,Савериевич,Савериевна,Словарь русских личных имен Петровского
М,Савин,,,Стар. редк.,"-а, м. Стар. редк.",Савина,Савинов,Савинова,Савинович,Савиновна,Словарь русских личных имен Петровского
Ж,Савина,,,Стар. редк.,"-ы, ж. Стар. редк.",Савины,,,,,Словарь русских личных имен Петровского
М,Савиниан,,,Стар. редк.,"-а, м. Стар. редк.",Савиниана,Савинианов,Савинианова,Савинианович,Савиниановна,Словарь русских личных имен Петровского
М,Садко,,Садок,Разг.,"-а, м. Разг. к Садок (см.).",Садкоа,Садкоов,Садкоова,Садокович,Садоковна,(для варианта целевого современного отчества)
М,Садко,,Садок,Разг.,"-а, м. Разг. к Садок (см.).",Садкоа,Садкоов,Садкоова,Садкович,Садковна,Словарь русских личных имен Петровского
М,Садок,,,Стар. редк.,"-дка, м. Стар. редк.; разг. Садко, -а.",Садка,Садков,Садкова,Садкович,Садковна,Словарь русских личных имен Петровского
М,Садоф,Садофий,,Стар. редк.,"-а, м. Стар. редк.; разг. Садофий, -я.",Садофа,Садофов,Садофова,Садофович,Садофовна,Словарь русских личных имен Петровского
М,Садофий,,Садоф,Разг.,"-я, м. Разг. к Садоф (см.).",Садофия,Садофиев,Садофиева,Садофович,Садофовна,(для варианта целевого современного отчества)
М,Садофий,,,,,,Садофьев,Садофьева,Садофьевич,Садофьевна,"(для вариантов преобразования ""старого"" отчества в ""новое"")"
М,Садофий,,Садоф,Разг.,"-я, м. Разг. к Садоф (см.).",Садофия,Садофиев,Садофиева,Садофьевич,Садофьевна,Словарь русских личных имен Петровского
М,Саламан,,,Стар. редк.,"-а, м. Стар. редк.",Саламана,Саламанов,Саламанова,Саламанович,Саламановна,Словарь русских личных имен Петровского
М,Салвий,,Сальвий,Стар. форма имени,"-я, м. Стар. форма имени Сальвий (см.).",Салвия,Салвиев,Салвиева,Сальвиевич,Сальвиевна,(для варианта целевого современного отчества)
М,Салвий,,Сальвий,Стар. форма имени,"-я, м. Стар. форма имени Сальвий (см.).",Салвия,Салвиев,Салвиева,Салвиевич,Салвиевна,Словарь русских личных имен Петровского
Ж,Салвия,,Сальвия,Стар.,"-и, ж. Стар. форма имени Сальвия (см.).",Салвии,,,,,Словарь русских личных имен Петровского
Ж,Саломея,Соломея,,,"-и, ж. и Соломея, -и. Редк.; стар. Саломия, -и.",Саломеи,,,,,Словарь русских личных имен Петровского
Ж,Саломия,,Саломея,Стар.,"-и, ж. Стар. форма имени Саломея (см.).",Саломии,,,,,Словарь русских личных имен Петровского
М,Сальвий,Салвий,,,"-я, м.; стар. Салвий, -я.",Сальвия,Сальвиев,Сальвиева,Сальвиевич,Сальвиевна,Словарь русских личных имен Петровского
Ж,Сальвия,Салвия,,,"-и, ж.; стар. Салвия, -и.",Сальвии,,,,,Словарь русских личных имен Петровского
М,Самей,,,Стар. редк.,"-я, м. Стар. редк.",Самея,Самеев,Самеева,Самеевич,Самеевна,Словарь русских личных имен Петровского
М,Самойла,,Самуил,Разг.,"-ы, м. Разг. к Самуил (см.).",Самойлы,Самойлин,Самойлина,Самуилович,Самуиловна,(для варианта целевого современного отчества)
М,Самойла,,Самуил,Разг.,"-ы, м. Разг. к Самуил (см.).",Самойлы,Самойлин,Самойлина,Самойлович,Самойловна,Словарь русских личных имен Петровского
М,Самойла,,Самуил,,,Самойлы,Самойлов,Самойлова,Самуилович,Самуиловна,
М,Самон,,,Стар. редк.,"-а, м. Стар. редк.",Самона,Самонов,Самонова,Самонович,Самоновна,Словарь русских личных имен Петровского
Ж,Самона,,,Редк.,"-ы, ж. Редк.",Самоны,,,,,Словарь русских личных имен Петровского
М,Сампсон,,Самсон,Стар. форма имени,"-а, м. Стар. форма имени Самсон (см.).",Сампсона,Сампсонов,Сампсонова,Самсонович,Самсоновна,(для варианта целевого современного отчества)
М,Сампсон,,Самсон,Стар. форма имени,"-а, м. Стар. форма имени Самсон (см.).",Сампсона,Сампсонов,Сампсонова,Сампсонович,Сампсоновна,Словарь русских личных имен Петровского
М,Самсон,Сампсон,,,"-а, м.; стар. Сампсон, -а.",Самсона,Самсонов,Самсонова,Самсонович,Самсоновна,Словарь русских личных имен Петровского
М,Самуил,Самойла,,,"-а, м.; разг. Самойла, -ы; стар. разг. Самойло, -ы.",Самуилова,Самуилов,Самуилова,Самуилович,Самуиловна,Словарь русских личных имен Петровского
М,Сарвил,,,Стар. редк.,"-а, м. Стар. редк.",Сарвила,Сарвилов,Сарвилова,Сарвилович,Сарвиловна,Словарь русских личных имен Петровского
Ж,Сарра,,,Стар. редк.,"-ы, ж. Стар. редк.",Сарры,,,,,Словарь русских личных имен Петровского
М,Сасоний,,,,,,Сасоньев,Сасоньева,Сасониевич,Сасониевна,"(для вариантов преобразования ""старого"" отчества в ""новое"")"
М,Сасоний,,,Стар. редк.,"-я, м. Стар. редк.",Сасония,Сасониев,Сасониева,Сасониевич,Сасониевна,Словарь русских личных имен Петровского
М,Сатир,,,Стар. редк.,"-а, м. Стар. редк.",Сатира,Сатиров,Сатирова,Сатирович,Сатировна,Словарь русских личных имен Петровского
Ж,Сатира,,,Стар. редк.,"-ы, ж. Стар. редк.",Сатиры,,,,,Словарь русских личных имен Петровского
М,Саторин,,,Стар. редк.,"-а, м. Стар. редк.",Саторина,Саторинов,Саторинова,Саторинович,Саториновна,Словарь русских личных имен Петровского
М,Саторнил,,,Стар. редк.,"-а, м. Стар. редк.",Саторнила,Саторнилов,Саторнилова,Саторнилович,Саторниловна,Словарь русских личных имен Петровского
М,Саторнин,,,Стар. редк.,"-а, м. Стар. редк.",Саторнина,Саторнинов,Саторнинова,Саторнинович,Саторниновна,Словарь русских личных имен Петровского
М,Сатурнил,,,Стар. редк.,"-а, м. Стар. редк.",Сатурнила,Сатурнилов,Сатурнилова,Сатурнилович,Сатурниловна,Словарь русских личных имен Петровского
М,Сатурнин,,,Стар. редк.,"-а, м. Стар. редк.",Сатурнина,Сатурнинов,Сатурнинова,Сатурнинович,Сатурниновна,Словарь русских личных имен Петровского
М,Светислав,,,Слав. редк.,"-а, м. Слав. редк.",Светислава,Светиславов,Светиславова,Светиславович,Светиславовна,Словарь русских личных имен Петровского
Ж,Светислава,,,Слав. редк.,"-ы, ж. Слав. редк.",Светиславы,,,,,Словарь русских личных имен Петровского
М,Светлан,,,Слав. редк.,"-а, м. Слав. редк.",Светлана,Светланов,Светланова,Светланович,Светлановна,Словарь русских личных имен Петровского
Ж,Светлана,,,Слав.,"-ы, ж. Слав.",Светланы,,,,,Словарь русских личных имен Петровского
М,Световид,,,Слав. редк.,"-а, м. Слав. редк.",Световида,Световидов,Световидова,Световидович,Световидовна,Словарь русских личных имен Петровского
М,Светозар,,,Слав. редк.,"-а, м. Слав. редк.",Светозара,Светозаров,Светозарова,Светозарович,Светозаровна,Словарь русских личных имен Петровского
Ж,Светозара,,,Слав. редк.,"-ы, ж. Слав. редк.",Светозары,,,,,Словарь русских личных имен Петровского
М,Светолик,,,Слав. редк.,"-а, м. Слав. редк.",Светолика,Светоликов,Светоликова,Светоликович,Светоликовна,Словарь русских личных имен Петровского
М,Свирид,,Спиридон,Разг.,"-а, м. Разг. к Спиридон (см.).",Свирида,Свиридов,Свиридова,Спиридонович,Спиридоновна,(для варианта целевого современного отчества)
М,Свирид,,Спиридон,Разг.,"-а, м. Разг. к Спиридон (см.).",Свирида,Свиридов,Свиридова,Свиридович,Свиридовна,Словарь русских личных имен Петровского
Ж,Свобода,,,Нов.,"-ы, ж. Нов.",Свободы,,,,,Словарь русских личных имен Петровского
М,Святогор,,,Ст.-русск. редк.,"-а, м. Ст.-русск. редк.",Святогора,Святогоров,Святогорова,Святогорович,Святогоровна,Словарь русских личных имен Петровского
М,Святополк,,,Ст.-русск. редк.,"-а, м. Ст.-русск. редк.",Святополка,Святополков,Святополкова,Святополкович,Святополковна,Словарь русских личных имен Петровского
М,Святослав,,,Слав.,"-а, м. Слав.",Святослава,Святославов,Святославова,Святославович,Святославовна,Словарь русских личных имен Петровского
Ж,Святослава,,,Слав. редк.,"-ы, ж. Слав. редк.",Святославы,,,,,Словарь русских личных имен Петровского
М,Севастиан,,Севастьян,Стар. форма имени,"-а, м. Стар. форма имени Севастьян (см.).",Севастиана,Севастианов,Севастианова,Севастьянович,Севастьяновна,(для варианта целевого современного отчества)
М,Севастиан,,Севастьян,Стар. форма имени,"-а, м. Стар. форма имени Севастьян (см.).",Севастиана,Севастианов,Севастианова,Севастианович,Севастиановна,Словарь русских личных имен Петровского
Ж,Севастиана,,Севастьяна,Стар.,"-ы, ж. Стар. форма имени Севастьяна (см.).",Севастианы,,,,,Словарь русских личных имен Петровского
М,Севастьян,Савастьян,,,"-а, м.; разг. Савастьян, -а; прост. Севастей, -я; стар. Севастиан, -а.",Севастьяна,Севастьянов,Севастьянова,Севастьянович,Севастьяновна,Словарь русских личных имен Петровского
Ж,Севастьяна,Севастиана,,,"-ы, ж.; стар. Севастиана, -ы.",Севастьяны,,,,,Словарь русских личных имен Петровского
М,Север,,,Стар. редк.,"-а, м. Стар. редк.",Севера,Северов,Северова,Северович,Северовна,Словарь русских личных имен Петровского
М,Севериан,,Северьян,Стар. форма имени,"-а, м. Стар. форма имени Северьян (см.).",Севериана,Северианов,Северианова,Северьянович,Северьяновна,(для варианта целевого современного отчества)
М,Севериан,,Северьян,Стар. форма имени,"-а, м. Стар. форма имени Северьян (см.).",Севериана,Северианов,Северианова,Северианович,Севериановна,Словарь русских личных имен Петровского
М,Северин,,,Стар. редк.,"-а, м. Стар. редк.",Северина,Северинов,Северинова,Северинович,Севериновна,Словарь русских личных имен Петровского
Ж,Северина,,,Редк.,"-ы, ж. Редк.",Северины,,,,,Словарь русских личных имен Петровского
М,Северьян,Севериан,,,"-а, м.; стар. Севериан, -а.",Северьяна,Северьянов,Северьянова,Северьянович,Северьяновна,Словарь русских личных имен Петровского
М,Севир,,,Стар. редк.,"-а, м. Стар. редк.",Севира,Севиров,Севирова,Севирович,Севировна,Словарь русских личных имен Петровского
М,Секунд,,,Стар. редк.,"-а, м. Стар. редк.",Секунда,Секундов,Секундова,Секундович,Секундовна,Словарь русских личных имен Петровского
М,Селевкий,,,Стар. редк.,"-я, м. Стар. редк.",Селевкия,Селевкиев,Селевкиева,Селевкиевич,Селевкиевна,Словарь русских личных имен Петровского
М,Селиван,Селифан,,,"-а, м.; разг. Селифан, -а; прост. Селивон, -а.",Селивана,Селиванов,Селиванова,Селиванович,Селивановна,Словарь русских личных имен Петровского
М,Селивёрст,Селиверст,Сильвестр,Разг.,"-а, м. Разг. к Сильвестр (см.).",Селивёрста,Селивёрстов,Селивёрстова,Сильвестрович,Сильвестровна,(для варианта целевого современного отчества)
М,Селивёрст,Селиверст,Сильвестр,Разг.,"-а, м. Разг. к Сильвестр (см.).",Селиверста,Селиверстов,Селиверстова,Сильвестрович,Сильвестровна,(для варианта целевого современного отчества)
М,Селивёрст,Селиверст,Сильвестр,Разг.,"-а, м. Разг. к Сильвестр (см.).",Селиверста,Селиверстов,Селиверстова,Селиверстович,Селиверстовна,(для вариантов е/ё в отчествах)
М,Селивёрст,Селиверст,Сильвестр,Разг.,"-а, м. Разг. к Сильвестр (см.).",Селивёрста,Селивёрстов,Селивёрстова,Селивёрстович,Селивёрстовна,Словарь русских личных имен Петровского
Ж,Селина,,,Заимств.,"-ы, ж. Заимств.",Селины,,,,,Словарь русских личных имен Петровского
М,Селиний,,,,,,Селиньев,Селиньева,Селиниевич,Селиниевна,"(для вариантов преобразования ""старого"" отчества в ""новое"")"
М,Селиний,,,Стар. редк.,"-я, м. Стар. редк.",Селиния,Селиниев,Селиниева,Селиниевич,Селиниевна,Словарь русских личных имен Петровского
М,Селифан,,Селиван,Разг.,"-а, м. Разг. к Селиван (см.).",Селифана,Селифанов,Селифанова,Селиванович,Селивановна,(для варианта целевого современного отчества)
М,Селифан,,Селиван,Разг.,"-а, м. Разг. к Селиван (см.).",Селифана,Селифанов,Селифанова,Селифанович,Селифановна,Словарь русских личных имен Петровского
М,Семен,,,,,Семена,Семенов,Семенова,Семенович,Семеновна,
М,Семён,Семен,,,"-а, м.; стар. Симеон, -а.",Семена,Семенов,Семенова,Семенович,Семеновна,(для вариантов е/ё в отчествах)
М,Семён,Семен,,,"-а, м.; стар. Симеон, -а.",Семёна,Семёнов,Семёнова,Семёнович,Семёновна,Словарь русских личных имен Петровского
М,Сеннис,,,Стар. редк.,"-а, м. Стар. редк.",Сенниса,Сеннисов,Сеннисова,Сеннисович,Сеннисовна,Словарь русских личных имен Петровского
М,Серапион,Серпион,,,"-а, м.; разг. Серпион, -а.",Серапиона,Серапионов,Серапионова,Серапионович,Серапионовна,Словарь русских личных имен Петровского
М,Серафим,,,,"-а, м.",Серафима,Серафимов,Серафимова,Серафимович,Серафимовна,Словарь русских личных имен Петровского
Ж,Серафима,,,,"-ы, ж.",Серафимы,,,,,Словарь русских личных имен Петровского
М,Сергей,Сергий,,,"-я, м.; прост. Сергиян, -а; стар. Сергий, -я.",Сергея,Сергеев,Сергеева,Сергеевич,Сергеевна,Словарь русских личных имен Петровского
М,Сергий,,Сергей,Стар. форма имени,"-я, м. Стар. форма имени Сергей (см.).",Сергия,Сергиев,Сергиев,Сергеевич,Сергеевна,(для варианта целевого современного отчества)
М,Сергий,,Сергей,Стар. форма имени,"-я, м. Стар. форма имени Сергей (см.).",Сергия,Сергиев,Сергиев,Сергиевич,Сергиевна,Словарь русских личных имен Петровского
М,Серен,,,Стар. редк.,"-а, м. Стар. редк.",Серена,Серенов,Серенова,Серенович,Сереновна,Словарь русских личных имен Петровского
М,Серпион,,Серапион,Разг.,"-а, м. Разг. к Серапион (см.).",Серпиона,Серпионов,Серпионова,Серапионович,Серапионовна,(для варианта целевого современного отчества)
М,Серпион,,Серапион,Разг.,"-а, м. Разг. к Серапион (см.).",Серпиона,Серпионов,Серпионова,Серпионович,Серпионовна,Словарь русских личных имен Петровского
М,Сивел,,,Стар. редк.,"-а, м. Стар. редк.",Сивела,Сивелов,Сивелова,Сивелович,Сивеловна,Словарь русских личных имен Петровского
М,Сигиц,,,Стар. редк.,"-а, м. Стар. редк.",Сигица,Сигицов,Сигицова,Сигицович,Сигицовна,Словарь русских личных имен Петровского
Ж,Сигклитикия,,Синклитикия,,,Сигклитикии,,,,,
М,Сидор,,Исидор,Разг.,"-а, м. Разг. к Исидор (см.).",Сидора,Сидоров,Сидорова,Исидорович,Исидоровна,(для варианта целевого современного отчества)
М,Сидор,,Исидор,Разг.,"-а, м. Разг. к Исидор (см.).",Сидора,Сидоров,Сидорова,Сидорович,Сидоровна,Словарь русских личных имен Петровского
М,Сикст,,,Стар. редк.,"-а, м. Стар. редк.",Сикста,Сикстов,Сикстова,Сикстович,Сикстовна,Словарь русских личных имен Петровского
М,Сила,,,Стар. редк.,"-ы, м. Стар. редк.",Силы,Силин,Силина,Силич,Силична,Словарь русских личных имен Петровского
М,Силан,Силантий,,,"-а, м.; разг. Силантий, -я.",Силана,Силанов,Силанова,Силанович,Силановна,Словарь русских личных имен Петровского
М,Силантий,,Силан,Разг.,"-я, м. Разг. к Силан (см.).",Силантия,Силантиев,Силантиева,Силанович,Силановна,(для варианта целевого современного отчества)
М,Силантий,,,,,,Силантьев,Силантьева,Силантиевич,Силантиевна,"(для вариантов преобразования ""старого"" отчества в ""новое"")"
М,Силантий,,Силан,Разг.,"-я, м. Разг. к Силан (см.).",Силантия,Силантиев,Силантиева,Силантиевич,Силантиевна,Словарь русских личных имен Петровского
М,Силван,,Сильвиан,Стар. форма имени,"-а, м. Стар. форма имени Сильван (см.).",Силвана,Силванов,Силванова,Сильвианович,Сильвиановна,(для варианта целевого современного отчества)
М,Силван,,Сильвиан,Стар. форма имени,"-а, м. Стар. форма имени Сильван (см.).",Силвана,Силванов,Силванова,Силванович,Силвановна,Словарь русских личных имен Петровского
Ж,Силвана,,Сильвана,Стар.,"-ы, ж. Стар. форма имени Сильвана (см.).",Силваны,,,,,Словарь русских личных имен Петровского
М,Силвестр,,Сильвестр,Стар. форма имени,"-а, м. Стар. форма имени Сильвестр (см.).",Силвестра,Силвестров,Силвестрова,Сильвестрович,Сильвестровна,(для варианта целевого современного отчества)
М,Силвестр,,Сильвестр,Стар. форма имени,"-а, м. Стар. форма имени Сильвестр (см.).",Силвестра,Силвестров,Силвестрова,Силвестрович,Силвестровна,Словарь русских личных имен Петровского
М,Силвий,,Сильвий,Стар. форма имени,"-я, м. Стар. форма имени Сильвий (см.).",Силвия,Силвиев,Силвиева,Сильвиевич,Сильвиевна,(для варианта целевого современного отчества)
М,Силвий,,Сильвий,Стар. форма имени,"-я, м. Стар. форма имени Сильвий (см.).",Силвия,Силвиев,Силвиева,Силвиевич,Силвиевна,Словарь русских личных имен Петровского
Ж,Силвия,,Сильвия,Стар.,"-и, ж. Стар. форма имени Сильвия (см.).",Силвии,,,,,Словарь русских личных имен Петровского
М,Силуан,Силуян,,Стар. редк.,"-а, м. Стар. редк.; разг. Силуян, -а.",Силуана,Силуанов,Силуанова,Силуанович,Силуановна,Словарь русских личных имен Петровского
М,Силуян,,Силуан,Разг.,"-а, м. Разг. к Силуан (см.).",Силуяна,Силуянов,Силуянова,Силуанович,Силуановна,(для варианта целевого современного отчества)
М,Силуян,,Силуан,Разг.,"-а, м. Разг. к Силуан (см.).",Силуяна,Силуянов,Силуянова,Силуянович,Силуяновна,Словарь русских личных имен Петровского
Ж,Сильва,,Сильвия,Разг.,"-ы, ж. Разг. к Сильвия (см.).",Сильвы,,,,,Словарь русских личных имен Петровского
М,Сильван,Силван,,,"-а, м.; стар. Силван, -а.",Сильвана,Сильванов,Сильванова,Сильванович,Сильвановна,Словарь русских личных имен Петровского
Ж,Сильвана,Силвана,,,"-ы, ж.; стар. Силвана, -ы.",Сильваны,,,,,Словарь русских личных имен Петровского
М,Сильвёрст,Сильверст,Сильвестр,Разг.,"-а, м. Разг. к Сильвестр (см.).",Сильвёрста,Сильвёрстов,Сильвёрстова,Сильвестрович,Сильвестровна,(для варианта целевого современного отчества)
М,Сильвёрст,Сильверст,Сильвестр,Разг.,"-а, м. Разг. к Сильвестр (см.).",Сильверста,Сильверстов,Сильверстова,Сильвестрович,Сильвестровна,(для варианта целевого современного отчества)
М,Сильвёрст,Сильверст,Сильвестр,Разг.,"-а, м. Разг. к Сильвестр (см.).",Сильверста,Сильверстов,Сильверстова,Сильверстович,Сильверстовна,(для вариантов е/ё в отчествах)
М,Сильвёрст,Сильверст,Сильвестр,Разг.,"-а, м. Разг. к Сильвестр (см.).",Сильвёрста,Сильвёрстов,Сильвёрстова,Сильвёрстович,Сильвёрстовна,Словарь русских личных имен Петровского
М,Сильвестр,Селиверст,,,"-а, м.; разг. Селивёрст, -а и Сильвёрст, -а; стар. Силвестр, -а.",Сильвестра,Сильвестров,Сильвестрова,Сильвестрович,Сильвестровна,Словарь русских личных имен Петровского
М,Сильвий,Силвий,,,"-я, м.; стар. Силвий, -я.",Сильвия,Сильвиев,Сильвиева,Сильвиевич,Сильвиевна,Словарь русских личных имен Петровского
Ж,Сильвия,Сильва,,,"-и, ж.; разг. Сильва, -ы; стар. Силвия, -и.",Сильвии,,,,,Словарь русских личных имен Петровского
М,Сим,,,Стар. редк.,"-а, м. Стар. редк.",Сима,Симов,Симова,Симович,Симовна,Словарь русских личных имен Петровского
М,Симеон,Семён,Семен,Стар. форма имени,"-а, м. Стар. форма имени Семён (см.).",Симеона,Симеонов,Симеонова,Семенович,Семеновна,(для варианта целевого современного отчества)
М,Симеон,Семён,Семен,Стар. форма имени,"-а, м. Стар. форма имени Семён (см.).",Симеона,Симеонов,Симеонова,Симеонович,Симеоновна,Словарь русских личных имен Петровского
М,Симон,,,Стар. редк.,"-а, м. Стар. редк.",Симона,Симонов,Симонова,Симонович,Симоновна,Словарь русских личных имен Петровского
М,Симфориан,,,Стар. редк.,"-а, м. Стар. редк.",Симфориана,Симфорианов,Симфорианова,Симфорианович,Симфориановна,Словарь русских личных имен Петровского
Ж,Синклитикия,Синклития,,Стар. редк.,"-и, ж. Стар. редк.; разг. Синклития, -и; прост. Секлетея, -и и Секлетинья, -и.",Синклитикии,,,,,Словарь русских личных имен Петровского
Ж,Синклитиния,Секлетея,Синклитикия,,,Синклитинии,,,,,-
Ж,Синклития,,Синклитикия,Разг.,"-и, ж. Разг. к Синклитикия (см.).",Синклитии,,,,,Словарь русских личных имен Петровского
М,Сионий,,,,,,Сионьев,Сионьева,Сиониевич,Сиониевна,"(для вариантов преобразования ""старого"" отчества в ""новое"")"
М,Сионий,,,Стар. редк.,"-я, м. Стар. редк.",Сиония,Сиониев,Сиониева,Сиониевич,Сиониевна,Словарь русских личных имен Петровского
Ж,Сира,,,Стар. редк.,"-ы, ж. Стар. редк.",Сиры,,,,,Словарь русских личных имен Петровского
М,Сисиний,,,,,,Сисиньев,Сисиньева,Сисиниевич,Сисиниевна,"(для вариантов преобразования ""старого"" отчества в ""новое"")"
М,Сисиний,,,Стар. редк.,"-я, м. Стар. редк.",Сисиния,Сисиниев,Сисиниева,Сисиниевич,Сисиниевна,Словарь русских личных имен Петровского
М,Сисой,,,Стар. редк.,"-я, м. Стар. редк.; народн. Сысой, -я.",Сисоя,Сисоев,Сисоева,Сисоевич,Сисоевна,Словарь русских личных имен Петровского
М,Слав,,,Слав. редк.,"-а, м. Слав. редк.",Слава,Славов,Славова,Славович,Славовна,Словарь русских личных имен Петровского
Ж,Слава,,,Слав. редк.,"-ы, ж. Слав. редк.",Славы,,,,,Словарь русских личных имен Петровского
М,Славий,,,,,,Славьев,Славьева,Славиевич,Славиевна,"(для вариантов преобразования ""старого"" отчества в ""новое"")"
М,Славий,,,Слав. редк.,"-я, м. Слав. редк.",Славия,Славиев,Славиева,Славиевич,Славиевна,Словарь русских личных имен Петровского
М,Смарагд,,,Стар. редк.,"-а, м. Стар. редк.",Смарагда,Смарагдов,Смарагдова,Смарагдович,Смарагдовна,Словарь русских личных имен Петровского
Ж,Снандулия,,,Стар. редк.,"-и, ж. Стар. редк.",Снандулии,,,,,Словарь русских личных имен Петровского
М,Созон,,,Стар. редк.,"-а, м. Стар. редк.",Созона,Созонов,Созонова,Созонович,Созоновна,Словарь русских личных имен Петровского
М,Созонт,Сохонтий,,Стар. редк.,"-а, м. Стар. редк.; разг. Созонтий, -я.",Созонта,Созонтов,Созонтова,Созонтович,Созонтовна,Словарь русских личных имен Петровского
М,Созонтий,,Созонт,Разг.,"-я, м. Разг. к Созонт (см.).",Созонтия,Созонтиев,Созонтиева,Созонтович,Созонтовна,(для варианта целевого современного отчества)
М,Созонтий,,,,,,Созонтьев,Созонтьева,Созонтьевич,Созонтьевна,"(для вариантов преобразования ""старого"" отчества в ""новое"")"
М,Созонтий,,Созонт,Разг.,"-я, м. Разг. к Созонт (см.).",Созонтия,Созонтиев,Созонтиева,Созонтьевич,Созонтьевна,Словарь русских личных имен Петровского
М,Сократ,Сократий,,,"-а, м.; разг. Сократий, -я.",Сократа,Сократов,Сократова,Сократович,Сократовна,Словарь русских личных имен Петровского
М,Сократий,,Сократ,Разг.,"-я, м. Разг. к Сократ (см.).",Сократия,Сократиев,Сократиева,Сократович,Сократовна,(для варианта целевого современного отчества)
М,Сократий,,,,,,Сократьев,Сократьева,Сократьевич,Сократьевна,"(для вариантов преобразования ""старого"" отчества в ""новое"")"
М,Сократий,,Сократ,Разг.,"-я, м. Разг. к Сократ (см.).",Сократия,Сократиев,Сократиева,Сократьевич,Сократьевна,Словарь русских личных имен Петровского
М,Сола,,,Стар. редк.,"-ы, м. Стар. редк.",Солы,Солин,Солина,Солич,Солична,Словарь русских личных имен Петровского
Ж,Соломея,,Саломея,Вариант,"-и, ж. См. Саломея.",Соломеи,,,,,Словарь русских личных имен Петровского
М,Соломон,,,Стар. редк.,"-а, м. Стар. редк.",Соломона,Соломонов,Соломонова,Соломонович,Соломоновна,Словарь русских личных имен Петровского
Ж,Соломонида,,,,"-ы, ж.",Соломониды,,,,,Словарь русских личных имен Петровского
Ж,Соломония,,,Стар. редк.,"-и, ж. Стар. редк.",Соломонии,,,,,Словарь русских личных имен Петровского
М,Сонирил,,,Стар. редк.,"-а, м. Стар. редк.",Сонирила,Сонирилов,Сонирилова,Сонирилович,Сонириловна,Словарь русских личных имен Петровского
Ж,Сосанна,,Сусанна,Стар.,"-ы, ж. Стар. форма имени Сусанна (см.).",Сосанны,,,,,Словарь русских личных имен Петровского
М,Сосипатр,,,Стар. редк.,"-а, м. Стар. редк.",Сосипатра,Сосипатров,Сосипатрова,Сосипатрович,Сосипатровна,Словарь русских личных имен Петровского
Ж,Сосипатра,,,Стар. редк.,"-ы, ж. Стар. редк.",Сосипатры,,,,,Словарь русских личных имен Петровского
М,Соссий,,,Стар. редк.,"-я, м. Стар. редк.",Соссия,Соссиев,Соссиева,Соссиевич,Соссиевна,Словарь русских личных имен Петровского
М,Сосфен,,,Стар. редк.,"-а, м. Стар. редк.",Сосфена,Сосфенов,Сосфенова,Сосфенович,Сосфеновна,Словарь русских личных имен Петровского
Ж,София,,Софья,Стар.,"-и, ж. Стар. форма имени Софья (см.).",Софии,,,,,Словарь русских личных имен Петровского
М,Софон,,Софоний,Разг.,"-а, м. Разг. к Софоний (см.).",Софона,Софонов,Софонова,Софониевич,Софониевна,(для варианта целевого современного отчества)
М,Софон,,Софоний,Разг.,"-а, м. Разг. к Софоний (см.).",Софона,Софонов,Софонова,Софонович,Софоновна,Словарь русских личных имен Петровского
М,Софоний,,,,,,Софоньев,Софоньева,Софониевич,Софониевна,"(для вариантов преобразования ""старого"" отчества в ""новое"")"
М,Софоний,Софония,,,"-я, м.; разг. Софон, -а и Софонтий, -я; стар. Софония, -и.",Софония,Софониев,Софониева,Софониевич,Софониевна,Словарь русских личных имен Петровского
М,Софония,,Софоний,Стар. форма имени,"-и, м. Стар. форма имени Софоний (см.).",Софонии,Софонин,Софонина,Софониевич,Софониевна,(для варианта целевого современного отчества)
М,Софония,,Софоний,Стар. форма имени,"-и, м. Стар. форма имени Софоний (см.).",Софонии,Софонин,Софонина,Софонич,Софонична,Словарь русских личных имен Петровского
М,Софонтий,,Софоний,Разг.,"-я, м. Разг. к Софоний (см.).",Софонтия,Софонтиев,Софонтиева,Софониевич,Софониевна,(для варианта целевого современного отчества)
М,Софонтий,,,,,,Софонтьев,Софонтьева,Софонтьевич,Софонтьевна,"(для вариантов преобразования ""старого"" отчества в ""новое"")"
М,Софонтий,,Софоний,Разг.,"-я, м. Разг. к Софоний (см.).",Софонтия,Софонтиев,Софонтиева,Софонтьевич,Софонтьевна,Словарь русских личных имен Петровского
М,Софрон,Сопрон,,,"-а, м.; прост. Сопрон, -а; стар. Софроний, -я.",Софрона,Софронов,Софронова,Софронович,Софроновна,Словарь русских личных имен Петровского
М,Софроний,,Софрон,Стар. форма имени,"-я, м. Стар. форма имени Софрон (см.).",Софрония,Софрониев,Софрониева,Софронович,Софроновна,(для варианта целевого современного отчества)
М,Софроний,,,,,,Софроньев,Софроньева,Софрониевич,Софрониевна,"(для вариантов преобразования ""старого"" отчества в ""новое"")"
М,Софроний,,Софрон,Стар. форма имени,"-я, м. Стар. форма имени Софрон (см.).",Софрония,Софрониев,Софрониева,Софрониевич,Софрониевна,Словарь русских личных имен Петровского
Ж,Софья,София,,,"-и, ж.; стар. София, -и.",Софьи,,,,,Словарь русских личных имен Петровского
М,Спартак,,,Заимств.,"-а, м. Заимств.",Спартака,Спартаков,Спартакова,Спартакович,Спартаковна,Словарь русских личных имен Петровского
М,Спас,,,Стар. редк.,"-а, м. Стар. редк.",Спаса,Спасов,Спасова,Спасович,Спасовна,Словарь русских личных имен Петровского
М,Спевсипп,,,Стар. редк.,"-а, м. Стар. редк.",Спевсиппа,Спевсиппов,Спевсиппова,Спевсиппович,Спевсипповна,Словарь русских личных имен Петровского
М,Сперат,,,Стар. редк.,"-а, м. Стар. редк.",Сперата,Сператов,Сператова,Сператович,Сператовна,Словарь русских личных имен Петровского
М,Спиридон,Свирид,,,"-а, м.; разг. Свирид, -а и Спиридоний, -я; прост. Спирид, -а.",Спиридона,Спиридонов,Спиридонова,Спиридонович,Спиридоновна,Словарь русских личных имен Петровского
М,Спиридоний,,Спиридон,Разг.,"-я, м. Разг. к Спиридон (см.).",Спиридония,Спиридониев,Спиридониева,Спиридонович,Спиридоновна,(для варианта целевого современного отчества)
М,Спиридоний,,Спиридон,Разг.,"-я, м. Разг. к Спиридон (см.).",Спиридония,Спиридониев,Спиридониева,Спиридоньевич,Спиридоньевна,Словарь русских личных имен Петровского
М,Станимир,,,Слав. редк.,"-а, м. Слав. редк.",Станимира,Станимиров,Станимирова,Станимирович,Станимировна,Словарь русских личных имен Петровского
М,Станислав,,,Слав.,"-а, м. Слав.",Станислава,Станиславов,Станиславова,Станиславович,Станиславовна,Словарь русских личных имен Петровского
Ж,Станислава,,,Слав.,"-ы, ж. Слав.",Станиславы,,,,,Словарь русских личных имен Петровского
М,Стахий,,,Стар. редк.,"-я, м. Стар. редк.; прост. Стахей, -я.",Стахия,Стахиев,Стахиева,Стахиевич,Стахиевна,Словарь русских личных имен Петровского
Ж,Стелла,,,Заимств.,"-ы, ж. Заимств.",Стеллы,,,,,Словарь русских личных имен Петровского
М,Степан,Стефан,,,"-а, м.; стар. Стефан, -а.",Степана,Степанов,Степанова,Степанович,Степановна,Словарь русских личных имен Петровского
Ж,Степанида,Стефанида,,,"-ы, ж.; стар. Стефанида, -ы.",Степаниды,,,,,Словарь русских личных имен Петровского
М,Стефан,,Степан,Стар. форма имени,"-а, м. Стар. форма имени Степан (см.).",Стефана,Стефанов,Стефанова,Степанович,Степановна,(для варианта целевого современного отчества)
М,Стефан,,Степан,Стар. форма имени,"-а, м. Стар. форма имени Степан (см.).",Стефана,Стефанов,Стефанова,Стефанович,Стефановна,Словарь русских личных имен Петровского
Ж,Стефана,,Стефания,Стар.,"-ы, ж. Стар. форма имени Стефания (см.).",Стефаны,,,,,Словарь русских личных имен Петровского
Ж,Стефанида,,,Стар.,"-ы, ж. Стар. форма имени Степанида (см.).",Стефаниды,,,,,Словарь русских личных имен Петровского
Ж,Стефания,Стефана,,,"-и, ж.; стар. Стефана, -ы.",Стефании,,,,,Словарь русских личных имен Петровского
М,Стоян,,,Слав. редк.,"-а, м. Слав. редк.",Стояна,Стоянов,Стоянова,Стоянович,Стояновна,Словарь русских личных имен Петровского
М,Стратилат,,,Стар. редк.,"-а, м. Стар. редк.",Стратилата,Стратилатов,Стратилатова,Стратилатович,Стратилатовна,Словарь русских личных имен Петровского
М,Стратон,,,Стар. редк.,"-а, м. Стар. редк.",Стратона,Стратонов,Стратонова,Стратонович,Стратоновна,Словарь русских личных имен Петровского
М,Стратоник,,,Стар. редк.,"-а, м. Стар. редк.",Стратоника,Стратоников,Стратоникова,Стратоникович,Стратониковна,Словарь русских личных имен Петровского
М,Стратор,,,Стар. редк.,"-а, м. Стар. редк.",Стратора,Страторов,Страторова,Страторович,Страторовна,Словарь русских личных имен Петровского
Ж,Сусанна,Сосанна,,,"-ы, ж.; стар. Сосанна, -ы.",Сусанны,,,,,Словарь русских личных имен Петровского
М,Сухий,,,Стар. редк.,"-я, м. Стар. редк.",Сухия,Сухиев,Сухиева,Сухиевич,Сухиевна,Словарь русских личных имен Петровского
М,Сысой,,Сисой,Народн. форма имени,"-я, м. Народн. форма имени Сисой (см.).",Сысоя,Сысоев,Сысоева,Сисойович,Сисойовна,(для варианта целевого современного отчества)
М,Сысой,,Сисой,Народн. форма имени,"-я, м. Народн. форма имени Сисой (см.).",Сысоя,Сысоев,Сысоева,Сысоевич,Сысоевна,Словарь русских личных имен Петровского
Ж,Тавифа,,,Стар. редк.,"-ы, ж. Стар. редк.",Тавифы,,,,,Словарь русских личных имен Петровского
М,Таврион,,,Стар. редк.,"-а, м. Стар. редк.",Тавриона,Таврионов,Таврионова,Таврионович,Таврионовна,Словарь русских личных имен Петровского
Ж,Таиса,,Таисия,Разг.,"-ы, ж. Разг. к Таисия (см.).",Таисы,,,,,Словарь русских личных имен Петровского
Ж,Таисия,Таисья,,,"-и, ж.; разг. Таиса, -ы и Таисья, -и.",Таисии,,,,,Словарь русских личных имен Петровского
Ж,Таисья,,Таисия,Разг.,"-и, ж. Разг. к Таисия (см.).",Таисьи,,,,,Словарь русских личных имен Петровского
Ж,Тамара,,,,"-ы, ж.",Тамары,,,,,Словарь русских личных имен Петровского
Ж,Тамила,,Томила,Вариант,"-ы, ж. См. Томила.",Тамилы,,,,,Словарь русских личных имен Петровского
М,Тарас,Тарасий,,,"-а, м.; стар. Тарасий, -я.",Тараса,Тарасов,Тарасова,Тарасович,Тарасовна,Словарь русских личных имен Петровского
М,Тарасий,,Тарас,Стар. форма имени,"-я, м. Стар. форма имени Тарас (см.).",Тарасия,Тарасиев,Тарасиева,Тарасович,Тарасовна,(для варианта целевого современного отчества)
М,Тарасий,,,,,,Тарасьев,Тарасьева,Тарасиевич,Тарасиевна,"(для вариантов преобразования ""старого"" отчества в ""новое"")"
М,Тарасий,,Тарас,Стар. форма имени,"-я, м. Стар. форма имени Тарас (см.).",Тарасия,Тарасиев,Тарасиева,Тарасиевич,Тарасиевна,Словарь русских личных имен Петровского
Ж,Тарасия,,,Стар. редк.,"-и, ж. Стар. редк.",Тарасии,,,,,Словарь русских личных имен Петровского
М,Тарах,,,Стар. редк.,"-а, м. Стар. редк.",Тараха,Тарахов,Тарахова,Тарахович,Тараховна,Словарь русских личных имен Петровского
М,Таричан,,,Стар. редк.,"-а, м. Стар. редк.",Таричана,Таричанов,Таричанова,Таричанович,Таричановна,Словарь русских личных имен Петровского
Ж,Татиана,,Татьяна,Стар.,"-ы, ж. Стар. форма имени Татьяна (см.).",Татианы,,,,,Словарь русских личных имен Петровского
М,Татион,,,Стар. редк.,"-а, м. Стар. редк.",Татиона,Татионов,Татионова,Татионович,Татионовна,Словарь русских личных имен Петровского
Ж,Татьяна,Татиана,,,"-ы, ж.; стар. Татиана, -ы.",Татьяны,,,,,Словарь русских личных имен Петровского
М,Твердислав,,,Слав. редк.,"-а, м. Слав. редк.",Твердислава,Твердиславов,Твердиславова,Твердиславович,Твердиславовна,Словарь русских личных имен Петровского
М,Творимир,,,Слав. редк.,"-а, м. Слав. редк.",Творимира,Творимиров,Творимирова,Творимирович,Творимировна,Словарь русских личных имен Петровского
Ж,Текуса,Текуста,,Стар. редк.,"-ы, ж. Стар. редк.; разг. Текуста, -ы.",Текусы,,,,,Словарь русских личных имен Петровского
Ж,Текуста,,Текуса,Разг.,"-ы, ж. Разг. к Текуса (см.).",Текусты,,,,,Словарь русских личных имен Петровского
М,Теодор,,,Стар. редк.,"-а, м. Стар. редк.",Теодора,Теодоров,Теодорова,Теодорович,Теодоровна,Словарь русских личных имен Петровского
Ж,Тереза,Терезия,,,"-ы, ж.; стар. Терезия, -и.",Терези,,,,,Словарь русских личных имен Петровского
Ж,Терезия,,Тереза,Стар.,"-и, ж. Стар. форма имени Тереза (см.).",Терезии,,,,,Словарь русских личных имен Петровского
М,Терентий,,,,"-я, м.",Терентия,Терентьев,Терентьева,Терентиевич,Терентиевна,Словарь русских личных имен Петровского
М,Тертий,,,Стар. редк.,"-я, м. Стар. редк.",Тертия,Тертиев,Тертиева,Тертиевич,Тертиевна,Словарь русских личных имен Петровского
М,Тиберий,,,,,,Тиберьев,Тиберьева,Тибериевич,Тибериевна,"(для вариантов преобразования ""старого"" отчества в ""новое"")"
М,Тиберий,,,Стар. редк.,"-я, м. Стар. редк.",Тиберия,Тибериев,Тибериева,Тибериевич,Тибериевна,Словарь русских личных имен Петровского
М,Тивуртий,,,,,,Тивуртьев,Тивуртьева,Тивуртиевич,Тивуртиевна,"(для вариантов преобразования ""старого"" отчества в ""новое"")"
М,Тивуртий,,,Стар. редк.,"-я, м. Стар. редк.",Тивуртия,Тивуртиев,Тивуртиева,Тивуртиевич,Тивуртиевна,Словарь русских личных имен Петровского
М,Тигр,,Тигрий,Разг.,"-а, м. Разг. к Тигрий (см.).",Тигра,Тигров,Тигрова,Тигриевич,Тигриевна,(для варианта целевого современного отчества)
М,Тигр,,Тигрий,Разг.,"-а, м. Разг. к Тигрий (см.).",Тигра,Тигров,Тигрова,Тигрович,Тигровна,Словарь русских личных имен Петровского
М,Тигрий,,,Стар. редк.,"-я, м. Стар. редк.; разг. Тигр, -а.",Тигрия,Тигриев,Тигриева,Тигриевич,Тигриевна,Словарь русских личных имен Петровского
Ж,Тигрия,,,Стар. редк.,"-и, ж. Стар. редк.",Тигрии,,,,,Словарь русских личных имен Петровского
М,Тимолай,,,Стар. редк.,"-я, м. Стар. редк.",Тимолая,Тимолаев,Тимолаева,Тимолаевич,Тимолаевна,Словарь русских личных имен Петровского
М,Тимон,,,Стар. редк.,"-а, м. Стар. редк.",Тимона,Тимонов,Тимонова,Тимонович,Тимоновна,Словарь русских личных имен Петровского
М,Тимофей,,,,"-я, м.",Тимофея,Тимофеев,Тимофеева,Тимофеевич,Тимофеевна,Словарь русских личных имен Петровского
М,Тимур,,,Заимств.,"-а, м. Заимств.",Тимура,Тимуров,Тимурова,Тимурович,Тимуровна,Словарь русских личных имен Петровского
М,Тит,,,,"-а, м.",Титов,Титов,Титова,Титович,Титовна,Словарь русских личных имен Петровского
М,Тихик,,,Стар. редк.,"-а, м. Стар. редк.",Тихика,Тихиков,Тихикова,Тихикович,Тихиковна,Словарь русских личных имен Петровского
М,Тихомир,,,Слав. редк.,"-а, м. Слав. редк.",Тихомира,Тихомиров,Тихомирова,Тихомирович,Тихомировна,Словарь русских личных имен Петровского
М,Тихон,,,,"-а, м.",Тихона,Тихонов,Тихонова,Тихонович,Тихоновна,Словарь русских личных имен Петровского
М,Товий,,,,,,Товьев,Товьева,Товиевич,Товиевна,"(для вариантов преобразования ""старого"" отчества в ""новое"")"
М,Товий,Товия,,,"-я, м.; стар. Товия, -и.",Товия,Товиев,Товиева,Товиевич,Товиевна,Словарь русских личных имен Петровского
М,Товия,,Товий,Стар. форма имени,"-и, м. Стар. форма имени Товий (см.).",Товии,Товин,Товина,Товиевич,Товиевна,(для варианта целевого современного отчества)
М,Товия,,Товий,Стар. форма имени,"-и, м. Стар. форма имени Товий (см.).",Товии,Товин,Товина,Товиевич,Товиевна,Словарь русских личных имен Петровского
М,Том,,,Стар. редк.,"-а, м. Стар. редк.",Тома,Томов,Томова,Томович,Томовна,Словарь русских личных имен Петровского
Ж,Тома,,,,"-ы, ж.",Томы,,,,,Словарь русских личных имен Петровского
Ж,Томила,Тамила,,,"-ы, ж. и Тамила*, -ы. Ст.-русск. редк.",Томилы,,,,,Словарь русских личных имен Петровского
М,Торкват,,,Стар. редк.,"-а, м. Стар. редк.",Торквата,Торкватов,Торкватова,Торкватович,Торкватовна,Словарь русских личных имен Петровского
М,Традий,,Троадий,Разг.,"-я, м. Разг. к Троадий (см.).",Традия,Традиев,Традиева,Троадиевич,Троадиевна,(для варианта целевого современного отчества)
М,Традий,,,,,,Традьев,Традьева,Традиевич,Традиевна,"(для вариантов преобразования ""старого"" отчества в ""новое"")"
М,Традий,,Троадий,Разг.,"-я, м. Разг. к Троадий (см.).",Традия,Традиев,Традиева,Традиевич,Традиевна,Словарь русских личных имен Петровского
М,Транквиллин,,,Стар. редк.,"-а, м. Стар. редк.",Транквиллина,Транквиллинов,Транквиллинова,Транквиллинович,Транквиллиновна,Словарь русских личных имен Петровского
Ж,Транквиллина,,,Стар. редк.,"-ы, ж. Стар. редк.",Транквиллины,,,,,Словарь русских личных имен Петровского
М,Тривимий,,,,,,Тривимьев,Тривимьева,Тривимиевич,Тривимиевна,"(для вариантов преобразования ""старого"" отчества в ""новое"")"
М,Тривимий,,,Стар. редк.,"-я, м. Стар. редк.",Тривимия,Тривимиев,Тривимиева,Тривимиевич,Тривимиевна,Словарь русских личных имен Петровского
Ж,Трифена,,,Стар. редк.,"-ы, ж. Стар. редк.",Трифены,,,,,Словарь русских личных имен Петровского
М,Трифил,,Трифилий,Разг.,"-а, м. Разг. к Трифилий (см.).",Трифила,Трифилов,Трифилова,Трифилиевич,Трифилиевна,(для варианта целевого современного отчества)
М,Трифил,,Трифилий,Разг.,"-а, м. Разг. к Трифилий (см.).",Трифила,Трифилов,Трифилова,Трифилович,Трифиловна,Словарь русских личных имен Петровского
М,Трифилий,,,,,,Трифильев,Трифильева,Трифилиевич,Трифилиевна,"(для вариантов преобразования ""старого"" отчества в ""новое"")"
М,Трифилий,Трифиллий,,,"-я, м. и Трифиллий, -я; разг. Трифил, -а.",Трифилия,Трифилиев,Трифилиева,Трифилиевич,Трифилиевна,Словарь русских личных имен Петровского
М,Трифиллий,,Трифилий,Вариант,"-я, м. См. Трифилий.",Трифиллия,Трифиллиев,Трифиллиева,Трифилиевич,Трифилиевна,(для варианта целевого современного отчества)
М,Трифиллий,,,,,,Трифилльев,Трифилльева,Трифиллиевич,Трифиллиевна,"(для вариантов преобразования ""старого"" отчества в ""новое"")"
М,Трифиллий,,Трифилий,Вариант,"-я, м. См. Трифилий.",Трифиллия,Трифиллиев,Трифиллиева,Трифиллиевич,Трифиллиевна,Словарь русских личных имен Петровского
М,Трифон,Трифан,,,"-а, м.; прост. Трифан, -а.",Трифона,Трифонов,Трифонова,Трифонович,Трифоновна,Словарь русских личных имен Петровского
М,Троадий,,,,,,Троадьев,Троадьева,Троадиевич,Троадиевна,"(для вариантов преобразования ""старого"" отчества в ""новое"")"
М,Троадий,,,Стар. редк.,"-я, м. Стар. редк.; разг. Традий, -я.",Троадия,Троадиев,Троадиева,Троадиевич,Троадиевна,Словарь русских личных имен Петровского
М,Тромед,,,Стар. редк.,"-а, м. Стар. редк.",Тромеда,Тромедов,Тромедова,Тромедович,Тромедовна,Словарь русских личных имен Петровского
М,Трофим,,,,"-а, м.",Трофима,Трофимов,Трофимова,Трофимович,Трофимовна,Словарь русских личных имен Петровского
Ж,Трофима,,,Стар. редк.,"-ы, ж. Стар. редк.",Трофимы,,,,,Словарь русских личных имен Петровского
М,Турвон,,,Стар. редк.,"-а, м. Стар. редк.",Турвона,Турвонов,Турвонова,Турвонович,Турвоновна,Словарь русских личных имен Петровского
М,Уар,,Увар,Стар. форма имени,"-а, м. Стар. форма имени Увар (см.).",Уара,Уаров,Уарова,Уварович,Уваровна,(для варианта целевого современного отчества)
М,Уар,,Увар,Стар. форма имени,"-а, м. Стар. форма имени Увар (см.).",Уара,Уаров,Уарова,Уарович,Уаровна,Словарь русских личных имен Петровского
М,Увар,Уар,,,"-а, м.; стар. Уар, -а.",Увара,Уваров,Уварова,Уварович,Уваровна,Словарь русских личных имен Петровского
М,Увеналий,,Ювеналий,Разг.,"-я, м. Разг. к Ювеналий (см.).",Увеналия,Увеналиев,Увеналиева,Ювеналиевич,Ювеналиевна,(для варианта целевого современного отчества)
М,Увеналий,,,,,,Увенальев,Увенальева,Увеналиевич,Увеналиевна,"(для вариантов преобразования ""старого"" отчества в ""новое"")"
М,Увеналий,,Ювеналий,Разг.,"-я, м. Разг. к Ювеналий (см.).",Увеналия,Увеналиев,Увеналиева,Увеналиевич,Увеналиевна,Словарь русских личных имен Петровского
М,Уврикий,,,,,,Уврикьев,Уврикьева,Уврикиевич,Уврикиевна,"(для вариантов преобразования ""старого"" отчества в ""новое"")"
М,Уврикий,,,Стар. редк.,"-я, м. Стар. редк.",Уврикия,Уврикиев,Уврикиева,Уврикиевич,Уврикиевна,Словарь русских личных имен Петровского
Ж,Улита,,Иулитта,Разг.,"-ы, ж. Разг. к Иулитта (см.).",Улиты,,,,,Словарь русских личных имен Петровского
М,Ульян,,Юлиан,Разг.,"-а, м. Разг. к Юлиан (см.).",Ульяна,Ульянов,Ульянова,Юлианович,Юлиановна,(для варианта целевого современного отчества)
М,Ульян,,Юлиан,Разг.,"-а, м. Разг. к Юлиан (см.).",Ульяна,Ульянов,Ульянова,Ульянович,Ульяновна,Словарь русских личных имен Петровского
Ж,Ульяна,Ульяния,Юлиана,Разг.,"-ы, ж. Разг. к Юлиана (см.).",Ульяны,,,,,Словарь русских личных имен Петровского
М,Урбан,,,Стар. редк.,"-а, м. Стар. редк.",Урбана,Урбанов,Урбанова,Урбанович,Урбановна,Словарь русских личных имен Петровского
Ж,Урбана,,,Стар. редк.,"-ы, ж. Стар. редк.",Урбаны,,,,,Словарь русских личных имен Петровского
М,Урван,,,Стар. редк.,"-а, м. Стар. редк.",Урвана,Урванов,Урванова,Урванович,Урвановна,Словарь русских личных имен Петровского
М,Урвикий,,,,,,Урвикьев,Урвикьева,Урвикиевич,Урвикиевна,"(для вариантов преобразования ""старого"" отчества в ""новое"")"
М,Урвикий,,,Стар. редк.,"-я, м. Стар. редк.",Урвикия,Урвикиев,Урвикиева,Урвикиевич,Урвикиевна,Словарь русских личных имен Петровского
М,Уриил,,,Стар. редк.,"-а, м. Стар. редк.",Уриила,Уриилов,Уриилова,Уриилович,Урииловна,Словарь русских личных имен Петровского
М,Урош,,,Стар. редк.,"-а, м. Стар. редк.",Уроша,Урошов,Урошова,Урошевич,Урошевна,Словарь русских личных имен Петровского
Ж,Урсула,,,Заимств.,"-ы, ж. Заимств.",Урсулы,,,,,Словарь русских личных имен Петровского
М,Устин,,Юстин,Разг.,"-а, м. Разг. к Юстин (см.).",Устина,Устинов,Устинова,Юстинович,Юстиновна,(для варианта целевого современного отчества)
М,Устин,,Юстин,Разг.,"-а, м. Разг. к Юстин (см.).",Устина,Устинов,Устинова,Устинович,Устиновна,Словарь русских личных имен Петровского
Ж,Устина,,Юстина,Разг.,"-ы, ж. Разг. к Юстина (см.).",Устины,,,,,Словарь русских личных имен Петровского
Ж,Устиния,Иустиния,Юстина,Разг.,"-и, ж. Разг. к Юстина (см.).",Устинии,,,,,Словарь русских личных имен Петровского
Ж,Устинья,Иустинья,Юстина,Разг.,"-и, ж. Разг. к Юстина (см.).",Устиньи,,,,,Словарь русских личных имен Петровского
М,Усфазан,,,Стар. редк.,"-а, м. Стар. редк.",Усфазана,Усфазанов,Усфазанова,Усфазанович,Усфазановна,Словарь русских личных имен Петровского
М,Фабиан,,,Стар. редк.,"-а, м. Стар. редк.",Фабиана,Фабианов,Фабианова,Фабианович,Фабиановна,Словарь русских личных имен Петровского
М,Фабий,,,,,,Фабьев,Фабьева,Фабиевич,Фабиевна,"(для вариантов преобразования ""старого"" отчества в ""новое"")"
М,Фабий,,,Стар. редк.,"-я, м. Стар. редк.",Фабия,Фабиев,Фабиева,Фабиевич,Фабиевна,Словарь русских личных имен Петровского
М,Фавий,,,,,,Фавьев,Фавьева,Фавиевич,Фавиевна,"(для вариантов преобразования ""старого"" отчества в ""новое"")"
М,Фавий,,,Стар. редк.,"-я, м. Стар. редк.",Фавия,Фавиев,Фавиева,Фавиевич,Фавиевна,Словарь русских личных имен Петровского
М,Фавмасий,,,,,,Фавмасьев,Фавмасьева,Фавмасиевич,Фавмасиевна,"(для вариантов преобразования ""старого"" отчества в ""новое"")"
М,Фавмасий,,,Стар. редк.,"-я, м. Стар. редк.",Фавмасия,Фавмасиев,Фавмасиева,Фавмасиевич,Фавмасиевна,Словарь русских личных имен Петровского
М,Фавст,Фаст,,,"-а, м.; разг. Фаст, -а.",Фавста,Фавстов,Фавстова,Фавстович,Фавстовна,Словарь русских личных имен Петровского
Ж,Фавста,Фаста,,,"-ы, ж.; разг. Фаста, -ы.",Фавсты,,,,,Словарь русских личных имен Петровского
М,Фавстиан,,,Стар. редк.,"-а, м. Стар. редк.",Фавстиана,Фавстианов,Фавстианова,Фавстианович,Фавстиановна,Словарь русских личных имен Петровского
Ж,Фавстина,,,Стар. редк.,"-ы, ж. Стар. редк.",Фавстины,,,,,Словарь русских личных имен Петровского
М,Фаддей,Фадей,,,"-я, м.; разг. Фадей, -я.",Фаддея,Фаддеев,Фаддеева,Фаддеевич,Фаддеевна,Словарь русских личных имен Петровского
М,Фадей,,Фаддей,Разг.,"-я, м. Разг. к Фаддей (см.).",Фадея,Фадеев,Фадеева,Фаддеевич,Фаддеевна,(для варианта целевого современного отчества)
М,Фадей,,Фаддей,Разг.,"-я, м. Разг. к Фаддей (см.).",Фадея,Фадеев,Фадеева,Фадеевич,Фадеевна,Словарь русских личных имен Петровского
Ж,Фаина,,,,"-ы, ж.",Фаины,,,,,Словарь русских личных имен Петровского
М,Фал,,,Стар. редк.,"-а, м. Стар. редк.",Фала,Фалов,Фалова,Фалович,Фаловна,Словарь русских личных имен Петровского
М,Фалалей,Фалей,,,"-я, м.; разг. Фалей, -я и Фалелей, -я.",Фалалея,Фалалеев,Фалалеева,Фалалеевич,Фалалеевна,Словарь русских личных имен Петровского
М,Фаласий,,Фалассий,Разг.,"-я, м. Разг. к Фалассий (см.).",Фаласия,Фаласиев,Фаласиева,Фалассиевич,Фалассиевна,(для варианта целевого современного отчества)
М,Фаласий,,,,,,Фаласьев,Фаласьева,Фаласиевич,Фаласиевна,"(для вариантов преобразования ""старого"" отчества в ""новое"")"
М,Фаласий,,Фалассий,Разг.,"-я, м. Разг. к Фалассий (см.).",Фаласия,Фаласиев,Фаласиева,Фаласиевич,Фаласиевна,Словарь русских личных имен Петровского
М,Фалассий,,,,,,Фалассьев,Фалассьева,Фалассиевич,Фалассиевна,"(для вариантов преобразования ""старого"" отчества в ""новое"")"
М,Фалассий,Фаласий,,,"-я, м.; разг. Фаласий, -я.",Фалассия,Фалассиев,Фалассиева,Фалассиевич,Фалассиевна,Словарь русских личных имен Петровского
М,Фалей,,Фалалей,Разг.,"-я, м. Разг. к Фалалей (см.).",Фалея,Фалеев,Фалеева,Фалалеевич,Фалалеевна,(для варианта целевого современного отчества)
М,Фалей,,Фалалей,Разг.,"-я, м. Разг. к Фалалей (см.).",Фалея,Фалеев,Фалеева,Фалеевич,Фалеевна,Словарь русских личных имен Петровского
М,Фалелей,,Фалалей,Разг.,"-я, м. Разг. к Фалалей (см.).",Фалелея,Фалелеев,Фалелеева,Фалалеевич,Фалалеевна,(для варианта целевого современного отчества)
М,Фалелей,,Фалалей,Разг.,"-я, м. Разг. к Фалалей (см.).",Фалелея,Фалелеев,Фалелеева,Фалелеевич,Фалелеевна,Словарь русских личных имен Петровского
М,Фан,,,Стар. редк.,"-а, м. Стар. редк.",Фана,Фанов,Фанова,Фанович,Фановна,Словарь русских личных имен Петровского
М,Фантин,Фантей,,,"-а, м.; прост. Фантей, -я.",Фантина,Фантинов,Фантинова,Фантинович,Фантиновна,Словарь русских личных имен Петровского
Ж,Фантина,,,,"-ы, ж.",Фантины,,,,,Словарь русских личных имен Петровского
М,Фармуфий,,,,,,Фармуфьев,Фармуфьева,Фармуфиевич,Фармуфиевна,"(для вариантов преобразования ""старого"" отчества в ""новое"")"
М,Фармуфий,,,Стар. редк.,"-я, м. Стар. редк.",Фармуфия,Фармуфиев,Фармуфиева,Фармуфиевич,Фармуфиевна,Словарь русских личных имен Петровского
М,Фарнакий,,,Стар. редк.,"-я, м. Стар. редк.",Фарнакия,Фарнакиев,Фарнакиева,Фарнакиевич,Фарнакиевна,Словарь русских личных имен Петровского
М,Фаст,,Фавст,Разг.,"-а, м. Разг. к Фавст (см.).",Фаста,Фастов,Фастова,Фавстович,Фавстовна,(для варианта целевого современного отчества)
М,Фаст,,Фавст,Разг.,"-а, м. Разг. к Фавст (см.).",Фаста,Фастов,Фастова,Фастович,Фастовна,Словарь русских личных имен Петровского
Ж,Фаста,,Фавста,Разг.,"-ы, ж. Разг. к Фавста (см.).",Фасты,,,,,Словарь русских личных имен Петровского
М,Фауст,,,Заимств.,"-а, м. Заимств.",Фауста,Фаустов,Фаустова,Фаустович,Фаустовна,Словарь русских личных имен Петровского
Ж,Феа,,Фея,Стар.,"-и, ж. Стар. форма имени Фея (см.).",Феи,,,,,Словарь русских личных имен Петровского
М,Феаген,,,Стар. редк.,"-а, м. Стар. редк.",Феагена,Феагенов,Феагенова,Феагенович,Феагеновна,Словарь русских личных имен Петровского
М,Феб,,,Стар. редк.,"-а, м. Стар. редк.",Феба,Фебов,Фебова,Фебович,Фебовна,Словарь русских личных имен Петровского
Ж,Феврония,Февронья,,,"-и, ж.; разг. Февронья, -и; прост. Хаврония, -и и Хавронья, -и.",Февронии,,,,,Словарь русских личных имен Петровского
Ж,Февронья,,Феврония,Разг.,"-и, ж. Разг. к Феврония (см.).",Февроньи,,,,,Словарь русских личных имен Петровского
М,Федим,,,Стар. редк.,"-а, м. Стар. редк.",Федима,Федимов,Федимова,Федимович,Федимовна,Словарь русских личных имен Петровского
Ж,Федоза,,,Стар. редк.,"-ы, ж. Стар. редк.",Федозы,,,,,Словарь русских личных имен Петровского
М,Федор,Фёдор,,,"-а, м.; прост. Федан, -а; стар. Феодор, -а.",Федора,Федоров,Федорова,Федорович,Федоровна,Словарь русских личных имен Петровского
Ж,Федора,,Феодора,Разг.,"-ы, ж. Разг. к Феодора (см.).",Федоры,,,,,Словарь русских личных имен Петровского
М,Федорит,,Феодорит,Разг.,"-а, м. Разг. к Феодорит (см.).",Федорита,Федоритов,Федоритова,Феодоритович,Феодоритовна,(для варианта целевого современного отчества)
М,Федорит,,Феодорит,Разг.,"-а, м. Разг. к Феодорит (см.).",Федорита,Федоритов,Федоритова,Федоритович,Федоритовна,Словарь русских личных имен Петровского
М,Федос,,Феодосий,Разг.,"-а, м. Разг. к Феодосий (см.).",Федоса,Федосов,Федосова,Феодосиевич,Феодосиевна,(для варианта целевого современного отчества)
М,Федос,,Феодосий,Разг.,"-а, м. Разг. к Феодосий (см.).",Федоса,Федосов,Федосова,Федосович,Федосовна,Словарь русских личных имен Петровского
М,Федосей,,Феодосий,Разг.,"-я, м. Разг. к Феодосий (см.).",Федосея,Федосеев,Федосеева,Феодосиевич,Феодосиевна,(для варианта целевого современного отчества)
М,Федосей,,Феодосий,Разг.,"-я, м. Разг. к Феодосий (см.).",Федосея,Федосеев,Федосеева,Федосеевич,Федосеевна,Словарь русских личных имен Петровского
М,Федосий,,Феодосий,Разг.,"-я, м. Разг. к Феодосий (см.).",Федосия,Федосиев,Федосиева,Феодосиевич,Феодосиевна,(для варианта целевого современного отчества)
М,Федосий,,,,,,Федосьев,Федосьева,Федосиевич,Федосиевна,"(для вариантов преобразования ""старого"" отчества в ""новое"")"
М,Федосий,,Феодосий,Разг.,"-я, м. Разг. к Феодосий (см.).",Федосия,Федосиев,Федосиева,Федосиевич,Федосиевна,Словарь русских личных имен Петровского
Ж,Федосия,,Феодосия,Разг.,"-и, ж. Разг. к Феодосия (см.).",Федосии,,,,,Словарь русских личных имен Петровского
Ж,Федосья,,Феодосия,Разг.,"-и, ж. Разг. к Феодосия (см.).",Федосьи,,,,,Словарь русских личных имен Петровского
М,Федот,Феодот,,,"-а, м.; разг. Федотий, -я; стар. Феодот, -а.",Федота,Федотов,Федотова,Федотович,Федотовна,Словарь русских личных имен Петровского
М,Федотий,,Федот,Разг.,"-я, м. Разг. к Федот (см.).",Федотия,Федотиев,Федотиева,Федотович,Федотовна,(для варианта целевого современного отчества)
М,Федотий,,,,,,Федотьев,Федотьева,Федотиевич,Федотиевна,"(для вариантов преобразования ""старого"" отчества в ""новое"")"
М,Федотий,,Федот,Разг.,"-я, м. Разг. к Федот (см.).",Федотия,Федотиев,Федотиева,Федотиевич,Федотиевна,Словарь русских личных имен Петровского
Ж,Федотия,,Феодотия,Разг.,"-и, ж. Разг. к Феодотия (см.).",Федотии,,,,,Словарь русских личных имен Петровского
Ж,Федотья,,Феодотия,Разг.,"-и, ж. Разг. к Феодотия (см.).",Федотьи,,,,,Словарь русских личных имен Петровского
М,Федр,,,Стар. редк.,"-а, м. Стар. редк.",Федра,Федров,Федрова,Федрович,Федровна,Словарь русских личных имен Петровского
М,Федул,,Феодул,Разг.,"-а, м. Разг. к Феодул (см.).",Федула,Федулов,Федулова,Феодулович,Феодуловна,(для варианта целевого современного отчества)
М,Федул,,Феодул,Разг.,"-а, м. Разг. к Феодул (см.).",Федула,Федулов,Федулова,Федулович,Федуловна,Словарь русских личных имен Петровского
М,Федулий,,Феодул,Разг.,"-я, м. Разг. к Феодул (см.).",Федулия,Федулиев,Федулиева,Феодулович,Феодуловна,(для варианта целевого современного отчества)
М,Федулий,,,,,,Федульев,Федульева,Федульевич,Федульевна,"(для вариантов преобразования ""старого"" отчества в ""новое"")"
М,Федулий,,Феодул,Разг.,"-я, м. Разг. к Феодул (см.).",Федулия,Федулиев,Федулиева,Федульевич,Федульевна,Словарь русских личных имен Петровского
Ж,Фекла,Фёкла,,Стар.,"-ы, ж. Стар. форма имени Фёкла (см.).",Феклы,,,,,Словарь русских личных имен Петровского
Ж,Фекуса,,,Стар. редк.,"-ы, ж. Стар. редк.",Фекусы,,,,,Словарь русских личных имен Петровского
М,Феликиссим,,,Стар. редк.,"-а, м. Стар. редк.",Феликиссима,Феликиссимов,Феликиссимова,Феликиссимович,Феликиссимовна,Словарь русских личных имен Петровского
М,Феликс,,,,"-а, м.",Феликса,Феликсов,Феликсова,Феликсович,Феликсовна,Словарь русских личных имен Петровского
Ж,Феликса,,,Редк.,"-ы, ж. Редк.",Феликсы,,,,,Словарь русских личных имен Петровского
Ж,Фелица,,Фелицитата,Разг.,"-ы, ж. Разг. к Фелицитата (см.).",Фелицы,,,,,Словарь русских личных имен Петровского
Ж,Фелица,,Фелиция,Разг.,"-ы, ж. Разг. к Фелиция (см.).",Фелицы,,,,,Словарь русских личных имен Петровского
Ж,Фелицата,Фелисада,,,"-ы, ж.; прост. Фелисада, -ы и Фелисата, -ы.",Фелицаты,,,,,Словарь русских личных имен Петровского
М,Фелициан,,,Стар. редк.,"-а, м. Стар. редк.",Фелициана,Фелицианов,Фелицианова,Фелицианович,Фелициановна,Словарь русских личных имен Петровского
Ж,Фелициана,,,Редк.,"-ы, ж. Редк.",Фелицианы,,,,,Словарь русских личных имен Петровского
М,Фелициссим,,,Стар. редк.,"-а, м. Стар. редк.",Фелициссима,Фелициссимов,Фелициссимова,Фелициссимович,Фелициссимовна,Словарь русских личных имен Петровского
Ж,Фелицитата,Фелица,,,"-ы, ж.; разг. Фелица 1, -ы.",Фелицитаты,,,,,Словарь русских личных имен Петровского
Ж,Фелиция,Фелица,,,"-и, ж.; разг. Фелица 2, -ы.",Фелиции,,,,,Словарь русских личных имен Петровского
М,Фемелий,,,,,,Фемельев,Фемельева,Фемелиевич,Фемелиевна,"(для вариантов преобразования ""старого"" отчества в ""новое"")"
М,Фемелий,,,Стар. редк.,"-я, м. Стар. редк.",Фемелия,Фемелиев,Фемелиева,Фемелиевич,Фемелиевна,Словарь русских личных имен Петровского
М,Фемистокл,Фемистоклей,,,"-а, м.; стар. Фемистоклей, -я.",Фемистокла,Фемистоклов,Фемистоклова,Фемистоклович,Фемистокловна,Словарь русских личных имен Петровского
М,Фемистоклей,,Фемистокл,Стар. форма имени,"-я, м. Стар. форма имени Фемистокл (см.).",Фемистоклея,Фемистоклеев,Фемистоклеева,Фемистоклович,Фемистокловна,(для варианта целевого современного отчества)
М,Фемистоклей,,Фемистокл,Стар. форма имени,"-я, м. Стар. форма имени Фемистокл (см.).",Фемистоклея,Фемистоклеев,Фемистоклеева,Фемистоклеевич,Фемистоклеевна,Словарь русских личных имен Петровского
М,Феникс,,,Стар. редк.,"-а, м. Стар. редк.",Феникса,Фениксов,Фениксова,Фениксович,Фениксовна,Словарь русских личных имен Петровского
М,Феноген,,Феоген,Разг.,"-а, м. Разг. к Феоген (см.).",Феногена,Феногенов,Феногенова,Феогенович,Феогеновна,(для варианта целевого современного отчества)
М,Феноген,,Феоген,Разг.,"-а, м. Разг. к Феоген (см.).",Феногена,Феногенов,Феногенова,Феногенович,Феногеновна,Словарь русских личных имен Петровского
М,Феоген,Феноген,,,"-а, м.; разг. Феноген, -а.",Феогена,Феогенов,Феогенова,Феогенович,Феогеновна,Словарь русских личных имен Петровского
М,Феогнид,,,Стар. редк.,"-а, м. Стар. редк.",Феогнида,Феогнидов,Феогнидова,Феогнидович,Феогнидовна,Словарь русских личных имен Петровского
М,Феогний,,,Стар. редк.,"-я, м. Стар. редк.",Феогния,Феогниев,Феогниева,Феогниевич,Феогниевна,Словарь русских личных имен Петровского
Ж,Феогния,,,Редк.,"-и, ж. Редк.",Феогнии,,,,,Словарь русских личных имен Петровского
М,Феогност,,,Стар. редк.,"-а, м. Стар. редк.",Феогноста,Феогностов,Феогностова,Феогностович,Феогностовна,Словарь русских личных имен Петровского
М,Феодор,Фёдор,Федор,Стар. форма имени,"-а, м. Стар. форма имени Фёдор (см.).",Феодора,Феодоров,Феодорова,Федорович,Федоровна,(для варианта целевого современного отчества)
М,Феодор,Фёдор,Федор,Стар. форма имени,"-а, м. Стар. форма имени Фёдор (см.).",Феодора,Феодоров,Феодорова,Феодорович,Феодоровна,Словарь русских личных имен Петровского
Ж,Феодора,Федора,,,"-ы, ж.; разг. Федора, -ы и Дора, -ы.",Феодоры,,,,,Словарь русских личных имен Петровского
М,Феодорит,Федорит,,Стар. редк.,"-а, м. Стар. редк.; разг. Федорит, -а.",Феодорита,Феодоритов,Феодоритова,Феодоритович,Феодоритовна,Словарь русских личных имен Петровского
М,Феодосий,,,,,,Феодосьев,Феодосьева,Феодосиевич,Феодосиевна,"(для вариантов преобразования ""старого"" отчества в ""новое"")"
М,Феодосий,Федосей,,,"-я, м.; разг. Федос, -а, Федосий, -я и Федосей, -я.",Феодосия,Феодосиев,Феодосиева,Феодосиевич,Феодосиевна,Словарь русских личных имен Петровского
Ж,Феодосия,Федосия,,,"-и, ж.; разг. Федосия, -и и Федосья, -и; прост. Федосея, -и.",Феодосии,,,,,Словарь русских личных имен Петровского
М,Феодот,,Федот,Стар. форма имени,"-а, м. Стар. форма имени Федот (см.).",Феодота,Феодотов,Феодотова,Федотович,Федотовна,(для варианта целевого современного отчества)
М,Феодот,,Федот,Стар. форма имени,"-а, м. Стар. форма имени Федот (см.).",Феодота,Феодотов,Феодотова,Феодотович,Феодотовна,Словарь русских личных имен Петровского
Ж,Феодота,,,Стар. редк.,"-ы, ж. Стар. редк.",Феодоты,,,,,Словарь русских личных имен Петровского
Ж,Феодотия,Федотия,,,"-и, ж.; разг. Федотия, -и и Федотья, -и.",Феодотии,,,,,Словарь русских личных имен Петровского
М,Феодох,,,Стар. редк.,"-а, м. Стар. редк.",Феодоха,Феодохов,Феодохова,Феодохович,Феодоховна,Словарь русских личных имен Петровского
М,Феодул,Федул,,,"-а, м.; разг. Федул, -а и Федулий, -я; прост. Федулай, -я.",Феодула,Феодулов,Феодулова,Феодулович,Феодуловна,Словарь русских личных имен Петровского
Ж,Феодула,,,Стар. редк.,"-ы, ж. Стар. редк.",Феодулы,,,,,Словарь русских личных имен Петровского
Ж,Феодулия,,,Стар. редк.,"-и, ж. Стар. редк.",Феодулии,,,,,Словарь русских личных имен Петровского
Ж,Феоза,,Феозва,Разг.,"-ы, ж. Разг. к Феозва (см.).",Феозы,,,,,Словарь русских личных имен Петровского
Ж,Феозва,Феоза,,Стар. редк.,"-ы, ж. Стар. редк.; разг. Феоза, -ы.",Феозвы,,,,,Словарь русских личных имен Петровского
М,Феоктирист,,,Стар. редк.,"-а, м. Стар. редк.",Феоктириста,Феоктиристов,Феоктиристова,Феоктиристович,Феоктиристовна,Словарь русских личных имен Петровского
М,Феоктист,Феоктистий,,,"-а, м.; разг. Феоктистий, -я; прост. Фектист, -а и Фетис, -а.",Феоктиста,Феоктистов,Феоктистова,Феоктистович,Феоктистовна,Словарь русских личных имен Петровского
Ж,Феоктиста,Фектиста,,,"-ы, ж.; прост. Фектиста, -ы.",Феоктисты,,,,,Словарь русских личных имен Петровского
М,Феоктистий,,Феоктист,Разг.,"-я, м. Разг. к Феоктист (см.).",Феоктистия,Феоктистиев,Феоктистиева,Феоктистович,Феоктистовна,(для варианта целевого современного отчества)
М,Феоктистий,,,,,,Феоктистьев,Феоктистьева,Феоктистиевич,Феоктистиевна,"(для вариантов преобразования ""старого"" отчества в ""новое"")"
М,Феоктистий,,Феоктист,Разг.,"-я, м. Разг. к Феоктист (см.).",Феоктистия,Феоктистиев,Феоктистиева,Феоктистиевич,Феоктистиевна,Словарь русских личных имен Петровского
М,Феона,,,Стар. редк.,"-ы, м. Стар. редк.",Феоны,Феонин,Феонина,Феонич,Феонична,Словарь русских личных имен Петровского
Ж,Феонилла,,,Стар. редк.,"-ы, ж. Стар. редк.",Феониллы,,,,,Словарь русских личных имен Петровского
Ж,Феония,,Феона,Разг.,"-и, ж. Разг. к Феона (см.).",Феонии,,,,,Словарь русских личных имен Петровского
М,Феопемпт,,Феолент,Стар. форма имени,"-а, м. Стар. форма имени Феопент (см.).",Феопемпта,Феопемптов,Феопемптова,Феолентович,Феолентовна,(для варианта целевого современного отчества)
М,Феопемпт,,Феолент,Стар. форма имени,"-а, м. Стар. форма имени Феопент (см.).",Феопемпта,Феопемптов,Феопемптова,Феопемптович,Феопемптовна,Словарь русских личных имен Петровского
М,Феопент,Феопемпт,,,"-а, м.; стар. Феопемпт, -а.",Феопента,Феопентов,Феопентова,Феопентович,Феопентовна,Словарь русских личных имен Петровского
М,Феопист,,,Стар. редк.,"-а, м. Стар. редк.",Феописта,Феопистов,Феопистова,Феопистович,Феопистовна,Словарь русских личных имен Петровского
Ж,Феопистия,,,Стар. редк.,"-и, ж. Стар. редк.",Феопистии,,,,,Словарь русских личных имен Петровского
М,Феопрепий,,,,,,Феопрепьев,Феопрепьева,Феопрепиевич,Феопрепиевна,"(для вариантов преобразования ""старого"" отчества в ""новое"")"
М,Феопрепий,,,Стар. редк.,"-я, м. Стар. редк.",Феопрепия,Феопрепиев,Феопрепиева,Феопрепиевич,Феопрепиевна,Словарь русских личных имен Петровского
Ж,Феосевия,,,Стар. редк.,"-и, ж. Стар. редк.",Феосевии,,,,,Словарь русских личных имен Петровского
М,Феостирикт,,,Стар. редк.,"-а, м. Стар. редк.",Феостирикта,Феостириктов,Феостириктова,Феостириктович,Феостириктовна,Словарь русских личных имен Петровского
М,Феостих,,,Стар. редк.,"-а, м. Стар. редк.",Феостиха,Феостихов,Феостихова,Феостихович,Феостиховна,Словарь русских личных имен Петровского
М,Феотекн,,,Стар. редк.,"-а, м. Стар. редк.",Феотекна,Феотекнов,Феотекнова,Феотекнович,Феотекновна,Словарь русских личных имен Петровского
М,Феотих,,,Стар. редк.,"-а, м. Стар. редк.",Феотиха,Феотихов,Феотихова,Феотихович,Феотиховна,Словарь русских личных имен Петровского
М,Феофан,Феофантий,,,"-а, м.; разг. Феофантий, -я; прост. Фофан, -а.",Феофана,Феофанов,Феофанова,Феофанович,Феофановна,Словарь русских личных имен Петровского
Ж,Феофана,,Феофания,Разг.,"-ы, ж. Разг. к Феофания (см.).",Феофаны,,,,,Словарь русских личных имен Петровского
Ж,Феофания,Феофана,,,"-и, ж.; разг. Феофана, -ы.",Феофании,,,,,Словарь русских личных имен Петровского
М,Феофантий,,Феофан,Разг.,"-я, м. Разг. к Феофан (см.).",Феофантия,Феофантиев,Феофантиева,Феофанович,Феофановна,(для варианта целевого современного отчества)
М,Феофантий,,,,,,Феофантьев,Феофантьева,Феофантиевич,Феофантиевна,"(для вариантов преобразования ""старого"" отчества в ""новое"")"
М,Феофантий,,Феофан,Разг.,"-я, м. Разг. к Феофан (см.).",Феофантия,Феофантиев,Феофантиева,Феофантиевич,Феофантиевна,Словарь русских личных имен Петровского
М,Феофил,Фефил,,,"-а, м.; разг. Фефил, -а.",Феофила,Феофилов,Феофилова,Феофилович,Феофиловна,Словарь русских личных имен Петровского
Ж,Феофила,Фефела,,,"-ы, ж.; прост. Фефёла, -ы.",Феофилы,,,,,Словарь русских личных имен Петровского
М,Феофилакт,Филат,,,"-а, м.; народн. Филат, -а; разг. Феофилат, -а; прост. Фефилат, -а.",Феофилакта,Феофилактов,Феофилактова,Феофилактович,Феофилактовна,Словарь русских личных имен Петровского
М,Феофилат,,Феофилакт,Разг.,"-а, м. Разг. к Феофилакт (см.).",Феофилата,Феофилатов,Феофилатова,Феофилактович,Феофилактовна,(для варианта целевого современного отчества)
М,Феофилат,,Феофилакт,Разг.,"-а, м. Разг. к Феофилакт (см.).",Феофилата,Феофилатов,Феофилатова,Феофилатович,Феофилатовна,Словарь русских личных имен Петровского
М,Ферапонт,Фарафонт,,,"-а, м.; прост. Фарафонт, -а и Фарафонтий, -я.",Ферапонта,Ферапонтов,Ферапонтова,Ферапонтович,Ферапонтовна,Словарь русских личных имен Петровского
Ж,Фервуфа,,,Стар. редк.,"-ы, ж. Стар. редк.",Фервуфы,,,,,Словарь русских личных имен Петровского
М,Ферм,,,Стар. редк.,"-а, м. Стар. редк.",Ферма,Фермов,Фермова,Фермович,Фермовна,Словарь русских личных имен Петровского
М,Феспесий,,,,,,Феспесьев,Феспесьева,Феспесиевич,Феспесиевна,"(для вариантов преобразования ""старого"" отчества в ""новое"")"
М,Феспесий,,,Стар. редк.,"-я, м. Стар. редк.",Феспесия,Феспесиев,Феспесиева,Феспесиевич,Феспесиевна,Словарь русских личных имен Петровского
Ж,Фессалоника,,,,"-и, ж.",Фессалоники,,,,,Словарь русских личных имен Петровского
Ж,Фессалоникия,,,,"-и, ж.",Фессалоникии,,,,,Словарь русских личных имен Петровского
Ж,Фетиния,Фетинья,,,"-и, ж.; разг. Фетинья 1, -и.",Фетинии,,,,,Словарь русских личных имен Петровского
Ж,Фетинья,,Фетиния,Разг.,"-и, ж. Разг. к Фетиния (см.).",Фетиньи,,,,,Словарь русских личных имен Петровского
Ж,Фетинья,,Фотиния,Разг.,"-и, ж. Разг. к Фотиния (см.).",Фетиньи,,,,,Словарь русских личных имен Петровского
М,Фефил,,Феофил,Разг.,"-а, м. Разг. к Феофил (см.).",Фефила,Фефилов,Фефилова,Феофилович,Феофиловна,(для варианта целевого современного отчества)
М,Фефил,,Феофил,Разг.,"-а, м. Разг. к Феофил (см.).",Фефила,Фефилов,Фефилова,Фефилович,Фефиловна,Словарь русских личных имен Петровского
Ж,Фея,Феа,,,"-и, ж.; стар. Феа, -и.",Феи,,,,,Словарь русских личных имен Петровского
Ж,Фива,,,,"-ы, ж.",Фивы,,,,,Словарь русских личных имен Петровского
Ж,Фивея,,,Стар. редк.,"-и, ж. Стар. редк.",Фивеи,,,,,Словарь русских личных имен Петровского
М,Филагрий,,,Стар. редк.,"-я, м. Стар. редк.",Филагрия,Филагриев,Филагриева,Филагриевич,Филагриевна,Словарь русских личных имен Петровского
М,Филадельф,,,Стар. редк.,"-а, м. Стар. редк.",Филадельфа,Филадельфов,Филадельфова,Филадельфович,Филадельфовна,Словарь русских личных имен Петровского
М,Филарет,,,,"-а, м.",Филарета,Филаретов,Филаретова,Филаретович,Филаретовна,Словарь русских личных имен Петровского
Ж,Филарета,,,,"-ы, ж.",Филареты,,,,,Словарь русских личных имен Петровского
М,Филат,,Феофилакт,Народн. форма имени,"-а, м. Народн. форма имени Феофилакт (см.).",Филата,Филатов,Филатова,Феофилактович,Феофилактовна,(для варианта целевого современного отчества)
М,Филат,,Феофилакт,Народн. форма имени,"-а, м. Народн. форма имени Феофилакт (см.).",Филата,Филатов,Филатова,Филатович,Филатовна,Словарь русских личных имен Петровского
М,Филетер,,,Стар. редк.,"-а, м. Стар. редк.",Филетера,Филетеров,Филетерова,Филетерович,Филетеровна,Словарь русских личных имен Петровского
М,Филикс,,,Стар. редк.,"-а, м. Стар. редк.",Филикса,Филиксов,Филиксова,Филиксович,Филиксовна,Словарь русских личных имен Петровского
М,Филимон,Филон,,,"-а, м.; разг. Филон 2, -а.",Филимона,Филимонов,Филимонова,Филимонович,Филимоновна,Словарь русских личных имен Петровского
М,Филипий,,Филипп,Разг.,"-я, м. Разг. к Филипп (см.).",Филипия,Филипиев,Филипиева,Филиппович,Филипповна,(для варианта целевого современного отчества)
М,Филипий,,,,,,Филипьев,Филипьева,Филипьевич,Филипьевна,"(для вариантов преобразования ""старого"" отчества в ""новое"")"
М,Филипий,,Филипп,Разг.,"-я, м. Разг. к Филипп (см.).",Филипия,Филипиев,Филипиева,Филипьевич,Филипьевна,Словарь русских личных имен Петровского
М,Филипп,Филипий,,,"-а, м.; разг. Филипий, -я.",Филиппа,Филиппов,Филиппова,Филиппович,Филипповна,Словарь русских личных имен Петровского
Ж,Филиппа,,,Стар. редк.,"-ы, ж. Стар. редк.",Филиппы,,,,,Словарь русских личных имен Петровского
Ж,Филиппина,,Филиппия,Разг.,"-ы, ж. Разг. к Филиппия (см.).",Филиппины,,,,,Словарь русских личных имен Петровского
Ж,Филиппия,,,Стар. редк.,"-и, ж. Стар. редк.; разг. Филиппина, -ы.",Филиппии,,,,,Словарь русских личных имен Петровского
М,Филит,,,Стар. редк.,"-а, м. Стар. редк.",Филита,Филитов,Филитова,Филитович,Филитовна,Словарь русских личных имен Петровского
М,Филл,,,Стар. редк.,"-а, м. Стар. редк.",Филла,Филлов,Филлова,Филлович,Филловна,Словарь русских личных имен Петровского
М,Филогон,,Филогоний,Разг.,"-а, м. Разг. к Филогоний (см.).",Филогона,Филогонов,Филогонова,Филогониевич,Филогониевна,(для варианта целевого современного отчества)
М,Филогон,,Филогоний,Разг.,"-а, м. Разг. к Филогоний (см.).",Филогона,Филогонов,Филогонова,Филогонович,Филогоновна,Словарь русских личных имен Петровского
М,Филогоний,,,,,,Филогоньев,Филогоньева,Филогониевич,Филогониевна,"(для вариантов преобразования ""старого"" отчества в ""новое"")"
М,Филогоний,,,Стар. редк.,"-я, м. Стар. редк.; разг. Филогон, -а.",Филогония,Филогониев,Филогониева,Филогониевич,Филогониевна,Словарь русских личных имен Петровского
М,Филоктимон,,,Стар. редк.,"-а, м. Стар. редк.",Филоктимона,Филоктимонов,Филоктимонова,Филоктимонович,Филоктимоновна,Словарь русских личных имен Петровского
М,Филолог,,,Стар. редк.,"-а, м. Стар. редк.",Филолога,Филологов,Филологова,Филологович,Филологовна,Словарь русских личных имен Петровского
М,Филомен,,,Стар. редк.,"-а, м. Стар. редк.",Филомена,Филоменов,Филоменова,Филоменович,Филоменовна,Словарь русских личных имен Петровского
Ж,Филомена,,,Редк.,"-ы, ж. Редк.",Филомены,,,,,Словарь русских личных имен Петровского
М,Филон,Филонт,Филимон,Разг.,"-а, м. Разг. к Филимон (см.).",Филона,Филонов,Филонова,Филимонович,Филимоновна,(для варианта целевого современного отчества)
М,Филон,Филонт,Филимон,Разг.,"-а, м. Разг. к Филимон (см.).",Филона,Филонов,Филонова,Филонович,Филоновна,Словарь русских личных имен Петровского
М,Филон,Филонт,,Стар. редк.,"-а, м. Стар. редк.",Филона,Филонов,Филонова,Филонович,Филоновна,Словарь русских личных имен Петровского
Ж,Филонида,,Филонилла,Разг.,"-ы, ж. Разг. к Филонилла (см.).",Филониды,,,,,Словарь русских личных имен Петровского
Ж,Филонилла,Филонида,,,"-ы, ж.; разг. Филонида, -ы.",Филониллы,,,,,Словарь русских личных имен Петровского
М,Филором,,,Стар. редк.,"-а, м. Стар. редк.",Филорома,Филоромов,Филоромова,Филоромович,Филоромовна,Словарь русских личных имен Петровского
М,Философ,,,Стар. редк.,"-а, м. Стар. редк.",Философа,Философов,Философова,Философович,Философовна,Словарь русских личных имен Петровского
М,Филофей,,,,"-я, м.",Филофея,Филофеев,Филофеева,Филофеевич,Филофеевна,Словарь русских личных имен Петровского
Ж,Филофея,,,Стар. редк.,"-и, ж. Стар. редк.",Филофеи,,,,,Словарь русских личных имен Петровского
М,Филумен,,,Стар. редк.,"-а, м. Стар. редк.",Филумена,Филуменов,Филуменова,Филуменович,Филуменовна,Словарь русских личных имен Петровского
М,Финеес,,,Стар. редк.,"-а, м. Стар. редк.",Финееса,Финеесов,Финеесова,Финеесович,Финеесовна,Словарь русских личных имен Петровского
М,Финоген,,Афиноген,Разг.,"-а, м. Разг. к Афиноген (см.).",Финогена,Финогенов,Финогенова,Афиногенович,Афиногеновна,(для варианта целевого современного отчества)
М,Финоген,,Афиноген,Разг.,"-а, м. Разг. к Афиноген (см.).",Финогена,Финогенов,Финогенова,Финогенович,Финогеновна,Словарь русских личных имен Петровского
М,Фирмин,,,Стар. редк.,"-а, м. Стар. редк.",Фирмина,Фирминов,Фирминова,Фирминович,Фирминовна,Словарь русских личных имен Петровского
М,Фирмос,,,Стар. редк.,"-а, м. Стар. редк.",Фирмоса,Фирмосов,Фирмосова,Фирмосович,Фирмосовна,Словарь русских личных имен Петровского
М,Фирс,Фурс,,,"-а, м.; разг. Фурс, -а; прост. Фирсан, -а.",Фирса,Фирсов,Фирсова,Фирсович,Фирсовна,Словарь русских личных имен Петровского
Ж,Фиста,,,Стар. редк.,"-ы, ж. Стар. редк.",Фисты,,,,,Словарь русских личных имен Петровского
М,Фифаил,,,Стар. редк.,"-а, м. Стар. редк.",Фифаила,Фифаилов,Фифаилова,Фифаилович,Фифаиловна,Словарь русских личных имен Петровского
М,Флавиан,,,Стар. редк.,"-а, м. Стар. редк.",Флавиана,Флавианов,Флавианова,Флавианович,Флавиановна,Словарь русских личных имен Петровского
М,Флавий,,,,,,Флавьев,Флавьева,Флавиевич,Флавиевна,"(для вариантов преобразования ""старого"" отчества в ""новое"")"
М,Флавий,,,Стар. редк.,"-я, м. Стар. редк.",Флавия,Флавиев,Флавиева,Флавиевич,Флавиевна,Словарь русских личных имен Петровского
Ж,Флавия,,,Стар. редк.,"-и, ж. Стар. редк.",Флавии,,,,,Словарь русских личных имен Петровского
М,Флегонт,,,,"-а, м.",Флегонта,Флегонтов,Флегонтова,Флегонтович,Флегонтовна,Словарь русских личных имен Петровского
Ж,Флена,Флёна,,Стар.,"-ы, ж. Стар. форма имени Флёна (см.).",Флены,,,,,Словарь русских личных имен Петровского
М,Флор,,Флорентий,Разг.,"-а, м. Разг. к Флорентий (см.).",Флора,Флоров,Флорова,Флорентиевич,Флорентиевна,(для варианта целевого современного отчества)
М,Флор,,Флориан,Разг.,"-а, м. Разг. к Флориан (см.).",Флора,Флоров,Флорова,Флорианович,Флориановна,(для варианта целевого современного отчества)
М,Флор,,Флорентий,Разг.,"-а, м. Разг. к Флорентий (см.).",Флора,Флоров,Флорова,Флорович,Флоровна,Словарь русских личных имен Петровского
М,Флор,,Флориан,Разг.,"-а, м. Разг. к Флориан (см.).",Флора,Флоров,Флорова,Флорович,Флоровна,Словарь русских личных имен Петровского
М,Флор,Фрол,,,"-а, м.; разг. Фрол, -а; прост. Флёр, -а.",Флора,Флоров,Флорова,Флорович,Флоровна,Словарь русских личных имен Петровского
Ж,Флора,,,Заимств.,"-ы, ж. Заимств.",Флоры,,,,,Словарь русских личных имен Петровского
М,Флорентий,,,,,,Флорентьев,Флорентьева,Флорентиевич,Флорентиевна,"(для вариантов преобразования ""старого"" отчества в ""новое"")"
М,Флорентий,,,Стар. редк.,"-я, м. Стар. редк.; разг. Флор 2, -а.",Флорентия,Флорентиев,Флорентиева,Флорентиевич,Флорентиевна,Словарь русских личных имен Петровского
М,Флорентин,,,Стар. редк.,"-а, м. Стар. редк.",Флорентина,Флорентинов,Флорентинова,Флорентинович,Флорентиновна,Словарь русских личных имен Петровского
Ж,Флорентина,,,Редк.,"-ы, ж. Редк.",Флорентины,,,,,Словарь русских личных имен Петровского
М,Флориан,Флор,,,"-а, м.; разг. Флор 3, -а.",Флориана,Флорианов,Флорианова,Флорианович,Флориановна,Словарь русских личных имен Петровского
Ж,Флориана,,,,"-ы, ж.",Флорианы,,,,,Словарь русских личных имен Петровского
Ж,Флорида,,,,"-ы, ж.",Флориды,,,,,Словарь русских личных имен Петровского
М,Флорий,,,,,,Флорьев,Флорьева,Флориевич,Флориевна,"(для вариантов преобразования ""старого"" отчества в ""новое"")"
М,Флорий,,,Стар. редк.,"-я, м. Стар. редк.",Флория,Флориев,Флориева,Флориевич,Флориевна,Словарь русских личных имен Петровского
М,Фока,Фокей,,,"-и, м.; разг. Фокей, -я; прост. Фокан, -а.",Фоки,Фокин,Фокина,Фокич,Фокична,Словарь русских личных имен Петровского
М,Фокей,,Фока,Разг.,"-я, м. Разг. к Фока (см.).",Фокея,Фокеев,Фокеева,Фокич,Фокична,(для варианта целевого современного отчества)
М,Фокей,,Фока,Разг.,"-я, м. Разг. к Фока (см.).",Фокея,Фокеев,Фокеева,Фокеевич,Фокеевна,Словарь русских личных имен Петровского
М,Фоломей,,Варфоломей,Разг.,"-я, м. Разг. к Варфоломей (см.).",Фоломея,Фоломеев,Фоломеева,Варфоломеевич,Варфоломеевна,(для варианта целевого современного отчества)
М,Фоломей,,Варфоломей,Разг.,"-я, м. Разг. к Варфоломей (см.).",Фоломея,Фоломеев,Фоломеева,Фоломеевич,Фоломеевна,Словарь русских личных имен Петровского
М,Фома,Хома,,,"-ы, м.; прост. Хома, -ы.",Фомы,Фомин,Фомина,Фомич,Фоминична,Словарь русских личных имен Петровского
Ж,Фомаида,Фома,,,"-ы, ж.; разг. Фома, -ы.",Фомаиды,,,,,Словарь русских личных имен Петровского
М,Форвин,,,Стар. редк.,"-а, м. Стар. редк.",Форвина,Форвинов,Форвинова,Форвинович,Форвиновна,Словарь русских личных имен Петровского
М,Фортун,,,Стар. редк.,"-а, м. Стар. редк.",Фортуна,Фортунов,Фортунова,Фортунович,Фортуновна,Словарь русских личных имен Петровского
М,Фортунат,,,Стар. редк.,"-а, м. Стар. редк.",Фортуната,Фортунатов,Фортунатова,Фортунатович,Фортунатовна,Словарь русских личных имен Петровского
Ж,Фортуната,,,Стар. редк.,"-ы, ж. Стар. редк.",Фортунаты,,,,,Словарь русских личных имен Петровского
М,Фостирий,,,,,,Фостирьев,Фостирьева,Фостириевич,Фостириевна,"(для вариантов преобразования ""старого"" отчества в ""новое"")"
М,Фостирий,,,Стар. редк.,"-я, м. Стар. редк.",Фостирия,Фостириев,Фостириева,Фостириевич,Фостириевна,Словарь русских личных имен Петровского
М,Фот,,,Стар. редк.,"-а, м. Стар. редк.",Фота,Фотов,Фотова,Фотович,Фотовна,Словарь русских личных имен Петровского
М,Фотей,,Фотий,Разг.,"-я, м. Разг. к Фотий (см.).",Фотея,Фотеев,Фотеева,Фотиевич,Фотиевна,(для варианта целевого современного отчества)
М,Фотей,,Фотий,Разг.,"-я, м. Разг. к Фотий (см.).",Фотея,Фотеев,Фотеева,Фотеевич,Фотеевна,Словарь русских личных имен Петровского
М,Фотий,,,,,,Фотьев,Фотьева,Фотиевич,Фотиевна,"(для вариантов преобразования ""старого"" отчества в ""новое"")"
М,Фотий,Фотей,,,"-я, м.; разг. Фотей, -я; прост. Фотьян, -а.",Фотия,Фотиев,Фотиева,Фотиевич,Фотиевна,Словарь русских личных имен Петровского
М,Фотин,,,Стар. редк.,"-а, м. Стар. редк.",Фотина,Фотинов,Фотинова,Фотинович,Фотиновна,Словарь русских личных имен Петровского
Ж,Фотина,Хотина,,,"-ы, ж.; прост. Хотина, -ы.",Фотины,,,,,Словарь русских личных имен Петровского
Ж,Фотиния,Фотинья,,,"-и, ж.; разг. Фотинья, -и и Фетинья 2, -и.",Фотинии,,,,,Словарь русских личных имен Петровского
Ж,Фотинья,,Фотиния,Разг.,"-и, ж. Разг. к Фотиния (см.).",Фотиньи,,,,,Словарь русских личных имен Петровского
М,Фрол,,Флор,Разг.,"-а, м. Разг. к Флор 1 (см.).",Фрола,Фролов,Фролова,Флорович,Флоровна,(для варианта целевого современного отчества)
М,Фрол,,Флор,Разг.,"-а, м. Разг. к Флор 1 (см.).",Фрола,Фролов,Фролова,Фролович,Фроловна,Словарь русских личных имен Петровского
М,Фронтасий,,,,,,Фронтасьев,Фронтасьева,Фронтасиевич,Фронтасиевна,"(для вариантов преобразования ""старого"" отчества в ""новое"")"
М,Фронтасий,,,Стар. редк.,"-я, м. Стар. редк.",Фронтасия,Фронтасиев,Фронтасиева,Фронтасиевич,Фронтасиевна,Словарь русских личных имен Петровского
М,Фрументий,,,,,,Фрументьев,Фрументьева,Фрументиевич,Фрументиевна,"(для вариантов преобразования ""старого"" отчества в ""новое"")"
М,Фрументий,,,Стар. редк.,"-я, м. Стар. редк.",Фрументия,Фрументиев,Фрументиева,Фрументиевич,Фрументиевна,Словарь русских личных имен Петровского
М,Фульвиан,,,Стар. редк.,"-а, м. Стар. редк.",Фульвиана,Фульвианов,Фульвианова,Фульвианович,Фульвиановна,Словарь русских личных имен Петровского
М,Фурс,,Фирс,Разг.,"-а, м. Разг. к Фирс (см.).",Фурса,Фурсов,Фурсова,Фирсович,Фирсовна,(для варианта целевого современного отчества)
М,Фурс,,Фирс,Разг.,"-а, м. Разг. к Фирс (см.).",Фурса,Фурсов,Фурсова,Фурсович,Фурсовна,Словарь русских личных имен Петровского
М,Фусик,,,Стар. редк.,"-а, м. Стар. редк.",Фусика,Фусиков,Фусикова,Фусикович,Фусиковна,Словарь русских личных имен Петровского
М,Харалампий,,Харлампий,Стар. форма имени,"-я, м. Стар. форма имени Харлампий (см.).",Харалампия,Харалампиев,Харалампиева,Харлампиевич,Харлампиевна,(для варианта целевого современного отчества)
М,Харалампий,,Харлампий,Стар. форма имени,"-я, м. Стар. форма имени Харлампий (см.).",Харалампия,Харалампиев,Харалампиева,Харалампиевич,Харалампиевна,Словарь русских личных имен Петровского
Ж,Хариесса,,,Стар. редк.,"-ы, ж. Стар. редк.",Хариессы,,,,,Словарь русских личных имен Петровского
Ж,Хариса,,,Стар. редк.,"-ы, ж. Стар. редк.",Харисы,,,,,Словарь русских личных имен Петровского
М,Харисим,,,Стар. редк.,"-а, м. Стар. редк.",Харисима,Харисимов,Харисимова,Харисимович,Харисимовна,Словарь русских личных имен Петровского
М,Харит,,,Стар. редк.,"-а, м. Стар. редк.",Харита,Харитов,Харитова,Харитович,Харитовна,Словарь русских личных имен Петровского
Ж,Харита,,,,"-ы, ж.",Хариты,,,,,Словарь русских личных имен Петровского
Ж,Харитина,Харитинья,,,"-ы, ж.; разг. Харитинья, -и.",Харитини,,,,,Словарь русских личных имен Петровского
Ж,Харитинья,,Харитина,Разг.,"-и, ж. Разг. к Харитина (см.).",Харитиньи,,,,,Словарь русских личных имен Петровского
М,Харитон,Харитоний,,,"-а, м.; разг. Харитоний, -я.",Харитона,Харитонов,Харитонова,Харитонович,Харитоновна,Словарь русских личных имен Петровского
М,Харитоний,,Харитон,Разг.,"-я, м. Разг. к Харитон (см.).",Харитония,Харитониев,Харитониева,Харитонович,Харитоновна,(для варианта целевого современного отчества)
М,Харитоний,,,,,,Харитоньев,Харитоньева,Харитониевич,Харитониевна,"(для вариантов преобразования ""старого"" отчества в ""новое"")"
М,Харитоний,,Харитон,Разг.,"-я, м. Разг. к Харитон (см.).",Харитония,Харитониев,Харитониева,Харитониевич,Харитониевна,Словарь русских личных имен Петровского
М,Харлам,,Харлампий,Разг.,"-а, м. Разг. к Харлампий (см.).",Харлама,Харламов,Харламова,Харлампиевич,Харлампиевна,(для варианта целевого современного отчества)
М,Харлам,,Харлампий,Разг.,"-а, м. Разг. к Харлампий (см.).",Харлама,Харламов,Харламова,Харламович,Харламовна,Словарь русских личных имен Петровского
М,Харламп,,Харлампий,Разг.,"-а, м. Разг. к Харлампий (см.).",Харлампа,Харлампов,Харлампова,Харлампиевич,Харлампиевна,(для варианта целевого современного отчества)
М,Харламп,,Харлампий,Разг.,"-а, м. Разг. к Харлампий (см.).",Харлампа,Харлампов,Харлампова,Харлампович,Харламповна,Словарь русских личных имен Петровского
М,Харлампий,Харламп,,,"-я, м.; разг. Харламп, -а и Харлам, -а; стар. Харалампий, -я.",Харлампия,Харлампиев,Харлампиева,Харлампиевич,Харлампиевна,Словарь русских личных имен Петровского
Ж,Хина,,Хиония,Разг.,"-ы, ж. Разг. к Хиония (см.).",Хины,,,,,Словарь русских личных имен Петровского
Ж,Хиона,,Хиония,Разг.,"-ы, ж. Разг. к Хиония (см.).",Хионы,,,,,Словарь русских личных имен Петровского
Ж,Хиония,Хиона,,,"-и, ж.; разг. Хиона, -ы и Хина, -ы; прост. Фиона, -ы и Фиония, -и.",Хионии,,,,,Словарь русских личных имен Петровского
Ж,Хриса,,,Стар. редк.,"-ы, ж. Стар. редк.",Хрисы,,,,,Словарь русских личных имен Петровского
М,Хрисан,,Хрисанф,Разг.,"-а, м. Разг. к Хрисанф (см.).",Хрисана,Хрисанов,Хрисанова,Хрисанфович,Хрисанфовна,(для варианта целевого современного отчества)
М,Хрисан,,Хрисанф,Разг.,"-а, м. Разг. к Хрисанф (см.).",Хрисана,Хрисанов,Хрисанова,Хрисанович,Хрисановна,Словарь русских личных имен Петровского
М,Хрисанф,Кирсан,,,"-а, м.; разг. Кирсан, -а и Хрисан, -а.",Хрисанфа,Хрисанфов,Хрисанфова,Хрисанфович,Хрисанфовна,Словарь русских личных имен Петровского
М,Хрисий,,,,,,Хрисьев,Хрисьева,Хрисиевич,Хрисиевна,"(для вариантов преобразования ""старого"" отчества в ""новое"")"
М,Хрисий,,,Стар. редк.,"-я, м. Стар. редк.",Хрисия,Хрисиев,Хрисиева,Хрисиевич,Хрисиевна,Словарь русских личных имен Петровского
Ж,Хрисия,,,Стар. редк.,"-и, ж. Стар. редк.",Хрисии,,,,,Словарь русских личных имен Петровского
М,Хрисогон,,,Стар. редк.,"-а, м. Стар. редк.",Хрисогона,Хрисогонов,Хрисогонова,Хрисогонович,Хрисогоновна,Словарь русских личных имен Петровского
М,Хрисотель,,,Стар. редк.,"-я, м. Стар. редк.",Хрисотеля,Хрисотелев,Хрисотелева,Хрисотелевич,Хрисотелевна,Словарь русских личных имен Петровского
М,Христиан,,,Стар. редк.,"-а, м. Стар. редк.",Христиана,Христианов,Христианова,Христианович,Христиановна,Словарь русских личных имен Петровского
Ж,Христиана,,,Стар. редк.,"-ы, ж. Стар. редк.",Христианы,,,,,Словарь русских личных имен Петровского
Ж,Христина,Христинья,,,"-ы, ж.; разг. Христинья, -и и Кристина, -ы; прост. Кристинья, -и.",Христины,,,,,Словарь русских личных имен Петровского
Ж,Христиния,,Христина,,,Христинии,,,,,-
Ж,Христинья,,Христина,Разг.,"-и, ж. Разг. к Христина (см.).",Христиньи,,,,,Словарь русских личных имен Петровского
М,Христофор,,,,"-а, м.",Христофора,Христофоров,Христофорова,Христофорович,Христофоровна,Словарь русских личных имен Петровского
М,Хроний,,,,,,Хроньев,Хроньева,Хрониевич,Хрониевна,"(для вариантов преобразования ""старого"" отчества в ""новое"")"
М,Хроний,,,Стар. редк.,"-я, м. Стар. редк.",Хрония,Хрониев,Хрониева,Хрониевич,Хрониевна,Словарь русских личных имен Петровского
М,Худион,,,Стар. редк.,"-а, м. Стар. редк.",Худиона,Худионов,Худионова,Худионович,Худионовна,Словарь русских личных имен Петровского
М,Цветан,,,Слав. редк.,"-а, м. Слав. редк.",Цветана,Цветанов,Цветанова,Цветанович,Цветановна,Словарь русских личных имен Петровского
Ж,Цветана,,,Слав. редк.,"-ы, ж. Слав. редк.",Цветаны,,,,,Словарь русских личных имен Петровского
М,Цезарь,,,Заимств.,"-я, м. Заимств.",Цезаря,Цезарев,Цезарева,Цезаревич,Цезаревна,Словарь русских личных имен Петровского
М,Целестин,,,Заимств.,"-а, м. Заимств.",Целестина,Целестинов,Целестинова,Целестинович,Целестиновна,Словарь русских личных имен Петровского
Ж,Целестина,,,Заимств.,"-ы, ж. Заимств.",Целестины,,,,,Словарь русских личных имен Петровского
Ж,Цецилия,,,,"-и, ж.",Цецилии,,,,,Словарь русских личных имен Петровского
М,Шалва,,,Стар. редк.,"-ы, м. Стар. редк.",Шалвы,Шалвин,Шалвина,Шалвич,Шалвична,Словарь русских личных имен Петровского
Ж,Шушаника,,,Стар. редк.,"-и, ж. Стар. редк.",Шушаники,,,,,Словарь русских личных имен Петровского
Ж,Эвелина,,,Заимств.,"-ы, ж. Заимств.",Эвелины,,,,,Словарь русских личных имен Петровского
М,Эгидий,Егидий,,,"-я, м.; стар. Егидий, -я.",Эгидия,Эгидиев,Эгидиева,Эгидиевич,Эгидиевна,Словарь русских личных имен Петровского
Ж,Эгина,Егина,,,"-ы, ж.; стар. Егина, -ы.",Эгины,,,,,Словарь русских личных имен Петровского
М,Эдикт,Едикт,,,"-а, м.; стар. Едикт, -а.",Эдикта,Эдиктов,Эдиктова,Эдиктович,Эдиктовна,Словарь русских личных имен Петровского
М,Эдуард,,,Заимств.,"-а, м. Заимств.",Эдуарда,Эдуардов,Эдуардова,Эдуардович,Эдуардовна,Словарь русских личных имен Петровского
Ж,Элеонора,,,Заимств.,"-ы, ж. Заимств.",Элеоноры,,,,,Словарь русских личных имен Петровского
М,Элизбар,Елизбар,,,"-а, м.; стар. Елизбар, -а.",Элизбара,Элизбаров,Элизбарова,Элизбарович,Элизбаровна,Словарь русских личных имен Петровского
М,Элий,,,,,,Эльев,Эльева,Элиевич,Элиевна,"(для вариантов преобразования ""старого"" отчества в ""новое"")"
М,Элий,Елий,,,"-я, м.; стар. Елий, -я.",Элия,Элиев,Элиева,Элиевич,Элиевна,Словарь русских личных имен Петровского
М,Элим,Елим,,,"-а, м. и реже Елим, -а.",Элима,Элимов,Элимова,Элимович,Элимовна,Словарь русских личных имен Петровского
Ж,Элла,,Эллада,Разг.,"-ы, ж. Разг. к Эллада (см.).",Эллы,,,,,Словарь русских личных имен Петровского
Ж,Эллада,Элла,,Заимств.,"-ы, ж. Заимств.; разг. Элла, -ы.",Эллады,,,,,Словарь русских личных имен Петровского
М,Элладий,,,,,,Элладьев,Элладьева,Элладиевич,Элладиевна,"(для вариантов преобразования ""старого"" отчества в ""новое"")"
М,Элладий,Елладий,,,"-я, м.; стар. Елладий, -я.",Элладия,Элладиев,Элладиева,Элладиевич,Элладиевна,Словарь русских личных имен Петровского
М,Эллий,,,,,,Элльев,Элльева,Эллиевич,Эллиевна,"(для вариантов преобразования ""старого"" отчества в ""новое"")"
М,Эллий,Еллий,,,"-я, м.; стар. Еллий, -я.",Эллия,Эллиев,Эллиева,Эллиевич,Эллиевна,Словарь русских личных имен Петровского
М,Эллин,Еллин,,,"-а, м.; стар. Еллин, -а.",Эллина,Эллинов,Эллинова,Эллинович,Эллиновна,Словарь русских личных имен Петровского
Ж,Эллина,,,Редк.,"-ы, ж. Редк.",Эллины,,,,,Словарь русских личных имен Петровского
Ж,Эльвира,,,Заимств.,"-ы, ж. Заимств.",Эльвиры,,,,,Словарь русских личных имен Петровского
М,Эмилиан,Емилиан,,,"-а, м.; стар. Емилиан, -а.",Эмилиана,Эмилианов,Эмилианова,Эмилианович,Эмилиановна,Словарь русских личных имен Петровского
Ж,Эмилиана,,,,"-ы, ж.",Эмилианы,,,,,Словарь русских личных имен Петровского
М,Эмилий,,,,,,Эмильев,Эмильева,Эмилиевич,Эмилиевна,"(для вариантов преобразования ""старого"" отчества в ""новое"")"
М,Эмилий,Емилий,,,"-я, м.; стар. Емилий, -я.",Эмилия,Эмилиев,Эмилиева,Эмилиевич,Эмилиевна,Словарь русских личных имен Петровского
Ж,Эмилия,Емилия,,,"-и, ж.; стар. Емилия, -и.",Эмилии,,,,,Словарь русских личных имен Петровского
Ж,Эмма,,,Заимств.,"-ы, ж. Заимств.",Эммы,,,,,Словарь русских личных имен Петровского
М,Эммануил,Еммануил,,,"-а, м.; стар. Еммануил, -а.",Эммануила,Эммануилов,Эммануилова,Эммануилович,Эммануиловна,Словарь русских личных имен Петровского
М,Эней,Еней,,,"-я, м.; стар. Еней, -я.",Энея,Энеев,Энеева,Энеевич,Энеевна,Словарь русских личных имен Петровского
Ж,Энна,,Эннафа,Разг.,"-ы, ж. Разг. к Эннафа (см.).",Энны,,,,,Словарь русских личных имен Петровского
Ж,Эннафа,Энна,,,"-ы, ж.; разг. Энна, -ы; стар. Еннафа, -ы.",Эннафы,,,,,Словарь русских личных имен Петровского
М,Эпиктет,Епиктет,,,"-а, м.; стар. Епиктет, -а.",Эпиктета,Эпиктетов,Эпиктетова,Эпиктетович,Эпиктетовна,Словарь русских личных имен Петровского
Ж,Эра,,,Нов.,"-ы, ж. Нов.",Эры,,,,,Словарь русских личных имен Петровского
М,Эразм,Еразм,,,"-а, м.; стар. Еразм, -а.",Эразма,Эразмов,Эразмова,Эразмович,Эразмовна,Словарь русских личных имен Петровского
М,Эраст,Ераст,,,"-а, м. и реже Ераст, -а.",Эраста,Эрастов,Эрастова,Эрастович,Эрастовна,Словарь русских личных имен Петровского
М,Эрнест,,,Заимств.,"-а, м. Заимств.",Эрнеста,Эрнестов,Эрнестова,Эрнестович,Эрнестовна,Словарь русских личных имен Петровского
М,Эрос,Ерос,,,"-а, м.; стар. Ерос, -а.",Эроса,Эросов,Эросова,Эросович,Эросовна,Словарь русских личных имен Петровского
Ж,Эсфира,,Эсфирь,Разг.,"-ы, ж. Разг. к Эсфирь (см.).",Эсфиры,,,,,Словарь русских личных имен Петровского
Ж,Эсфирь,Есфирь,,,"-и, ж.; разг. Эсфира, -ы; стар. Есфирь, -и.",Эсфири,,,,,Словарь русских личных имен Петровского
М,Ювеналий,,,,,,Ювенальев,Ювенальева,Ювеналиевич,Ювеналиевна,"(для вариантов преобразования ""старого"" отчества в ""новое"")"
М,Ювеналий,Иувеналий,,,"-я, м.; разг. Веналий, -я и Увеналий, -я; стар. Иувеналий, -я.",Ювеналия,Ювеналиев,Ювеналиева,Ювеналиевич,Ювеналиевна,Словарь русских личных имен Петровского
М,Ювентин,Иувентин,,,"-а, м.; стар. Иувентин, -а.",Ювентина,Ювентинов,Ювентинова,Ювентинович,Ювентиновна,Словарь русских личных имен Петровского
Ж,Юдифь,Иудифь,,,"-и, ж.; стар. Иудифь, -и.",Юдифи,,,,,Словарь русских личных имен Петровского
М,Юлиан,Иулиан,,,"-а, м.; разг. Ульян, -а; стар. Иулиан, -а.",Юлиана,Юлианов,Юлианова,Юлианович,Юлиановна,Словарь русских личных имен Петровского
Ж,Юлиана,Ульяна,,,"-ы, ж.; разг. Ульяна 1, -ы; стар. Иулиана, -ы.",Юлианы,,,,,Словарь русских личных имен Петровского
Ж,Юлиания,Иулиания,,,"-и, ж.; разг. Ульяна 2, -ы; стар. Иулиания, -и.",Юлиании,,,,,Словарь русских личных имен Петровского
М,Юлий,,,,,,Юльев,Юльева,Юлиевич,Юлиевна,"(для вариантов преобразования ""старого"" отчества в ""новое"")"
М,Юлий,Иулий,,,"-я, м.; стар. Иулий, -я.",Юлия,Юлиев,Юлиева,Юлиевич,Юлиевна,Словарь русских личных имен Петровского
Ж,Юлия,Иулия,,,"-и, ж.; стар. Иулия, -и.",Юлии,,,,,Словарь русских личных имен Петровского
Ж,Юния,Иуния,,,"-и, ж.; стар. Иуния, -и.",Юнии,,,,,Словарь русских личных имен Петровского
Ж,Юнона,,,Заимств.,"-ы, ж. Заимств.",Юноны,,,,,Словарь русских личных имен Петровского
М,Юрий,,,,,,Юрьев,Юрьева,Юрьевич,Юрьевна,"(для вариантов преобразования ""старого"" отчества в ""новое"")"
М,Юрий,,,,"-я, м.",Юрия,Юриев,Юриева,Юрьевич,Юрьевна,Словарь русских личных имен Петровского
Ж,Юрия,,,,"-и, ж.",Юрии,,,,,Словарь русских личных имен Петровского
М,Юст,Иуст,,,"-а, м. и Иуст, -а.",Юста,Юстов,Юстова,Юстович,Юстовна,Словарь русских личных имен Петровского
М,Юстин,Устин,,,"-а, м.; разг. Устин, -а; прост. Устим, -а; стар. Иустин, -а.",Юстина,Юстинов,Юстинова,Юстинович,Юстиновна,Словарь русских личных имен Петровского
Ж,Юстина,Устина,,,"-ы, ж.; разг. Устина, -ы, Устиния, -и и Устинья, -и; стар. Иустина, -ы.",Юстини,,,,,Словарь русских личных имен Петровского
М,Юстиниан,Иустиниан,,,"-а, м.; стар. Иустиниан, -а.",Юстиниана,Юстинианов,Юстинианова,Юстинианович,Юстиниановна,Словарь русских личных имен Петровского
Ж,Ядвига,,,Заимств.,"-и, ж. Заимств.",Ядвиги,,,,,Словарь русских личных имен Петровского
Ж,Яздундокта,,,Стар. редк.,"-ы, ж. Стар. редк.",Яздундокты,,,,,Словарь русских личных имен Петровского
М,Язон,,Ясон,Разг.,"-а, м. Разг. к Ясон (см.).",Язона,Язонов,Язонова,Ясонович,Ясоновна,(для варианта целевого современного отчества)
М,Язон,,Ясон,Разг.,"-а, м. Разг. к Ясон (см.).",Язона,Язонов,Язонова,Язонович,Язоновна,Словарь русских личных имен Петровского
М,Яким,,,,,Якима,Якимов,Якимова,Якимович,Якимовна,
М,Яков,Иаков,,,"-а, м.; стар. Иаков, -а.",Якова,Яковлев,Яковлева,Яковлевич,Яковлевна,Словарь русских личных имен Петровского
М,Якун,Иакун,,,"-а, м.; стар. Иакун, -а.",Якуна,Якунов,Якунова,Якунович,Якуновна,Словарь русских личных имен Петровского
М,Январий,,Януарий,Разг.,"-я, м. Разг. к Януарий (см.).",Январия,Январиев,Январиева,Януариевич,Януариевна,(для варианта целевого современного отчества)
М,Январий,,,,,,Январьев,Январьева,Январиевич,Январиевна,"(для вариантов преобразования ""старого"" отчества в ""новое"")"
М,Январий,,Януарий,Разг.,"-я, м. Разг. к Януарий (см.).",Январия,Январиев,Январиева,Январиевич,Январиевна,Словарь русских личных имен Петровского
М,Январь,,Януарий,Разг.,"-я, м. Разг. к Януарий (см.).",Января,Январев,Январева,Януариевич,Януариевна,(для варианта целевого современного отчества)
М,Январь,,Януарий,Разг.,"-я, м. Разг. к Януарий (см.).",Января,Январев,Январева,Январьевич,Январьевна,Словарь русских личных имен Петровского
М,Януарий,,,,,,Януарьев,Януарьева,Януариевич,Януариевна,"(для вариантов преобразования ""старого"" отчества в ""новое"")"
М,Януарий,Иануарий,,,"-я, м.; разг. Январий, -я и Январь, -я; стар. Иануарий, -я.",Януария,Януариев,Януариева,Януариевич,Януариевна,Словарь русских личных имен Петровского
М,Ярополк,,,Слав. редк.,"-а, м. Слав. редк.",Ярополка,Ярополков,Ярополкова,Ярополкович,Ярополковна,Словарь русских личных имен Петровского
М,Ярослав,,,Слав.,"-а, м. Слав.",Ярослава,Ярославов,Ярославова,Ярославович,Ярославовна,Словарь русских личных имен Петровского
Ж,Ярослава,,,Слав.,"-ы, ж. Слав.",Ярославы,,,,,Словарь русских личных имен Петровского
М,Ясон,Иасон,,,"-а, м.; разг. Язон, -а; прост. Асон, -а; стар. Иасон, -а.",Ясона,Ясонов,Ясонова,Ясонович,Ясоновна,Словарь русских личных имен Петровского
М,Яфет,Иафет,,,"-а, м.; стар. Иафет, -а.",Яфета,Яфетов,Яфетова,Яфетович,Яфетовна,Словарь русских личных имен Петровского
